Income_Segment,Education,Has_Children,Enrollment_Year,Product,Sales
Medium,Graduation,No Children,2012,Wine,635
Medium,Graduation,Has Children,2014,Wine,11
High,Graduation,No Children,2013,Wine,426
Low,Graduation,Has Children,2014,Wine,11
Medium,PhD,Has Children,2014,Wine,173
High,Master,Has Children,2013,Wine,520
Medium,Graduation,Has Children,2012,Wine,235
Medium,PhD,Has Children,2013,Wine,76
Medium,PhD,Has Children,2013,Wine,14
Low,PhD,Has Children,2014,Wine,28
Medium,Graduation,Has Children,2013,Wine,5
Low,Basic,No Children,2012,Wine,6
High,Graduation,No Children,2013,Wine,194
Medium,Master,Has Children,2013,Wine,233
Low,Graduation,No Children,2012,Wine,3
High,PhD,No Children,2012,Wine,1006
Medium,Graduation,Has Children,2012,Wine,53
Medium,Graduation,No Children,2012,Wine,84
High,Master,Has Children,2013,Wine,1012
Medium,Diploma,Has Children,2012,Wine,4
Medium,Graduation,No Children,2012,Wine,86
Low,Graduation,Has Children,2013,Wine,1
Medium,PhD,Has Children,2012,Wine,867
High,PhD,Has Children,2014,Wine,384
Medium,Graduation,Has Children,2013,Wine,270
Low,Graduation,No Children,2013,Wine,6
Medium,Graduation,Has Children,2013,Wine,173
Medium,Graduation,Has Children,2013,Wine,5
Medium,Graduation,Has Children,2013,Wine,36
High,PhD,No Children,2013,Wine,684
Low,Master,No Children,2014,Wine,8
Medium,Master,No Children,2013,Wine,112
Medium,Graduation,Has Children,2012,Wine,110
Medium,PhD,Has Children,2012,Wine,96
High,Master,No Children,2013,Wine,482
Medium,Master,Has Children,2013,Wine,40
High,PhD,Has Children,2013,Wine,702
Low,Diploma,Has Children,2013,Wine,6
Medium,Graduation,Has Children,2014,Wine,55
Medium,PhD,No Children,2013,Wine,437
High,Graduation,Has Children,2013,Wine,421
Low,Master,Has Children,2013,Wine,13
Low,Graduation,Has Children,2012,Wine,9
Medium,PhD,No Children,2013,Wine,81
Low,Master,Has Children,2013,Wine,3
High,Graduation,No Children,2014,Wine,123
Low,Diploma,No Children,2012,Wine,3
Medium,Graduation,Has Children,2013,Wine,13
Medium,Graduation,Has Children,2014,Wine,48
High,PhD,Has Children,2012,Wine,826
High,Graduation,Has Children,2014,Wine,245
High,Master,No Children,2012,Wine,650
Medium,Graduation,Has Children,2013,Wine,12
High,Graduation,No Children,2014,Wine,510
High,Graduation,Has Children,2013,Wine,328
High,Master,No Children,2012,Wine,984
High,Graduation,No Children,2013,Wine,295
Low,Graduation,Has Children,2014,Wine,13
Medium,Graduation,Has Children,2013,Wine,11
Medium,PhD,Has Children,2014,Wine,447
High,Master,No Children,2013,Wine,712
High,Graduation,Has Children,2012,Wine,452
High,Graduation,Has Children,2013,Wine,523
High,PhD,Has Children,2013,Wine,546
High,Graduation,No Children,2013,Wine,398
Low,Graduation,Has Children,2013,Wine,1
Medium,Graduation,Has Children,2014,Wine,10
High,Diploma,Has Children,2014,Wine,688
High,Graduation,Has Children,2013,Wine,247
High,Graduation,Has Children,2013,Wine,856
High,Master,No Children,2012,Wine,496
Medium,Diploma,Has Children,2012,Wine,25
High,Graduation,Has Children,2013,Wine,258
High,PhD,Has Children,2013,Wine,565
Low,Graduation,No Children,2014,Wine,14
Medium,Graduation,Has Children,2012,Wine,2
High,Master,No Children,2012,Wine,721
High,Graduation,No Children,2012,Wine,1032
Low,Diploma,No Children,2013,Wine,1
Medium,Graduation,No Children,2013,Wine,577
Low,Graduation,Has Children,2012,Wine,64
Low,Graduation,Has Children,2013,Wine,4
Low,Diploma,Has Children,2013,Wine,25
Medium,Master,No Children,2013,Wine,112
High,Graduation,No Children,2014,Wine,163
Low,Graduation,Has Children,2013,Wine,17
Medium,Master,Has Children,2013,Wine,130
Medium,Graduation,Has Children,2014,Wine,292
High,Graduation,No Children,2014,Wine,350
Medium,Graduation,Has Children,2014,Wine,135
Medium,PhD,Has Children,2012,Wine,230
Medium,Graduation,Has Children,2014,Wine,7
Medium,Master,No Children,2013,Wine,445
Medium,Master,Has Children,2014,Wine,15
Low,PhD,Has Children,2014,Wine,27
Medium,Graduation,Has Children,2014,Wine,5
Medium,Graduation,Has Children,2012,Wine,505
Medium,Graduation,Has Children,2013,Wine,51
High,Diploma,No Children,2013,Wine,207
Medium,PhD,No Children,2013,Wine,135
Medium,Diploma,Has Children,2013,Wine,53
Medium,PhD,Has Children,2014,Wine,41
High,Graduation,Has Children,2013,Wine,386
High,PhD,No Children,2013,Wine,562
High,Graduation,No Children,2014,Wine,217
Low,Basic,Has Children,2013,Wine,1
Medium,Graduation,Has Children,2013,Wine,144
Medium,Graduation,Has Children,2013,Wine,295
Medium,Graduation,Has Children,2012,Wine,76
High,Master,No Children,2012,Wine,454
High,Graduation,Has Children,2013,Wine,425
High,PhD,No Children,2012,Wine,1332
Medium,Master,Has Children,2014,Wine,527
High,Graduation,No Children,2013,Wine,490
Medium,PhD,Has Children,2012,Wine,378
Medium,Graduation,Has Children,2013,Wine,64
High,Graduation,No Children,2014,Wine,547
Medium,Diploma,Has Children,2013,Wine,47
Medium,Diploma,Has Children,2013,Wine,12
Low,Graduation,Has Children,2013,Wine,1
Medium,Master,Has Children,2013,Wine,320
Medium,Master,Has Children,2014,Wine,34
Low,Master,Has Children,2013,Wine,9
Medium,Graduation,Has Children,2013,Wine,17
High,Graduation,No Children,2013,Wine,722
High,Diploma,No Children,2013,Wine,162
High,Graduation,No Children,2013,Wine,450
Medium,Master,Has Children,2014,Wine,70
Medium,PhD,Has Children,2013,Wine,352
High,PhD,Has Children,2014,Wine,492
High,Graduation,Has Children,2013,Wine,120
High,Master,Has Children,2013,Wine,534
High,Graduation,No Children,2014,Wine,236
Medium,Graduation,Has Children,2013,Wine,231
Medium,PhD,Has Children,2013,Wine,220
High,PhD,No Children,2013,Wine,796
Low,Basic,Has Children,2012,Wine,0
Medium,PhD,Has Children,2013,Wine,53
Medium,PhD,Has Children,2014,Wine,15
Medium,PhD,Has Children,2013,Wine,17
High,Master,No Children,2012,Wine,962
High,Master,Has Children,2013,Wine,738
High,Graduation,No Children,2013,Wine,399
High,PhD,Has Children,2013,Wine,614
Medium,Graduation,Has Children,2013,Wine,32
Medium,Graduation,Has Children,2012,Wine,598
Low,Graduation,Has Children,2012,Wine,2
Medium,Graduation,Has Children,2013,Wine,6
Medium,Diploma,Has Children,2012,Wine,73
Medium,Master,No Children,2014,Wine,42
Medium,Master,Has Children,2014,Wine,295
High,Graduation,Has Children,2014,Wine,346
Medium,Diploma,Has Children,2012,Wine,233
Medium,Graduation,Has Children,2014,Wine,5
High,PhD,Has Children,2012,Wine,888
High,Graduation,No Children,2013,Wine,997
Medium,Graduation,Has Children,2013,Wine,212
High,Graduation,Has Children,2013,Wine,8
Medium,Graduation,Has Children,2013,Wine,42
High,Graduation,No Children,2013,Wine,536
Medium,Master,Has Children,2013,Wine,5
High,PhD,No Children,2012,Wine,1349
Low,Graduation,Has Children,2014,Wine,53
High,PhD,No Children,2013,Wine,1001
Medium,Graduation,Has Children,2013,Wine,18
High,Graduation,No Children,2013,Wine,125
Medium,Graduation,No Children,2013,Wine,212
High,Graduation,No Children,2013,Wine,277
Low,Graduation,Has Children,2014,Wine,15
Medium,Graduation,Has Children,2014,Wine,7
Low,Graduation,Has Children,2013,Wine,12
Medium,Graduation,Has Children,2014,Wine,85
Medium,PhD,Has Children,2014,Wine,81
Medium,Graduation,Has Children,2014,Wine,59
High,PhD,Has Children,2012,Wine,1149
High,PhD,No Children,2012,Wine,847
Medium,PhD,Has Children,2014,Wine,29
Medium,Graduation,Has Children,2014,Wine,2
High,Diploma,No Children,2013,Wine,207
Medium,PhD,Has Children,2014,Wine,152
Low,Diploma,Has Children,2014,Wine,12
High,Master,No Children,2013,Wine,620
Medium,Master,Has Children,2014,Wine,47
Low,Basic,No Children,2014,Wine,1
Low,Graduation,Has Children,2012,Wine,10
Medium,PhD,Has Children,2014,Wine,35
High,Graduation,Has Children,2013,Wine,356
High,Graduation,No Children,2013,Wine,783
Medium,PhD,Has Children,2013,Wine,42
Low,Basic,Has Children,2012,Wine,1
High,PhD,No Children,2013,Wine,466
Medium,Graduation,Has Children,2013,Wine,23
Medium,Graduation,Has Children,2013,Wine,235
Medium,Graduation,Has Children,2013,Wine,10
High,Master,No Children,2014,Wine,656
High,Graduation,No Children,2013,Wine,519
High,Graduation,No Children,2013,Wine,344
Medium,PhD,Has Children,2014,Wine,96
High,Graduation,Has Children,2014,Wine,448
High,Graduation,No Children,2013,Wine,265
High,Graduation,Has Children,2013,Wine,587
High,PhD,No Children,2012,Wine,763
Medium,PhD,Has Children,2013,Wine,22
Low,Master,No Children,2012,Wine,6
Low,Graduation,Has Children,2013,Wine,7
Medium,Master,Has Children,2013,Wine,81
Medium,Graduation,Has Children,2014,Wine,54
High,Graduation,Has Children,2012,Wine,1170
Medium,Graduation,Has Children,2013,Wine,72
High,Graduation,No Children,2014,Wine,613
Medium,PhD,Has Children,2012,Wine,224
Medium,Master,Has Children,2013,Wine,410
High,Graduation,No Children,2013,Wine,239
Medium,Graduation,Has Children,2014,Wine,171
Medium,Diploma,Has Children,2014,Wine,12
High,Master,No Children,2013,Wine,1076
Medium,Master,Has Children,2013,Wine,182
High,Graduation,Has Children,2012,Wine,824
Medium,Diploma,Has Children,2014,Wine,30
High,Graduation,No Children,2013,Wine,377
High,PhD,Has Children,2014,Wine,520
Medium,PhD,Has Children,2013,Wine,155
High,Graduation,Has Children,2012,Wine,897
Medium,Graduation,Has Children,2013,Wine,131
Medium,Graduation,Has Children,2012,Wine,297
Medium,Graduation,Has Children,2012,Wine,787
High,PhD,No Children,2012,Wine,792
Medium,PhD,Has Children,2014,Wine,4
Medium,Graduation,Has Children,2013,Wine,231
High,Diploma,Has Children,2013,Wine,983
Medium,Graduation,Has Children,2013,Wine,3
Low,Graduation,No Children,2014,Wine,0
High,PhD,Has Children,2013,Wine,562
Low,Diploma,Has Children,2013,Wine,5
Low,Master,Has Children,2013,Wine,18
High,PhD,Has Children,2013,Wine,415
Low,Graduation,Has Children,2013,Wine,5
High,Graduation,No Children,2013,Wine,901
High,Graduation,Has Children,2012,Wine,382
Low,Graduation,Has Children,2013,Wine,14
High,Graduation,No Children,2013,Wine,559
High,Graduation,Has Children,2012,Wine,789
Medium,PhD,Has Children,2014,Wine,11
High,Graduation,Has Children,2013,Wine,1218
High,Graduation,Has Children,2013,Wine,925
High,PhD,No Children,2012,Wine,864
High,Master,Has Children,2012,Wine,960
Medium,Master,Has Children,2013,Wine,16
Low,Graduation,Has Children,2013,Wine,3
High,Graduation,No Children,2013,Wine,168
Low,Diploma,No Children,2012,Wine,45
High,Graduation,Has Children,2012,Wine,650
Medium,PhD,Has Children,2012,Wine,24
High,PhD,Has Children,2012,Wine,918
Medium,Graduation,Has Children,2012,Wine,138
Low,Graduation,Has Children,2013,Wine,12
Medium,PhD,Has Children,2013,Wine,11
Low,Graduation,Has Children,2012,Wine,1
High,PhD,Has Children,2013,Wine,554
Medium,Master,Has Children,2014,Wine,167
Medium,PhD,Has Children,2012,Wine,9
Medium,Master,Has Children,2013,Wine,177
Medium,Master,Has Children,2013,Wine,38
High,Graduation,No Children,2014,Wine,483
Medium,PhD,Has Children,2012,Wine,77
High,Graduation,No Children,2013,Wine,182
Low,Graduation,Has Children,2013,Wine,10
High,Graduation,No Children,2012,Wine,778
Medium,Master,Has Children,2014,Wine,16
High,PhD,Has Children,2014,Wine,167
Low,Graduation,Has Children,2014,Wine,13
Medium,Graduation,Has Children,2013,Wine,33
High,PhD,Has Children,2013,Wine,625
High,Graduation,No Children,2013,Wine,216
High,Master,No Children,2014,Wine,68
High,PhD,No Children,2013,Wine,196
High,Master,Has Children,2013,Wine,635
Low,Basic,Has Children,2013,Wine,4
Medium,Graduation,Has Children,2012,Wine,297
Medium,Graduation,No Children,2012,Wine,84
High,PhD,Has Children,2014,Wine,204
Medium,Master,Has Children,2014,Wine,26
Medium,Graduation,Has Children,2013,Wine,15
High,Graduation,No Children,2013,Wine,304
Medium,Master,Has Children,2013,Wine,285
High,Graduation,No Children,2014,Wine,395
Medium,Master,No Children,2013,Wine,248
Medium,Diploma,No Children,2013,Wine,20
Medium,Graduation,Has Children,2013,Wine,39
High,Graduation,No Children,2012,Wine,777
Low,Graduation,Has Children,2014,Wine,8
Low,Graduation,Has Children,2013,Wine,9
Medium,Master,Has Children,2012,Wine,1241
Medium,Diploma,Has Children,2013,Wine,6
Medium,Master,Has Children,2013,Wine,65
High,Graduation,No Children,2013,Wine,395
Medium,PhD,Has Children,2014,Wine,801
Medium,Graduation,Has Children,2014,Wine,36
Medium,Diploma,Has Children,2013,Wine,513
Medium,PhD,Has Children,2014,Wine,37
Medium,Graduation,Has Children,2014,Wine,80
Low,Graduation,Has Children,2013,Wine,14
High,Master,No Children,2013,Wine,525
Low,Graduation,No Children,2012,Wine,1
High,Graduation,No Children,2014,Wine,675
High,Master,Has Children,2013,Wine,509
Medium,Master,No Children,2013,Wine,154
Low,Graduation,Has Children,2014,Wine,3
Low,Graduation,Has Children,2013,Wine,25
Medium,Graduation,No Children,2013,Wine,861
High,Master,No Children,2013,Wine,768
Medium,Graduation,Has Children,2013,Wine,185
Low,Master,Has Children,2014,Wine,24
Medium,Graduation,Has Children,2013,Wine,44
High,Graduation,Has Children,2012,Wine,91
Medium,Graduation,Has Children,2013,Wine,11
Medium,Graduation,Has Children,2013,Wine,738
High,Graduation,Has Children,2013,Wine,412
Medium,Graduation,Has Children,2013,Wine,3
Medium,PhD,Has Children,2014,Wine,16
High,PhD,Has Children,2013,Wine,731
Medium,Graduation,Has Children,2013,Wine,424
High,Graduation,No Children,2013,Wine,792
Low,PhD,Has Children,2013,Wine,21
Low,Graduation,Has Children,2013,Wine,22
Medium,PhD,Has Children,2013,Wine,33
Low,PhD,Has Children,2013,Wine,68
Low,Graduation,Has Children,2013,Wine,9
Medium,PhD,No Children,2013,Wine,40
High,PhD,Has Children,2013,Wine,909
Medium,Master,Has Children,2013,Wine,23
Low,Graduation,Has Children,2013,Wine,11
High,Graduation,Has Children,2012,Wine,317
High,Graduation,No Children,2012,Wine,797
Medium,Graduation,Has Children,2012,Wine,10
High,Graduation,No Children,2013,Wine,856
High,Graduation,No Children,2012,Wine,456
Medium,Graduation,No Children,2013,Wine,37
Medium,PhD,Has Children,2012,Wine,1103
Medium,PhD,Has Children,2013,Wine,378
Low,Basic,Has Children,2013,Wine,1
High,Graduation,No Children,2013,Wine,204
Medium,Graduation,Has Children,2013,Wine,30
High,Graduation,No Children,2014,Wine,189
Medium,Graduation,Has Children,2012,Wine,15
Medium,Master,Has Children,2014,Wine,9
High,Graduation,Has Children,2013,Wine,495
High,Graduation,Has Children,2013,Wine,656
High,PhD,No Children,2013,Wine,452
High,Graduation,No Children,2012,Wine,546
Medium,PhD,Has Children,2012,Wine,1048
Medium,Graduation,Has Children,2013,Wine,22
Medium,Graduation,Has Children,2013,Wine,78
High,PhD,No Children,2012,Wine,561
High,Master,No Children,2013,Wine,629
Medium,PhD,Has Children,2013,Wine,269
High,Graduation,No Children,2012,Wine,736
High,PhD,Has Children,2014,Wine,512
Low,Graduation,Has Children,2014,Wine,19
Medium,PhD,Has Children,2012,Wine,9
Medium,Graduation,Has Children,2012,Wine,247
Medium,Graduation,Has Children,2012,Wine,404
High,Graduation,No Children,2013,Wine,333
Medium,Graduation,Has Children,2013,Wine,2
High,Graduation,No Children,2012,Wine,833
Medium,PhD,Has Children,2012,Wine,789
Medium,Diploma,Has Children,2014,Wine,10
Medium,Graduation,Has Children,2012,Wine,159
Low,Master,Has Children,2013,Wine,7
High,Graduation,Has Children,2012,Wine,977
Medium,PhD,Has Children,2013,Wine,38
Medium,Master,Has Children,2012,Wine,57
Low,Graduation,No Children,2013,Wine,3
Medium,Graduation,Has Children,2012,Wine,10
High,PhD,Has Children,2013,Wine,1043
Medium,Graduation,Has Children,2013,Wine,3
Medium,PhD,Has Children,2013,Wine,11
Low,Graduation,Has Children,2013,Wine,3
Low,Graduation,No Children,2012,Wine,43
Medium,Diploma,Has Children,2012,Wine,73
Medium,Master,Has Children,2014,Wine,12
Low,Graduation,Has Children,2013,Wine,4
Medium,Master,Has Children,2013,Wine,314
High,Graduation,Has Children,2012,Wine,571
Medium,Graduation,Has Children,2012,Wine,70
High,PhD,Has Children,2013,Wine,866
High,Graduation,No Children,2014,Wine,594
High,Master,Has Children,2013,Wine,140
High,Graduation,No Children,2014,Wine,375
Medium,PhD,No Children,2013,Wine,102
High,Master,Has Children,2014,Wine,554
High,PhD,No Children,2013,Wine,919
Medium,Graduation,Has Children,2012,Wine,96
Low,Graduation,Has Children,2012,Wine,5
Low,Graduation,Has Children,2012,Wine,2
Low,Diploma,Has Children,2012,Wine,6
Medium,Diploma,Has Children,2013,Wine,23
High,Graduation,No Children,2012,Wine,610
Medium,Graduation,Has Children,2013,Wine,67
Medium,Graduation,No Children,2013,Wine,65
Medium,PhD,Has Children,2013,Wine,416
Medium,Graduation,Has Children,2014,Wine,23
Low,PhD,Has Children,2012,Wine,19
High,PhD,Has Children,2014,Wine,155
Medium,PhD,Has Children,2013,Wine,14
Medium,Graduation,Has Children,2012,Wine,370
Low,Diploma,Has Children,2012,Wine,4
Medium,Graduation,Has Children,2012,Wine,407
High,PhD,Has Children,2013,Wine,1200
Medium,Graduation,Has Children,2012,Wine,85
High,Graduation,Has Children,2013,Wine,583
High,PhD,No Children,2014,Wine,483
Low,Diploma,Has Children,2013,Wine,2
High,Graduation,No Children,2014,Wine,966
High,Graduation,No Children,2013,Wine,822
Medium,Master,Has Children,2013,Wine,604
Medium,PhD,Has Children,2014,Wine,19
Medium,Graduation,Has Children,2014,Wine,5
Low,Master,Has Children,2014,Wine,2
High,Master,No Children,2013,Wine,1076
High,PhD,No Children,2013,Wine,1285
Medium,Graduation,Has Children,2013,Wine,10
High,Graduation,No Children,2014,Wine,551
High,Graduation,Has Children,2014,Wine,800
Low,Diploma,Has Children,2014,Wine,2
High,Graduation,Has Children,2013,Wine,378
High,PhD,No Children,2013,Wine,1248
Medium,Graduation,Has Children,2012,Wine,235
High,Diploma,Has Children,2013,Wine,515
High,Graduation,Has Children,2013,Wine,438
Medium,Graduation,Has Children,2014,Wine,25
Medium,Master,Has Children,2013,Wine,31
High,Graduation,Has Children,2013,Wine,357
Medium,Master,Has Children,2013,Wine,400
Medium,PhD,Has Children,2013,Wine,99
Low,Diploma,Has Children,2013,Wine,1
Low,Graduation,Has Children,2013,Wine,5
Medium,PhD,Has Children,2013,Wine,77
Low,Graduation,No Children,2013,Wine,3
Medium,Graduation,Has Children,2012,Wine,10
Low,Diploma,No Children,2014,Wine,0
Low,Graduation,No Children,2013,Wine,0
Medium,Master,Has Children,2013,Wine,76
High,Graduation,No Children,2013,Wine,398
Low,Graduation,Has Children,2013,Wine,14
Medium,PhD,Has Children,2013,Wine,208
Medium,Graduation,Has Children,2013,Wine,430
Medium,Graduation,Has Children,2013,Wine,656
Medium,Master,Has Children,2013,Wine,14
High,Diploma,Has Children,2013,Wine,141
High,Graduation,Has Children,2012,Wine,507
Medium,Graduation,Has Children,2012,Wine,164
High,Diploma,No Children,2012,Wine,606
Medium,Master,Has Children,2013,Wine,116
Medium,Graduation,Has Children,2014,Wine,143
High,Diploma,No Children,2012,Wine,398
High,Graduation,Has Children,2014,Wine,522
High,Graduation,No Children,2013,Wine,161
Medium,PhD,Has Children,2014,Wine,112
High,Graduation,No Children,2014,Wine,483
Medium,Graduation,Has Children,2014,Wine,7
High,PhD,No Children,2014,Wine,789
High,PhD,No Children,2013,Wine,1239
Medium,Graduation,Has Children,2012,Wine,4
Medium,Graduation,Has Children,2014,Wine,335
Medium,PhD,Has Children,2012,Wine,639
High,Graduation,Has Children,2013,Wine,563
Medium,Graduation,Has Children,2013,Wine,2
Medium,PhD,Has Children,2012,Wine,746
Medium,Graduation,Has Children,2013,Wine,22
Low,Graduation,Has Children,2014,Wine,4
High,Graduation,Has Children,2013,Wine,478
Medium,PhD,Has Children,2014,Wine,20
Medium,Master,Has Children,2014,Wine,451
High,PhD,Has Children,2012,Wine,371
Medium,Graduation,Has Children,2012,Wine,281
Medium,Master,Has Children,2013,Wine,19
Medium,Master,Has Children,2013,Wine,26
Medium,Graduation,Has Children,2012,Wine,138
Medium,Graduation,Has Children,2013,Wine,213
High,Master,No Children,2012,Wine,407
High,PhD,No Children,2012,Wine,483
High,Master,Has Children,2013,Wine,738
High,Graduation,Has Children,2013,Wine,502
Low,Graduation,Has Children,2014,Wine,11
Low,Diploma,No Children,2012,Wine,24
High,PhD,Has Children,2012,Wine,1170
Medium,Graduation,Has Children,2012,Wine,185
High,Graduation,No Children,2013,Wine,983
Medium,Master,Has Children,2013,Wine,691
Medium,PhD,No Children,2013,Wine,504
Medium,Master,Has Children,2013,Wine,317
Medium,Graduation,Has Children,2014,Wine,29
High,PhD,Has Children,2013,Wine,1396
High,PhD,Has Children,2014,Wine,529
High,Graduation,No Children,2013,Wine,388
Low,Graduation,Has Children,2012,Wine,13
Medium,Master,Has Children,2013,Wine,28
Low,Basic,No Children,2012,Wine,16
High,PhD,Has Children,2012,Wine,1047
Medium,Master,Has Children,2013,Wine,31
Medium,Graduation,No Children,2012,Wine,815
High,Graduation,Has Children,2013,Wine,225
High,Graduation,No Children,2013,Wine,493
Medium,Graduation,No Children,2013,Wine,34
High,Graduation,Has Children,2012,Wine,382
Medium,PhD,Has Children,2013,Wine,127
High,Graduation,Has Children,2013,Wine,325
Medium,Graduation,Has Children,2013,Wine,238
High,Master,No Children,2014,Wine,1168
Medium,PhD,Has Children,2013,Wine,284
High,Master,No Children,2013,Wine,1288
Medium,Graduation,Has Children,2013,Wine,65
Low,Graduation,Has Children,2013,Wine,11
High,Graduation,No Children,2013,Wine,227
High,Master,No Children,2014,Wine,1035
Medium,Graduation,Has Children,2014,Wine,27
High,Master,No Children,2014,Wine,982
Medium,Graduation,No Children,2013,Wine,179
High,Graduation,No Children,2012,Wine,1379
Low,Graduation,Has Children,2012,Wine,32
Medium,Graduation,Has Children,2012,Wine,8
High,PhD,No Children,2013,Wine,881
Medium,Master,No Children,2014,Wine,141
High,Graduation,No Children,2012,Wine,1000
Medium,PhD,Has Children,2013,Wine,206
Medium,Diploma,Has Children,2013,Wine,162
High,Graduation,Has Children,2013,Wine,619
Medium,Master,Has Children,2014,Wine,456
High,Graduation,Has Children,2013,Wine,112
Low,Graduation,Has Children,2013,Wine,11
Medium,Master,Has Children,2013,Wine,172
Medium,Graduation,Has Children,2014,Wine,78
High,Graduation,No Children,2014,Wine,464
Medium,Diploma,Has Children,2013,Wine,99
Low,Master,Has Children,2013,Wine,19
Low,Diploma,Has Children,2013,Wine,1
Medium,Graduation,Has Children,2012,Wine,63
Medium,PhD,Has Children,2012,Wine,252
High,PhD,No Children,2013,Wine,1478
Medium,Graduation,Has Children,2013,Wine,198
Low,Diploma,Has Children,2014,Wine,8
High,Graduation,No Children,2014,Wine,416
Medium,Graduation,Has Children,2013,Wine,42
Low,Graduation,Has Children,2014,Wine,14
Low,Master,Has Children,2014,Wine,17
Medium,Diploma,Has Children,2014,Wine,15
Low,Graduation,Has Children,2014,Wine,6
High,PhD,Has Children,2014,Wine,458
Low,Graduation,No Children,2013,Wine,30
High,Master,No Children,2013,Wine,179
Medium,Graduation,Has Children,2012,Wine,90
Medium,PhD,Has Children,2013,Wine,308
High,Graduation,No Children,2013,Wine,557
Low,Diploma,No Children,2013,Wine,7
High,Graduation,Has Children,2013,Wine,1492
Medium,Graduation,Has Children,2013,Wine,30
High,Graduation,No Children,2013,Wine,249
High,Master,Has Children,2013,Wine,465
High,Diploma,Has Children,2014,Wine,129
Medium,PhD,Has Children,2013,Wine,174
Medium,PhD,Has Children,2014,Wine,189
High,Graduation,Has Children,2012,Wine,747
Low,Master,Has Children,2013,Wine,6
Medium,Graduation,Has Children,2013,Wine,14
Medium,Graduation,Has Children,2012,Wine,12
Medium,Graduation,Has Children,2012,Wine,98
Medium,PhD,Has Children,2014,Wine,32
Medium,Diploma,Has Children,2013,Wine,51
High,PhD,Has Children,2013,Wine,200
Medium,Master,Has Children,2013,Wine,25
High,PhD,Has Children,2013,Wine,1050
Medium,Graduation,Has Children,2014,Wine,117
Low,Graduation,Has Children,2013,Wine,9
Medium,PhD,Has Children,2013,Wine,56
Medium,Master,Has Children,2013,Wine,145
Medium,PhD,Has Children,2012,Wine,203
Medium,Graduation,Has Children,2013,Wine,270
Medium,Diploma,Has Children,2013,Wine,9
Low,Master,No Children,2013,Wine,37
Medium,Graduation,Has Children,2014,Wine,46
Low,Diploma,Has Children,2014,Wine,31
High,Graduation,No Children,2012,Wine,1060
High,Master,Has Children,2013,Wine,264
Medium,Graduation,Has Children,2014,Wine,399
Low,Graduation,No Children,2013,Wine,8
Medium,PhD,Has Children,2012,Wine,19
High,Master,No Children,2012,Wine,817
High,Master,No Children,2013,Wine,292
Medium,Graduation,Has Children,2014,Wine,12
Medium,PhD,No Children,2013,Wine,130
Low,Master,Has Children,2013,Wine,6
Low,Graduation,Has Children,2012,Wine,16
Medium,Master,Has Children,2013,Wine,19
Low,Diploma,Has Children,2013,Wine,4
Medium,Graduation,Has Children,2012,Wine,31
Medium,Graduation,Has Children,2013,Wine,36
High,Graduation,Has Children,2012,Wine,526
High,Graduation,No Children,2013,Wine,400
High,PhD,Has Children,2012,Wine,410
Medium,Master,Has Children,2013,Wine,80
Low,Master,Has Children,2012,Wine,88
Medium,Graduation,Has Children,2014,Wine,55
Low,Graduation,Has Children,2013,Wine,5
Medium,Basic,Has Children,2012,Wine,8
High,Graduation,No Children,2014,Wine,410
Low,Master,No Children,2013,Wine,101
Medium,Master,No Children,2013,Wine,162
Low,Basic,Has Children,2012,Wine,2
Low,Graduation,Has Children,2013,Wine,25
Medium,PhD,No Children,2012,Wine,389
Medium,Graduation,Has Children,2013,Wine,215
Medium,Master,Has Children,2013,Wine,27
Medium,Graduation,Has Children,2013,Wine,5
Medium,Master,Has Children,2012,Wine,179
Medium,PhD,Has Children,2013,Wine,352
Medium,Graduation,No Children,2013,Wine,17
High,Graduation,No Children,2014,Wine,625
Medium,Diploma,Has Children,2013,Wine,10
High,Diploma,No Children,2013,Wine,390
Low,Graduation,Has Children,2013,Wine,10
High,Graduation,Has Children,2013,Wine,215
High,Graduation,Has Children,2012,Wine,1001
Medium,PhD,Has Children,2012,Wine,19
Low,Graduation,Has Children,2012,Wine,41
High,PhD,Has Children,2013,Wine,1181
High,PhD,No Children,2014,Wine,603
High,Diploma,Has Children,2014,Wine,129
Medium,Diploma,No Children,2014,Wine,10
High,Graduation,No Children,2013,Wine,514
Medium,Graduation,Has Children,2014,Wine,14
High,Graduation,No Children,2013,Wine,387
Medium,Graduation,Has Children,2013,Wine,121
High,Master,Has Children,2012,Wine,965
High,Graduation,Has Children,2013,Wine,707
High,Graduation,Has Children,2012,Wine,571
High,PhD,No Children,2014,Wine,586
High,PhD,Has Children,2012,Wine,1063
Medium,Graduation,Has Children,2013,Wine,305
High,Master,No Children,2013,Wine,1200
Medium,PhD,Has Children,2013,Wine,163
High,Graduation,No Children,2013,Wine,1009
Medium,Master,Has Children,2013,Wine,125
High,Master,Has Children,2014,Wine,721
High,Graduation,Has Children,2013,Wine,315
High,Master,No Children,2014,Wine,1000
Low,Graduation,Has Children,2012,Wine,16
High,Graduation,Has Children,2012,Wine,757
Medium,PhD,Has Children,2014,Wine,30
Medium,Graduation,Has Children,2012,Wine,219
High,Graduation,Has Children,2014,Wine,111
Low,Diploma,No Children,2012,Wine,45
High,PhD,Has Children,2013,Wine,410
Medium,PhD,Has Children,2013,Wine,100
Medium,Graduation,Has Children,2012,Wine,509
Low,Graduation,Has Children,2013,Wine,3
Medium,Graduation,Has Children,2013,Wine,445
Low,Basic,No Children,2012,Wine,2
Low,Master,No Children,2013,Wine,4
Low,Graduation,No Children,2012,Wine,6
Medium,PhD,Has Children,2013,Wine,14
Low,Basic,Has Children,2013,Wine,1
Low,PhD,Has Children,2013,Wine,26
Medium,Diploma,Has Children,2013,Wine,111
Medium,PhD,Has Children,2013,Wine,418
Medium,Master,Has Children,2013,Wine,327
High,Graduation,Has Children,2012,Wine,371
High,Graduation,Has Children,2013,Wine,275
Medium,PhD,Has Children,2012,Wine,789
Low,Graduation,Has Children,2014,Wine,1
High,PhD,Has Children,2012,Wine,1004
High,Graduation,No Children,2014,Wine,187
Medium,Diploma,Has Children,2013,Wine,56
High,PhD,No Children,2013,Wine,365
High,Graduation,Has Children,2013,Wine,595
High,Graduation,No Children,2012,Wine,1132
Medium,Diploma,No Children,2013,Wine,34
Medium,Graduation,Has Children,2013,Wine,116
High,Graduation,No Children,2013,Wine,565
High,PhD,Has Children,2013,Wine,372
High,PhD,No Children,2012,Wine,899
High,PhD,No Children,2014,Wine,760
High,PhD,No Children,2013,Wine,260
Medium,PhD,Has Children,2012,Wine,459
High,Graduation,No Children,2013,Wine,466
Medium,Master,Has Children,2013,Wine,67
Low,Basic,No Children,2013,Wine,2
Medium,Master,Has Children,2013,Wine,67
High,Master,Has Children,2013,Wine,92
Medium,Graduation,No Children,2014,Wine,4
Low,PhD,Has Children,2013,Wine,20
Medium,Graduation,No Children,2013,Wine,273
High,Graduation,No Children,2014,Wine,434
High,Graduation,Has Children,2013,Wine,321
High,Graduation,Has Children,2014,Wine,212
High,Graduation,Has Children,2014,Wine,909
High,Master,No Children,2014,Wine,1184
Medium,Master,Has Children,2013,Wine,112
High,Graduation,Has Children,2013,Wine,656
Medium,PhD,Has Children,2014,Wine,23
Medium,Graduation,Has Children,2013,Wine,537
High,PhD,Has Children,2013,Wine,712
Medium,Master,Has Children,2013,Wine,23
Low,Graduation,Has Children,2013,Wine,1
Medium,Master,Has Children,2012,Wine,664
Medium,Graduation,Has Children,2013,Wine,6
Medium,Graduation,No Children,2013,Wine,299
Medium,Graduation,Has Children,2013,Wine,99
High,PhD,No Children,2012,Wine,749
High,Diploma,No Children,2012,Wine,345
Low,Graduation,Has Children,2013,Wine,9
Medium,Graduation,Has Children,2013,Wine,440
Medium,Graduation,Has Children,2014,Wine,8
High,Master,Has Children,2012,Wine,670
Medium,Graduation,No Children,2013,Wine,524
Low,PhD,Has Children,2014,Wine,6
High,Graduation,No Children,2013,Wine,597
Low,Graduation,Has Children,2012,Wine,7
Medium,Graduation,Has Children,2014,Wine,54
High,Graduation,No Children,2013,Wine,445
High,Master,No Children,2014,Wine,294
Medium,Master,Has Children,2013,Wine,292
High,Graduation,No Children,2013,Wine,412
Medium,PhD,Has Children,2013,Wine,8
Medium,PhD,Has Children,2012,Wine,349
High,Graduation,Has Children,2013,Wine,328
Medium,PhD,Has Children,2013,Wine,144
High,Graduation,Has Children,2013,Wine,1126
High,Graduation,No Children,2014,Wine,967
High,Graduation,Has Children,2013,Wine,432
High,Master,Has Children,2014,Wine,138
Low,Basic,Has Children,2013,Wine,0
High,Graduation,Has Children,2012,Wine,509
High,PhD,Has Children,2013,Wine,948
Medium,Master,Has Children,2013,Wine,39
Medium,PhD,Has Children,2014,Wine,28
Medium,Diploma,Has Children,2013,Wine,13
High,Graduation,No Children,2014,Wine,307
High,Graduation,No Children,2013,Wine,901
Low,Diploma,Has Children,2013,Wine,2
High,Graduation,No Children,2014,Wine,283
Medium,Graduation,Has Children,2013,Wine,4
High,Diploma,No Children,2014,Wine,769
High,PhD,No Children,2013,Wine,518
Medium,PhD,Has Children,2013,Wine,350
Medium,Graduation,Has Children,2013,Wine,445
High,Graduation,No Children,2013,Wine,778
High,Graduation,No Children,2014,Wine,709
High,Diploma,No Children,2013,Wine,359
High,PhD,Has Children,2012,Wine,799
Medium,Graduation,Has Children,2013,Wine,895
Medium,Master,Has Children,2013,Wine,40
Medium,PhD,Has Children,2014,Wine,76
Medium,Diploma,Has Children,2013,Wine,11
High,Graduation,Has Children,2014,Wine,245
High,Master,No Children,2013,Wine,647
Medium,PhD,Has Children,2013,Wine,39
High,Graduation,No Children,2014,Wine,203
Medium,Graduation,Has Children,2013,Wine,138
High,Graduation,No Children,2012,Wine,587
High,Graduation,No Children,2012,Wine,595
Medium,Diploma,Has Children,2013,Wine,43
High,Master,Has Children,2013,Wine,301
High,Graduation,Has Children,2013,Wine,180
High,PhD,No Children,2013,Wine,794
Medium,Graduation,Has Children,2013,Wine,392
Medium,Graduation,Has Children,2013,Wine,39
Low,PhD,Has Children,2012,Wine,107
Medium,Graduation,Has Children,2013,Wine,13
Medium,PhD,Has Children,2013,Wine,70
High,PhD,No Children,2014,Wine,680
Medium,Master,Has Children,2013,Wine,26
High,Graduation,Has Children,2013,Wine,522
High,PhD,No Children,2014,Wine,412
Medium,Graduation,Has Children,2014,Wine,6
Low,Graduation,Has Children,2014,Wine,2
Medium,Graduation,Has Children,2014,Wine,1
Medium,Graduation,Has Children,2013,Wine,6
Low,Basic,Has Children,2012,Wine,4
Low,Master,Has Children,2014,Wine,18
Medium,PhD,Has Children,2013,Wine,324
Medium,Master,Has Children,2014,Wine,327
Medium,Graduation,Has Children,2012,Wine,229
High,Master,No Children,2013,Wine,521
High,PhD,No Children,2012,Wine,184
Low,Graduation,No Children,2013,Wine,4
Medium,Graduation,Has Children,2013,Wine,183
Medium,Graduation,Has Children,2013,Wine,31
Medium,Master,No Children,2013,Wine,219
High,PhD,Has Children,2014,Wine,479
High,Diploma,Has Children,2012,Wine,584
High,Graduation,No Children,2013,Wine,627
Low,Graduation,Has Children,2013,Wine,24
High,Master,Has Children,2013,Wine,330
Medium,Graduation,Has Children,2013,Wine,19
Medium,Graduation,Has Children,2013,Wine,28
High,PhD,No Children,2013,Wine,606
Medium,Graduation,No Children,2013,Wine,1039
Medium,Master,Has Children,2013,Wine,411
Medium,Master,Has Children,2014,Wine,34
Medium,Graduation,Has Children,2013,Wine,161
Medium,Graduation,Has Children,2013,Wine,623
High,Graduation,Has Children,2013,Wine,604
Low,Graduation,No Children,2013,Wine,3
Low,Graduation,Has Children,2013,Wine,12
High,Graduation,No Children,2014,Wine,184
Medium,Master,Has Children,2013,Wine,393
High,PhD,No Children,2013,Wine,410
High,PhD,Has Children,2014,Wine,376
Medium,Graduation,Has Children,2014,Wine,7
Low,Graduation,No Children,2012,Wine,68
High,Graduation,Has Children,2014,Wine,642
Low,Diploma,Has Children,2013,Wine,8
High,PhD,No Children,2013,Wine,840
Low,Graduation,Has Children,2013,Wine,7
Medium,Graduation,No Children,2014,Wine,464
Low,Graduation,No Children,2013,Wine,30
High,Graduation,Has Children,2013,Wine,1492
High,Diploma,Has Children,2013,Wine,752
High,Graduation,Has Children,2013,Wine,1279
Medium,Graduation,Has Children,2013,Wine,22
High,PhD,Has Children,2013,Wine,860
Low,Graduation,Has Children,2014,Wine,3
Medium,PhD,Has Children,2013,Wine,10
Medium,Graduation,No Children,2012,Wine,351
Medium,PhD,Has Children,2013,Wine,421
Low,Diploma,Has Children,2013,Wine,2
Medium,Graduation,Has Children,2013,Wine,25
High,Graduation,Has Children,2013,Wine,336
Medium,Master,Has Children,2013,Wine,191
High,Graduation,No Children,2012,Wine,563
Medium,Diploma,Has Children,2013,Wine,31
Medium,Graduation,Has Children,2014,Wine,479
Medium,Graduation,Has Children,2013,Wine,18
Medium,Graduation,Has Children,2012,Wine,91
Medium,Graduation,Has Children,2014,Wine,5
Low,Graduation,Has Children,2012,Wine,2
High,Diploma,No Children,2013,Wine,362
High,Graduation,No Children,2014,Wine,724
High,Diploma,No Children,2012,Wine,605
Medium,Master,Has Children,2012,Wine,547
Medium,Graduation,Has Children,2013,Wine,104
Low,Graduation,Has Children,2013,Wine,8
Medium,Graduation,Has Children,2013,Wine,224
High,PhD,Has Children,2014,Wine,384
High,Diploma,No Children,2012,Wine,556
Medium,PhD,Has Children,2014,Wine,24
Medium,PhD,Has Children,2014,Wine,408
High,Graduation,Has Children,2013,Wine,265
Medium,Master,Has Children,2014,Wine,34
Medium,Graduation,Has Children,2013,Wine,374
Medium,Graduation,Has Children,2012,Wine,27
High,Diploma,No Children,2013,Wine,600
Low,Graduation,Has Children,2014,Wine,13
Medium,Master,Has Children,2014,Wine,167
Low,Graduation,No Children,2013,Wine,0
Medium,Diploma,Has Children,2012,Wine,46
Medium,Diploma,Has Children,2013,Wine,88
Medium,PhD,Has Children,2013,Wine,243
Medium,Master,Has Children,2013,Wine,275
Low,Master,Has Children,2013,Wine,6
Medium,Graduation,Has Children,2013,Wine,121
Medium,Graduation,Has Children,2012,Wine,4
High,PhD,No Children,2013,Wine,1308
High,Graduation,Has Children,2014,Wine,515
Low,Graduation,Has Children,2014,Wine,4
Medium,Diploma,Has Children,2014,Wine,48
High,Master,Has Children,2013,Wine,562
High,Graduation,No Children,2013,Wine,769
Medium,Master,Has Children,2013,Wine,379
Medium,Graduation,Has Children,2013,Wine,29
High,Master,No Children,2014,Wine,387
Low,Diploma,Has Children,2013,Wine,12
Low,Graduation,Has Children,2014,Wine,6
Medium,Graduation,Has Children,2012,Wine,27
Medium,Graduation,Has Children,2013,Wine,9
Medium,Diploma,Has Children,2014,Wine,22
High,PhD,No Children,2012,Wine,899
High,PhD,No Children,2013,Wine,889
Medium,PhD,Has Children,2012,Wine,189
Medium,Graduation,Has Children,2013,Wine,48
Medium,Graduation,Has Children,2013,Wine,230
High,Master,No Children,2013,Wine,852
Medium,Graduation,Has Children,2013,Wine,35
Medium,Master,Has Children,2012,Wine,205
High,Graduation,No Children,2014,Wine,255
Low,Basic,Has Children,2014,Wine,0
Medium,PhD,No Children,2013,Wine,437
Medium,PhD,Has Children,2012,Wine,825
High,Graduation,Has Children,2013,Wine,316
High,Graduation,Has Children,2014,Wine,756
Medium,PhD,Has Children,2013,Wine,194
Low,Graduation,Has Children,2013,Wine,7
High,Graduation,No Children,2013,Wine,183
Medium,Graduation,Has Children,2013,Wine,171
High,Graduation,No Children,2013,Wine,243
Medium,Graduation,No Children,2013,Wine,181
Medium,Graduation,Has Children,2013,Wine,151
High,Graduation,No Children,2014,Wine,494
High,Graduation,No Children,2013,Wine,464
Medium,Graduation,Has Children,2013,Wine,5
Medium,Graduation,Has Children,2014,Wine,29
Medium,PhD,No Children,2014,Wine,102
High,PhD,No Children,2013,Wine,604
High,Graduation,No Children,2013,Wine,571
Medium,PhD,Has Children,2013,Wine,953
Medium,Master,Has Children,2013,Wine,63
High,Graduation,No Children,2012,Wine,770
High,Graduation,No Children,2013,Wine,398
High,Master,No Children,2013,Wine,741
High,PhD,No Children,2013,Wine,1478
Medium,Diploma,Has Children,2013,Wine,156
High,PhD,No Children,2013,Wine,960
Medium,PhD,Has Children,2014,Wine,38
High,Graduation,No Children,2013,Wine,315
Medium,Master,Has Children,2013,Wine,15
Medium,PhD,Has Children,2014,Wine,19
High,Graduation,Has Children,2014,Wine,812
Low,Master,No Children,2012,Wine,73
High,Graduation,No Children,2014,Wine,372
High,Diploma,No Children,2013,Wine,871
High,Graduation,No Children,2014,Wine,375
High,PhD,Has Children,2013,Wine,760
High,PhD,No Children,2014,Wine,471
Medium,Graduation,Has Children,2014,Wine,31
High,PhD,Has Children,2012,Wine,819
Low,Basic,Has Children,2012,Wine,1
High,Graduation,No Children,2014,Wine,203
Medium,PhD,Has Children,2014,Wine,26
High,Graduation,No Children,2013,Wine,354
High,PhD,Has Children,2013,Wine,1253
Medium,Graduation,Has Children,2013,Wine,371
High,PhD,Has Children,2013,Wine,588
High,Diploma,Has Children,2013,Wine,480
Medium,PhD,Has Children,2013,Wine,517
High,Graduation,No Children,2013,Wine,267
High,Graduation,No Children,2013,Wine,1111
Low,Basic,No Children,2012,Wine,7
Medium,PhD,No Children,2012,Wine,1166
Medium,Diploma,Has Children,2014,Wine,261
High,Graduation,Has Children,2013,Wine,135
Medium,Graduation,Has Children,2013,Wine,6
High,Diploma,Has Children,2012,Wine,711
Low,PhD,Has Children,2014,Wine,11
Medium,PhD,Has Children,2014,Wine,42
Medium,Master,Has Children,2013,Wine,79
Medium,PhD,Has Children,2013,Wine,20
Medium,Master,Has Children,2014,Wine,30
Low,PhD,Has Children,2013,Wine,20
Medium,Graduation,Has Children,2012,Wine,115
Medium,Graduation,Has Children,2012,Wine,263
Medium,Graduation,Has Children,2014,Wine,69
Medium,PhD,Has Children,2013,Wine,267
High,Graduation,Has Children,2012,Wine,561
Medium,PhD,Has Children,2014,Wine,492
Medium,Master,Has Children,2012,Wine,14
Medium,PhD,Has Children,2013,Wine,80
Medium,Graduation,Has Children,2014,Wine,97
Medium,Graduation,Has Children,2013,Wine,197
High,Graduation,No Children,2013,Wine,693
Medium,Graduation,Has Children,2012,Wine,43
Medium,PhD,Has Children,2013,Wine,14
Medium,Graduation,Has Children,2012,Wine,186
High,Graduation,No Children,2014,Wine,434
Medium,PhD,Has Children,2013,Wine,59
Low,Diploma,Has Children,2012,Wine,16
Medium,Diploma,Has Children,2013,Wine,230
High,Master,No Children,2012,Wine,829
High,Graduation,No Children,2014,Wine,318
High,Master,No Children,2012,Wine,1206
Medium,Master,Has Children,2013,Wine,292
Medium,Graduation,Has Children,2014,Wine,30
Medium,Graduation,Has Children,2013,Wine,729
Medium,Diploma,Has Children,2013,Wine,12
Low,Graduation,No Children,2014,Wine,2
Medium,Master,Has Children,2013,Wine,22
High,Graduation,Has Children,2013,Wine,587
High,Graduation,No Children,2013,Wine,674
High,PhD,Has Children,2013,Wine,284
High,PhD,No Children,2013,Wine,1023
High,Graduation,No Children,2013,Wine,1394
High,Diploma,No Children,2013,Wine,311
Medium,PhD,Has Children,2014,Wine,27
High,Graduation,No Children,2014,Wine,1296
Low,Diploma,Has Children,2012,Wine,3
Medium,Master,Has Children,2012,Wine,393
High,Graduation,Has Children,2014,Wine,218
High,Graduation,Has Children,2014,Wine,66
Medium,Graduation,No Children,2014,Wine,4
High,Graduation,No Children,2013,Wine,795
Low,Graduation,Has Children,2014,Wine,15
Medium,Graduation,Has Children,2013,Wine,384
Medium,Graduation,Has Children,2013,Wine,244
High,PhD,Has Children,2012,Wine,158
High,PhD,No Children,2013,Wine,1285
Medium,Diploma,Has Children,2013,Wine,349
Low,Graduation,Has Children,2013,Wine,4
Medium,PhD,Has Children,2013,Wine,223
Medium,Graduation,Has Children,2013,Wine,157
High,Master,Has Children,2012,Wine,397
High,Graduation,No Children,2013,Wine,901
Low,Graduation,Has Children,2014,Wine,14
Medium,PhD,Has Children,2013,Wine,10
High,Graduation,Has Children,2012,Wine,1230
Medium,PhD,Has Children,2014,Wine,81
Medium,Graduation,Has Children,2013,Wine,154
Medium,Master,Has Children,2012,Wine,63
Medium,Master,Has Children,2014,Wine,30
Medium,Master,No Children,2014,Wine,90
High,Diploma,No Children,2014,Wine,635
Medium,Graduation,No Children,2013,Wine,127
Medium,Graduation,Has Children,2013,Wine,13
Low,Graduation,No Children,2013,Wine,18
Medium,Graduation,Has Children,2014,Wine,45
Low,PhD,Has Children,2013,Wine,38
High,PhD,Has Children,2013,Wine,986
Medium,Master,Has Children,2014,Wine,61
Low,Graduation,Has Children,2012,Wine,4
Medium,PhD,Has Children,2013,Wine,201
Low,Graduation,Has Children,2013,Wine,19
Low,Basic,Has Children,2013,Wine,4
Medium,PhD,Has Children,2013,Wine,18
High,Diploma,Has Children,2012,Wine,806
High,Graduation,No Children,2013,Wine,380
High,Graduation,No Children,2013,Wine,576
High,Graduation,No Children,2014,Wine,458
Medium,Diploma,Has Children,2013,Wine,5
High,Graduation,No Children,2014,Wine,350
Low,Graduation,No Children,2012,Wine,39
Medium,PhD,Has Children,2014,Wine,26
Medium,Master,Has Children,2013,Wine,68
Medium,PhD,Has Children,2014,Wine,45
Medium,Graduation,Has Children,2013,Wine,359
High,Graduation,Has Children,2014,Wine,403
Medium,Graduation,Has Children,2012,Wine,34
Low,Graduation,No Children,2012,Wine,73
High,Graduation,No Children,2014,Wine,292
Medium,Graduation,Has Children,2013,Wine,14
Medium,Master,Has Children,2012,Wine,80
Medium,Master,Has Children,2013,Wine,30
High,PhD,Has Children,2013,Wine,463
Medium,Graduation,Has Children,2012,Wine,75
Medium,Graduation,Has Children,2013,Wine,538
High,Diploma,No Children,2014,Wine,635
Low,PhD,Has Children,2014,Wine,8
High,PhD,No Children,2013,Wine,1315
Low,Diploma,Has Children,2013,Wine,4
Low,Master,Has Children,2013,Wine,12
High,Graduation,No Children,2012,Wine,347
Medium,Graduation,Has Children,2012,Wine,192
Medium,PhD,No Children,2013,Wine,241
High,Graduation,No Children,2012,Wine,631
High,Graduation,No Children,2013,Wine,336
High,Master,Has Children,2012,Wine,1099
High,Graduation,Has Children,2013,Wine,743
Medium,PhD,No Children,2013,Wine,124
Medium,PhD,Has Children,2014,Wine,15
High,PhD,Has Children,2014,Wine,397
Low,Graduation,Has Children,2012,Wine,10
High,Graduation,No Children,2014,Wine,530
High,Diploma,Has Children,2012,Wine,1215
Low,Graduation,No Children,2012,Wine,3
High,Graduation,No Children,2014,Wine,444
Medium,PhD,Has Children,2014,Wine,26
High,Graduation,Has Children,2012,Wine,736
Medium,Graduation,Has Children,2012,Wine,473
Medium,Graduation,Has Children,2014,Wine,32
Medium,Graduation,No Children,2013,Wine,288
High,Graduation,No Children,2013,Wine,1050
High,PhD,No Children,2013,Wine,1001
Low,Diploma,Has Children,2013,Wine,9
Medium,Master,Has Children,2014,Wine,234
Medium,PhD,Has Children,2013,Wine,7
High,Graduation,No Children,2014,Wine,251
Medium,Graduation,Has Children,2012,Wine,172
High,Graduation,No Children,2012,Wine,565
Medium,Graduation,Has Children,2013,Wine,5
High,Master,No Children,2013,Wine,918
Medium,Graduation,Has Children,2013,Wine,652
Low,Graduation,Has Children,2013,Wine,4
High,PhD,No Children,2013,Wine,152
Medium,Graduation,Has Children,2014,Wine,8
High,PhD,No Children,2014,Wine,336
High,PhD,No Children,2014,Wine,938
Medium,PhD,Has Children,2014,Wine,68
High,Graduation,No Children,2013,Wine,227
Medium,PhD,Has Children,2013,Wine,38
Medium,PhD,Has Children,2014,Wine,105
High,Graduation,Has Children,2013,Wine,162
High,Graduation,Has Children,2014,Wine,574
High,Diploma,No Children,2012,Wine,160
Low,Master,Has Children,2013,Wine,6
Medium,Graduation,Has Children,2013,Wine,614
High,Graduation,No Children,2013,Wine,897
Medium,Diploma,Has Children,2013,Wine,70
Medium,Graduation,Has Children,2013,Wine,120
Medium,Graduation,Has Children,2013,Wine,211
Medium,Graduation,Has Children,2014,Wine,11
High,PhD,No Children,2013,Wine,760
Medium,PhD,Has Children,2014,Wine,53
Low,Diploma,No Children,2013,Wine,7
High,Diploma,Has Children,2014,Wine,391
High,Graduation,Has Children,2014,Wine,199
High,Graduation,No Children,2013,Wine,516
High,Diploma,No Children,2013,Wine,709
Medium,PhD,Has Children,2014,Wine,12
High,Master,No Children,2014,Wine,1000
Low,PhD,Has Children,2013,Wine,19
High,Graduation,Has Children,2013,Wine,1224
Medium,PhD,Has Children,2013,Wine,16
Medium,Master,No Children,2013,Wine,88
Low,Basic,No Children,2013,Wine,2
Medium,Diploma,Has Children,2013,Wine,508
High,Graduation,Has Children,2013,Wine,381
Medium,PhD,Has Children,2012,Wine,74
Medium,Master,Has Children,2013,Wine,146
Medium,Graduation,Has Children,2013,Wine,23
Medium,Graduation,Has Children,2012,Wine,110
Medium,Graduation,Has Children,2012,Wine,165
High,Graduation,Has Children,2012,Wine,957
Medium,Graduation,Has Children,2014,Wine,41
Low,Basic,No Children,2013,Wine,1
High,Diploma,No Children,2013,Wine,176
High,Master,Has Children,2013,Wine,815
Low,Graduation,Has Children,2013,Wine,6
Medium,Graduation,Has Children,2014,Wine,8
High,Graduation,Has Children,2012,Wine,717
High,Graduation,No Children,2013,Wine,1067
Medium,Diploma,Has Children,2014,Wine,166
Medium,PhD,Has Children,2012,Wine,29
High,PhD,No Children,2013,Wine,714
Low,Master,No Children,2014,Wine,8
Medium,Graduation,Has Children,2013,Wine,229
Medium,Master,Has Children,2013,Wine,320
Medium,Graduation,Has Children,2013,Wine,23
Low,Diploma,Has Children,2014,Wine,1
Medium,PhD,Has Children,2013,Wine,56
High,Graduation,No Children,2013,Wine,508
Low,Master,Has Children,2014,Wine,29
Medium,Graduation,Has Children,2013,Wine,46
Medium,Graduation,Has Children,2012,Wine,454
Medium,PhD,Has Children,2013,Wine,350
Low,Graduation,Has Children,2012,Wine,10
Medium,PhD,No Children,2013,Wine,735
High,Graduation,Has Children,2012,Wine,897
Low,Graduation,Has Children,2012,Wine,5
High,Graduation,No Children,2012,Wine,777
Medium,Master,Has Children,2014,Wine,162
Low,PhD,Has Children,2014,Wine,35
Medium,Graduation,Has Children,2013,Wine,342
Medium,Graduation,No Children,2012,Wine,258
High,Graduation,No Children,2014,Wine,658
Medium,Graduation,Has Children,2013,Wine,356
Medium,Graduation,Has Children,2014,Wine,213
Medium,Graduation,Has Children,2012,Wine,454
Medium,Graduation,Has Children,2012,Wine,457
High,Graduation,No Children,2012,Wine,241
Medium,PhD,Has Children,2013,Wine,210
High,Graduation,Has Children,2013,Wine,441
Medium,Diploma,Has Children,2013,Wine,19
Medium,Graduation,Has Children,2012,Wine,28
High,Graduation,No Children,2013,Wine,476
High,Graduation,No Children,2014,Wine,364
Low,Basic,No Children,2014,Wine,0
Low,Diploma,No Children,2014,Wine,0
High,PhD,No Children,2012,Wine,863
High,Master,Has Children,2014,Wine,349
Low,Basic,Has Children,2013,Wine,5
Medium,Master,Has Children,2013,Wine,184
Medium,Master,Has Children,2012,Wine,8
Medium,Graduation,Has Children,2013,Wine,277
Low,Graduation,Has Children,2013,Wine,44
High,Master,No Children,2014,Wine,1156
Medium,Graduation,Has Children,2013,Wine,373
Medium,Graduation,Has Children,2013,Wine,134
Medium,PhD,Has Children,2013,Wine,1148
Low,Basic,Has Children,2013,Wine,6
Low,Graduation,Has Children,2014,Wine,4
Low,Graduation,Has Children,2013,Wine,5
Medium,Graduation,Has Children,2013,Wine,24
High,PhD,Has Children,2013,Wine,899
Medium,PhD,Has Children,2012,Wine,108
Medium,Diploma,Has Children,2014,Wine,27
High,Master,No Children,2012,Wine,816
High,Master,Has Children,2012,Wine,1298
Medium,Graduation,Has Children,2014,Wine,10
High,Graduation,Has Children,2014,Wine,87
Medium,Master,Has Children,2013,Wine,57
High,Master,Has Children,2013,Wine,635
Medium,Diploma,Has Children,2013,Wine,43
High,Master,Has Children,2013,Wine,964
High,PhD,No Children,2014,Wine,572
Medium,Diploma,Has Children,2012,Wine,341
Medium,Graduation,Has Children,2013,Wine,63
Medium,Graduation,Has Children,2013,Wine,221
Medium,Master,Has Children,2013,Wine,140
Low,Graduation,Has Children,2012,Wine,1
High,Master,No Children,2013,Wine,291
Medium,Master,Has Children,2013,Wine,544
High,PhD,No Children,2013,Wine,684
Low,Graduation,No Children,2013,Wine,1
Medium,PhD,Has Children,2014,Wine,35
Medium,Graduation,Has Children,2013,Wine,87
Medium,Graduation,Has Children,2013,Wine,309
High,Graduation,Has Children,2013,Wine,172
High,Graduation,Has Children,2013,Wine,625
High,Graduation,No Children,2013,Wine,972
Medium,Graduation,Has Children,2012,Wine,157
Medium,Graduation,Has Children,2013,Wine,48
High,Graduation,Has Children,2013,Wine,279
Medium,PhD,Has Children,2012,Wine,132
High,PhD,No Children,2013,Wine,919
Medium,Graduation,Has Children,2013,Wine,62
Low,Basic,Has Children,2012,Wine,1
Low,Graduation,Has Children,2013,Wine,2
High,Diploma,No Children,2013,Wine,408
Medium,Graduation,Has Children,2013,Wine,51
Medium,PhD,Has Children,2013,Wine,62
High,PhD,Has Children,2013,Wine,952
High,PhD,No Children,2013,Wine,618
Low,Graduation,Has Children,2012,Wine,11
Medium,Master,Has Children,2013,Wine,318
Medium,Master,Has Children,2014,Wine,56
Medium,Graduation,Has Children,2013,Wine,110
Medium,PhD,Has Children,2013,Wine,23
Medium,Graduation,Has Children,2014,Wine,27
Low,Graduation,Has Children,2013,Wine,18
Medium,PhD,Has Children,2014,Wine,18
High,Graduation,Has Children,2014,Wine,303
Medium,Master,Has Children,2014,Wine,97
High,Graduation,No Children,2013,Wine,997
Low,Graduation,Has Children,2013,Wine,5
Medium,Graduation,Has Children,2013,Wine,95
Low,Basic,Has Children,2014,Wine,1
Medium,PhD,Has Children,2013,Wine,46
High,Graduation,Has Children,2014,Wine,411
High,Master,No Children,2014,Wine,244
Low,PhD,Has Children,2012,Wine,152
Low,Graduation,No Children,2014,Wine,1
Low,Basic,Has Children,2012,Wine,10
Medium,Graduation,Has Children,2013,Wine,12
Low,PhD,Has Children,2014,Wine,5
High,Graduation,Has Children,2014,Wine,790
High,PhD,No Children,2013,Wine,882
High,Graduation,Has Children,2013,Wine,615
High,PhD,Has Children,2013,Wine,1004
High,Graduation,Has Children,2013,Wine,133
High,Graduation,Has Children,2013,Wine,595
Medium,PhD,Has Children,2012,Wine,293
High,Diploma,Has Children,2012,Wine,313
High,Graduation,Has Children,2014,Wine,151
Medium,Graduation,Has Children,2014,Wine,15
High,Graduation,No Children,2013,Wine,736
Medium,PhD,Has Children,2014,Wine,15
High,PhD,No Children,2013,Wine,982
High,Master,No Children,2013,Wine,1142
Medium,Graduation,Has Children,2013,Wine,28
Medium,Graduation,Has Children,2014,Wine,46
High,Graduation,No Children,2013,Wine,897
Medium,PhD,Has Children,2012,Wine,489
Low,Graduation,Has Children,2013,Wine,25
Medium,PhD,Has Children,2013,Wine,145
High,Diploma,No Children,2014,Wine,630
Medium,Graduation,No Children,2014,Wine,760
High,Master,Has Children,2013,Wine,420
Medium,Graduation,Has Children,2012,Wine,125
Medium,Master,Has Children,2013,Wine,464
Low,Master,Has Children,2012,Wine,6
High,Graduation,Has Children,2013,Wine,1090
Medium,Master,Has Children,2013,Wine,3
Medium,Graduation,Has Children,2013,Wine,24
High,Graduation,No Children,2012,Wine,737
Medium,Graduation,Has Children,2013,Wine,254
High,Graduation,No Children,2012,Wine,817
Medium,Diploma,No Children,2012,Wine,620
Medium,PhD,Has Children,2012,Wine,13
Medium,Master,No Children,2013,Wine,113
Low,Basic,No Children,2012,Wine,7
Medium,Graduation,Has Children,2013,Wine,16
Medium,PhD,Has Children,2012,Wine,462
Medium,Diploma,Has Children,2013,Wine,22
High,Master,No Children,2013,Wine,968
Medium,Graduation,No Children,2012,Wine,283
Low,Graduation,No Children,2013,Wine,1
Low,Graduation,Has Children,2013,Wine,14
Medium,Diploma,Has Children,2014,Wine,30
Medium,PhD,Has Children,2013,Wine,4
Medium,PhD,Has Children,2014,Wine,52
High,Master,Has Children,2014,Wine,62
Medium,PhD,Has Children,2013,Wine,20
Medium,Graduation,Has Children,2013,Wine,545
High,Graduation,No Children,2014,Wine,558
Low,Graduation,Has Children,2012,Wine,6
High,Graduation,No Children,2013,Wine,1111
Low,Diploma,No Children,2014,Wine,4
Medium,Graduation,Has Children,2013,Wine,183
High,Graduation,No Children,2012,Wine,546
High,Graduation,Has Children,2013,Wine,606
Medium,Graduation,Has Children,2013,Wine,266
High,PhD,No Children,2014,Wine,1142
High,Graduation,No Children,2014,Wine,1074
Medium,Graduation,Has Children,2013,Wine,771
High,PhD,Has Children,2014,Wine,371
High,Master,No Children,2012,Wine,556
Medium,Master,Has Children,2013,Wine,202
High,Diploma,Has Children,2013,Wine,209
Medium,Diploma,Has Children,2014,Wine,35
Low,PhD,Has Children,2013,Wine,37
Medium,Graduation,Has Children,2013,Wine,171
Medium,Diploma,Has Children,2014,Wine,12
Medium,Graduation,Has Children,2013,Wine,44
Medium,Graduation,Has Children,2014,Wine,20
High,Master,No Children,2013,Wine,779
Medium,Master,Has Children,2013,Wine,170
High,Graduation,Has Children,2014,Wine,491
Medium,Graduation,Has Children,2012,Wine,173
Low,Basic,Has Children,2014,Wine,7
High,Master,Has Children,2013,Wine,1205
Low,Graduation,No Children,2014,Wine,10
Medium,PhD,Has Children,2013,Wine,97
Low,Master,No Children,2013,Wine,67
High,PhD,No Children,2013,Wine,345
Low,Graduation,Has Children,2014,Wine,6
Medium,Graduation,Has Children,2012,Wine,73
High,Graduation,Has Children,2013,Wine,711
High,Graduation,No Children,2013,Wine,774
High,Master,Has Children,2012,Wine,163
Medium,Graduation,Has Children,2013,Wine,82
High,Graduation,No Children,2013,Wine,358
Medium,Master,No Children,2014,Wine,66
Medium,Graduation,Has Children,2013,Wine,13
Medium,Graduation,Has Children,2012,Wine,139
Medium,Graduation,Has Children,2014,Wine,274
Medium,Master,Has Children,2012,Wine,262
High,Master,Has Children,2012,Wine,1099
Low,Graduation,No Children,2013,Wine,32
Low,Basic,Has Children,2013,Wine,2
Medium,Graduation,Has Children,2013,Wine,6
Low,Diploma,Has Children,2013,Wine,6
Medium,PhD,No Children,2013,Wine,135
High,Graduation,Has Children,2013,Wine,641
High,PhD,No Children,2013,Wine,714
High,PhD,No Children,2013,Wine,794
High,Graduation,No Children,2013,Wine,420
Low,Graduation,Has Children,2012,Wine,1
High,Graduation,Has Children,2014,Wine,86
High,Graduation,No Children,2012,Wine,823
High,Graduation,Has Children,2013,Wine,231
Medium,Graduation,Has Children,2013,Wine,8
High,PhD,No Children,2014,Wine,182
High,Graduation,No Children,2013,Wine,557
Medium,Master,Has Children,2013,Wine,79
Medium,Graduation,Has Children,2012,Wine,368
Low,Basic,Has Children,2013,Wine,6
Medium,Graduation,Has Children,2013,Wine,160
Medium,Diploma,No Children,2012,Wine,488
Medium,Diploma,Has Children,2013,Wine,691
High,Master,Has Children,2012,Wine,543
Medium,Graduation,Has Children,2013,Wine,254
Medium,Graduation,Has Children,2013,Wine,5
Medium,Master,Has Children,2013,Wine,112
High,Graduation,Has Children,2014,Wine,134
Medium,Graduation,Has Children,2014,Wine,143
Medium,Diploma,Has Children,2013,Wine,51
Medium,Master,Has Children,2013,Wine,27
Medium,PhD,Has Children,2012,Wine,459
Medium,PhD,Has Children,2013,Wine,689
Medium,Graduation,Has Children,2012,Wine,283
Medium,Graduation,Has Children,2013,Wine,347
Low,Graduation,Has Children,2013,Wine,5
Medium,Master,Has Children,2013,Wine,280
Medium,Master,Has Children,2013,Wine,187
Medium,Master,Has Children,2014,Wine,95
Medium,Diploma,Has Children,2013,Wine,84
Medium,Graduation,Has Children,2012,Wine,19
Medium,Diploma,Has Children,2014,Wine,5
Low,Graduation,Has Children,2012,Wine,18
High,Graduation,No Children,2014,Wine,992
Medium,PhD,Has Children,2014,Wine,25
Low,Diploma,Has Children,2013,Wine,9
Medium,Graduation,Has Children,2012,Wine,19
High,Graduation,No Children,2014,Wine,709
Medium,Master,Has Children,2013,Wine,158
Low,Graduation,Has Children,2013,Wine,10
Medium,PhD,Has Children,2014,Wine,25
Medium,Diploma,Has Children,2012,Wine,8
Low,PhD,Has Children,2014,Wine,14
High,Master,Has Children,2013,Wine,622
Medium,Graduation,Has Children,2014,Wine,11
Low,Graduation,Has Children,2014,Wine,25
High,Master,Has Children,2013,Wine,635
Medium,PhD,Has Children,2012,Wine,100
High,Graduation,Has Children,2012,Wine,201
High,Graduation,Has Children,2014,Wine,642
Medium,Graduation,Has Children,2014,Wine,97
Medium,Graduation,Has Children,2012,Wine,204
Medium,Master,Has Children,2012,Wine,513
Medium,PhD,Has Children,2012,Wine,88
Medium,Master,Has Children,2013,Wine,172
High,Master,Has Children,2013,Wine,329
Medium,Graduation,Has Children,2012,Wine,296
Medium,PhD,Has Children,2012,Wine,100
High,PhD,Has Children,2012,Wine,422
High,Graduation,Has Children,2013,Wine,1218
Medium,Master,Has Children,2014,Wine,5
High,Graduation,No Children,2014,Wine,507
Medium,Graduation,Has Children,2013,Wine,52
Medium,Graduation,Has Children,2013,Wine,191
Low,Basic,No Children,2013,Wine,2
Medium,Graduation,No Children,2014,Wine,68
Medium,Graduation,Has Children,2014,Wine,20
Low,Graduation,Has Children,2014,Wine,20
Medium,PhD,Has Children,2014,Wine,7
High,Diploma,No Children,2013,Wine,279
High,Graduation,Has Children,2012,Wine,977
Medium,PhD,Has Children,2014,Wine,30
Low,Graduation,No Children,2012,Wine,6
Low,Graduation,Has Children,2013,Wine,3
Medium,PhD,Has Children,2013,Wine,14
Medium,PhD,Has Children,2013,Wine,10
Medium,Diploma,Has Children,2014,Wine,7
Medium,Graduation,No Children,2013,Wine,33
Low,Master,Has Children,2013,Wine,12
Medium,Diploma,Has Children,2014,Wine,2
High,Graduation,No Children,2013,Wine,693
Medium,Graduation,Has Children,2013,Wine,9
High,Graduation,Has Children,2013,Wine,129
Medium,Diploma,Has Children,2013,Wine,16
High,Graduation,Has Children,2012,Wine,201
Low,Diploma,No Children,2013,Wine,5
Medium,Graduation,No Children,2014,Wine,14
Medium,Graduation,Has Children,2013,Wine,29
Medium,Graduation,Has Children,2013,Wine,26
Medium,Master,Has Children,2013,Wine,9
Low,Graduation,Has Children,2012,Wine,14
High,Master,No Children,2012,Wine,972
High,Graduation,No Children,2013,Wine,966
Medium,Graduation,No Children,2013,Wine,99
High,Diploma,No Children,2012,Wine,482
Medium,Graduation,Has Children,2012,Wine,714
High,PhD,No Children,2013,Wine,587
High,Diploma,Has Children,2014,Wine,399
Medium,Graduation,Has Children,2013,Wine,56
High,Graduation,No Children,2014,Wine,227
High,Graduation,No Children,2013,Wine,703
Medium,PhD,Has Children,2013,Wine,37
Medium,PhD,No Children,2012,Wine,167
High,Graduation,No Children,2014,Wine,458
Medium,Graduation,Has Children,2012,Wine,91
Low,Graduation,Has Children,2013,Wine,15
High,Graduation,No Children,2014,Wine,1302
Medium,PhD,No Children,2012,Wine,153
High,Master,Has Children,2014,Wine,508
Medium,Graduation,Has Children,2013,Wine,290
Medium,PhD,Has Children,2014,Wine,38
Low,Graduation,Has Children,2014,Wine,2
Low,Master,Has Children,2013,Wine,30
Medium,Master,Has Children,2013,Wine,386
Medium,Graduation,Has Children,2013,Wine,443
High,Graduation,No Children,2013,Wine,901
Medium,PhD,Has Children,2014,Wine,9
High,Graduation,Has Children,2013,Wine,846
Low,Diploma,Has Children,2013,Wine,8
Medium,Graduation,Has Children,2013,Wine,72
Medium,Graduation,Has Children,2013,Wine,29
High,PhD,Has Children,2012,Wine,169
High,Graduation,Has Children,2012,Wine,460
Medium,Graduation,Has Children,2013,Wine,69
High,Master,No Children,2012,Wine,556
Medium,PhD,Has Children,2013,Wine,73
Medium,Master,No Children,2013,Wine,112
Medium,PhD,Has Children,2014,Wine,944
High,Graduation,Has Children,2013,Wine,265
High,Graduation,Has Children,2012,Wine,526
Low,Diploma,Has Children,2013,Wine,2
Low,Graduation,Has Children,2013,Wine,2
High,Diploma,Has Children,2012,Wine,378
High,Master,Has Children,2013,Wine,553
High,Master,No Children,2014,Wine,751
High,PhD,Has Children,2014,Wine,406
High,Graduation,Has Children,2013,Wine,1449
Medium,Master,Has Children,2013,Wine,123
High,PhD,Has Children,2013,Wine,267
Medium,PhD,Has Children,2013,Wine,209
High,Graduation,No Children,2013,Wine,1259
Medium,Graduation,Has Children,2013,Wine,344
Medium,Graduation,Has Children,2013,Wine,22
High,Graduation,No Children,2014,Wine,247
Medium,Graduation,Has Children,2013,Wine,38
Medium,PhD,Has Children,2012,Wine,896
High,Graduation,Has Children,2012,Wine,931
High,Graduation,No Children,2013,Wine,758
Medium,Master,Has Children,2013,Wine,216
Medium,Diploma,Has Children,2014,Wine,2
Medium,Graduation,Has Children,2012,Wine,244
Medium,Master,Has Children,2012,Wine,539
Medium,PhD,No Children,2012,Wine,1181
High,Master,No Children,2014,Wine,750
Medium,Master,Has Children,2013,Wine,306
Medium,Diploma,Has Children,2012,Wine,350
High,PhD,No Children,2013,Wine,331
Medium,Graduation,Has Children,2013,Wine,620
High,Graduation,No Children,2014,Wine,434
Medium,Master,Has Children,2012,Wine,57
High,Graduation,Has Children,2012,Wine,811
High,Graduation,No Children,2014,Wine,423
Low,Diploma,No Children,2013,Wine,2
Medium,Graduation,Has Children,2014,Wine,60
Medium,Graduation,Has Children,2012,Wine,675
Medium,Graduation,Has Children,2013,Wine,30
Medium,Master,Has Children,2013,Wine,40
Low,Graduation,Has Children,2012,Wine,3
High,PhD,No Children,2013,Wine,910
High,Graduation,No Children,2013,Wine,252
Medium,Graduation,Has Children,2014,Wine,34
Medium,PhD,Has Children,2014,Wine,19
Low,Graduation,Has Children,2013,Wine,2
Medium,Graduation,Has Children,2012,Wine,490
High,PhD,No Children,2014,Wine,332
Low,Graduation,Has Children,2012,Wine,53
High,PhD,No Children,2014,Wine,784
Low,Graduation,Has Children,2013,Wine,7
Medium,Diploma,Has Children,2012,Wine,1171
Medium,Diploma,Has Children,2013,Wine,215
High,PhD,Has Children,2014,Wine,674
Medium,Master,Has Children,2012,Wine,57
Low,Diploma,Has Children,2012,Wine,5
Low,Diploma,Has Children,2012,Wine,104
Low,Graduation,Has Children,2013,Wine,9
High,PhD,No Children,2013,Wine,431
High,PhD,Has Children,2012,Wine,1000
Medium,Master,Has Children,2013,Wine,448
Medium,Graduation,Has Children,2014,Wine,33
High,Master,Has Children,2013,Wine,505
High,Graduation,No Children,2012,Wine,267
Medium,PhD,Has Children,2013,Wine,14
Medium,Graduation,Has Children,2012,Wine,631
Medium,Master,Has Children,2013,Wine,65
Medium,Diploma,No Children,2013,Wine,10
Medium,Graduation,No Children,2012,Wine,51
High,Graduation,Has Children,2013,Wine,293
Medium,Diploma,Has Children,2013,Wine,11
Medium,Master,Has Children,2013,Wine,50
High,Diploma,No Children,2014,Wine,173
High,Graduation,Has Children,2012,Wine,423
High,Graduation,No Children,2014,Wine,292
High,Graduation,Has Children,2012,Wine,757
Medium,Master,Has Children,2013,Wine,12
Medium,Master,Has Children,2012,Wine,167
Medium,Graduation,Has Children,2013,Wine,3
Low,Graduation,Has Children,2013,Wine,30
High,PhD,Has Children,2013,Wine,532
Medium,Graduation,Has Children,2013,Wine,29
Medium,Master,Has Children,2013,Wine,411
Low,Graduation,Has Children,2012,Wine,5
High,Graduation,Has Children,2014,Wine,71
Medium,Graduation,Has Children,2014,Wine,46
Medium,Graduation,Has Children,2013,Wine,268
High,Master,Has Children,2012,Wine,928
High,Graduation,Has Children,2014,Wine,459
Medium,PhD,Has Children,2012,Wine,483
High,PhD,Has Children,2013,Wine,733
High,PhD,No Children,2012,Wine,1006
Medium,Graduation,Has Children,2012,Wine,34
High,Master,No Children,2014,Wine,1156
Low,Master,Has Children,2013,Wine,7
Medium,Graduation,Has Children,2012,Wine,244
Medium,PhD,Has Children,2013,Wine,233
Medium,Graduation,Has Children,2014,Wine,35
High,PhD,No Children,2014,Wine,1252
Medium,Graduation,No Children,2013,Wine,34
High,Master,Has Children,2013,Wine,255
Medium,Graduation,Has Children,2014,Wine,8
High,Master,No Children,2013,Wine,368
High,Graduation,No Children,2013,Wine,255
Medium,Master,Has Children,2014,Wine,33
High,Graduation,No Children,2014,Wine,163
Medium,PhD,Has Children,2014,Wine,15
Medium,Master,Has Children,2012,Wine,45
High,Graduation,No Children,2014,Wine,48
Medium,Graduation,Has Children,2013,Wine,158
High,Graduation,No Children,2013,Wine,754
Medium,PhD,Has Children,2012,Wine,108
High,Graduation,No Children,2013,Wine,199
Low,Basic,Has Children,2012,Wine,2
Medium,Master,Has Children,2013,Wine,202
Medium,PhD,Has Children,2014,Wine,85
Medium,PhD,Has Children,2012,Wine,322
Low,Master,Has Children,2014,Wine,18
Medium,Graduation,Has Children,2013,Wine,141
High,Graduation,Has Children,2012,Wine,739
Medium,PhD,Has Children,2014,Wine,18
Medium,Master,Has Children,2013,Wine,378
High,Master,No Children,2012,Wine,1083
High,Master,No Children,2013,Wine,1016
Medium,Graduation,Has Children,2013,Wine,23
Low,Graduation,Has Children,2014,Wine,12
Medium,PhD,Has Children,2013,Wine,35
High,Graduation,Has Children,2013,Wine,548
Medium,Diploma,Has Children,2013,Wine,342
High,Master,Has Children,2014,Wine,365
High,PhD,Has Children,2014,Wine,397
High,Graduation,No Children,2012,Wine,456
Low,Diploma,No Children,2012,Wine,5
High,Graduation,No Children,2013,Wine,836
Medium,Graduation,Has Children,2013,Wine,100
Medium,Graduation,Has Children,2013,Wine,10
Medium,Graduation,Has Children,2013,Wine,238
Low,Graduation,Has Children,2013,Wine,6
Medium,Graduation,Has Children,2014,Wine,158
High,Graduation,Has Children,2014,Wine,86
Medium,Master,Has Children,2012,Wine,856
Medium,PhD,Has Children,2013,Wine,98
Low,Graduation,Has Children,2013,Wine,4
High,Diploma,No Children,2012,Wine,398
Medium,Graduation,Has Children,2013,Wine,313
Medium,Graduation,Has Children,2013,Wine,109
Medium,PhD,Has Children,2014,Wine,216
Medium,PhD,Has Children,2012,Wine,595
Medium,PhD,No Children,2013,Wine,123
Low,Graduation,Has Children,2014,Wine,16
Medium,Diploma,Has Children,2013,Wine,11
High,PhD,Has Children,2013,Wine,410
Medium,PhD,Has Children,2013,Wine,159
Medium,PhD,Has Children,2014,Wine,105
Low,Graduation,Has Children,2013,Wine,5
Medium,PhD,Has Children,2013,Wine,269
Medium,PhD,Has Children,2013,Wine,629
Medium,Graduation,Has Children,2013,Wine,443
High,Graduation,No Children,2013,Wine,217
Medium,Graduation,Has Children,2014,Wine,24
Medium,Master,Has Children,2013,Wine,9
Medium,Master,Has Children,2014,Wine,8
High,PhD,Has Children,2013,Wine,1459
Medium,Graduation,Has Children,2012,Wine,230
Low,Basic,Has Children,2013,Wine,1
High,Diploma,Has Children,2014,Wine,340
Medium,Master,No Children,2013,Wine,7
Medium,Master,Has Children,2013,Wine,298
Medium,Graduation,No Children,2014,Wine,479
Medium,Graduation,No Children,2013,Wine,267
Medium,PhD,Has Children,2014,Wine,67
Low,Graduation,Has Children,2014,Wine,3
High,Graduation,No Children,2012,Wine,980
Medium,Graduation,Has Children,2012,Wine,50
Low,PhD,Has Children,2013,Wine,19
Medium,Master,Has Children,2014,Wine,30
Medium,Master,Has Children,2013,Wine,213
High,PhD,Has Children,2014,Wine,539
Medium,Diploma,Has Children,2013,Wine,284
High,Graduation,No Children,2014,Wine,1003
Medium,PhD,Has Children,2013,Wine,239
Medium,Graduation,Has Children,2013,Wine,51
High,Graduation,Has Children,2014,Wine,527
Medium,Graduation,Has Children,2014,Wine,19
Medium,PhD,No Children,2013,Wine,40
Medium,Diploma,Has Children,2013,Wine,21
High,PhD,Has Children,2013,Wine,593
Medium,PhD,Has Children,2013,Wine,21
High,PhD,Has Children,2013,Wine,1181
High,PhD,Has Children,2013,Wine,1004
Medium,PhD,No Children,2013,Wine,202
High,Graduation,No Children,2013,Wine,446
High,Master,No Children,2013,Wine,1184
High,Diploma,No Children,2013,Wine,390
High,Graduation,Has Children,2012,Wine,726
Low,Diploma,No Children,2012,Wine,8
Low,Graduation,Has Children,2013,Wine,50
Low,Basic,Has Children,2013,Wine,1
Medium,PhD,Has Children,2013,Wine,308
Medium,Graduation,Has Children,2014,Wine,22
High,Graduation,No Children,2013,Wine,690
Medium,Graduation,Has Children,2014,Wine,43
Low,PhD,Has Children,2012,Wine,27
Low,PhD,Has Children,2014,Wine,6
Medium,Graduation,Has Children,2013,Wine,205
Medium,Graduation,Has Children,2014,Wine,24
High,Master,No Children,2012,Wine,667
Medium,Graduation,Has Children,2013,Wine,691
Medium,Graduation,Has Children,2013,Wine,493
High,Graduation,No Children,2013,Wine,493
Medium,Graduation,Has Children,2013,Wine,494
High,Master,No Children,2013,Wine,621
Low,PhD,Has Children,2013,Wine,9
Low,Diploma,Has Children,2012,Wine,1
Low,Graduation,No Children,2012,Wine,12
High,Graduation,Has Children,2013,Wine,243
Medium,Diploma,Has Children,2012,Wine,11
High,PhD,No Children,2013,Wine,532
Medium,PhD,Has Children,2012,Wine,29
High,Master,Has Children,2014,Wine,612
High,Graduation,Has Children,2012,Wine,387
Medium,Master,Has Children,2014,Wine,56
Low,Graduation,Has Children,2013,Wine,6
Medium,PhD,Has Children,2014,Wine,582
Low,Basic,Has Children,2012,Wine,6
Medium,PhD,Has Children,2013,Wine,70
Medium,Master,Has Children,2012,Wine,962
Medium,Graduation,Has Children,2012,Wine,112
High,Graduation,Has Children,2014,Wine,293
Medium,PhD,Has Children,2014,Wine,199
High,Graduation,No Children,2014,Wine,1060
High,Master,Has Children,2013,Wine,940
Medium,Graduation,Has Children,2013,Wine,44
High,Graduation,No Children,2012,Wine,342
Low,Basic,Has Children,2014,Wine,2
Medium,Graduation,Has Children,2012,Wine,75
High,Graduation,Has Children,2013,Wine,520
Low,Graduation,Has Children,2014,Wine,5
Medium,Graduation,Has Children,2013,Wine,87
Medium,PhD,Has Children,2012,Wine,462
Low,Graduation,Has Children,2013,Wine,2
High,PhD,No Children,2013,Wine,979
High,Graduation,No Children,2013,Wine,704
High,PhD,No Children,2014,Wine,861
Medium,PhD,Has Children,2014,Wine,172
Low,Master,Has Children,2014,Wine,5
Medium,Graduation,Has Children,2012,Wine,194
Low,Basic,Has Children,2013,Wine,9
High,Master,Has Children,2013,Wine,505
High,Graduation,Has Children,2013,Wine,533
Medium,PhD,Has Children,2014,Wine,48
Low,Graduation,No Children,2012,Wine,6
Medium,Graduation,Has Children,2013,Wine,18
High,Graduation,No Children,2014,Wine,482
High,Diploma,Has Children,2013,Wine,204
High,Graduation,Has Children,2013,Wine,1073
High,Graduation,Has Children,2014,Wine,245
High,Graduation,No Children,2013,Wine,560
Medium,Graduation,Has Children,2014,Wine,173
Medium,PhD,Has Children,2013,Wine,22
Medium,Graduation,Has Children,2014,Wine,136
Medium,Graduation,Has Children,2013,Wine,275
Medium,PhD,No Children,2014,Wine,56
High,Graduation,No Children,2013,Wine,303
Medium,PhD,Has Children,2013,Wine,708
High,Graduation,No Children,2012,Wine,324
Low,Basic,No Children,2012,Wine,1
High,Master,No Children,2013,Wine,620
High,Graduation,Has Children,2013,Wine,312
High,PhD,No Children,2013,Wine,1493
High,PhD,Has Children,2012,Wine,918
Medium,Graduation,Has Children,2012,Wine,98
Medium,Diploma,Has Children,2014,Wine,3
Medium,PhD,Has Children,2013,Wine,380
Medium,Graduation,Has Children,2012,Wine,15
Low,Basic,Has Children,2013,Wine,3
Medium,Graduation,Has Children,2013,Wine,24
Medium,Master,Has Children,2013,Wine,80
Medium,PhD,Has Children,2014,Wine,31
High,Graduation,Has Children,2013,Wine,138
High,Diploma,Has Children,2013,Wine,166
Low,Diploma,Has Children,2013,Wine,12
Medium,Graduation,Has Children,2013,Wine,178
High,Graduation,Has Children,2013,Wine,707
Low,Diploma,Has Children,2013,Wine,5
High,Graduation,Has Children,2013,Wine,465
Medium,PhD,Has Children,2014,Wine,16
High,Graduation,No Children,2013,Wine,358
Low,Basic,No Children,2014,Wine,1
Medium,Master,Has Children,2013,Wine,123
Low,PhD,Has Children,2012,Wine,40
Medium,PhD,No Children,2013,Wine,102
High,Graduation,No Children,2012,Wine,347
High,PhD,No Children,2013,Wine,376
Medium,Graduation,Has Children,2014,Wine,21
Medium,Graduation,Has Children,2012,Wine,194
Low,Graduation,Has Children,2012,Wine,64
Low,PhD,No Children,2012,Wine,206
Medium,PhD,Has Children,2013,Wine,71
High,Diploma,No Children,2013,Wine,71
Low,Basic,Has Children,2012,Wine,0
Medium,PhD,Has Children,2014,Wine,93
High,Graduation,No Children,2012,Wine,920
High,Graduation,Has Children,2013,Wine,653
Medium,Graduation,Has Children,2013,Wine,199
Medium,Graduation,Has Children,2012,Wine,153
Medium,Graduation,Has Children,2012,Wine,376
Medium,Graduation,Has Children,2013,Wine,46
High,Diploma,Has Children,2012,Wine,600
High,Graduation,Has Children,2013,Wine,425
Medium,Graduation,Has Children,2013,Wine,18
Medium,PhD,Has Children,2014,Wine,52
High,Diploma,No Children,2013,Wine,734
Medium,Graduation,Has Children,2014,Wine,34
Medium,Graduation,Has Children,2013,Wine,135
Low,Master,Has Children,2013,Wine,11
High,Graduation,Has Children,2013,Wine,163
Medium,Master,Has Children,2014,Wine,29
High,Graduation,Has Children,2014,Wine,734
High,Diploma,Has Children,2014,Wine,340
High,Graduation,Has Children,2014,Wine,453
High,Graduation,Has Children,2012,Wine,1073
Medium,Master,Has Children,2013,Wine,135
Medium,Graduation,Has Children,2013,Wine,231
Medium,Graduation,Has Children,2014,Wine,18
Medium,Graduation,Has Children,2013,Wine,620
Low,PhD,Has Children,2013,Wine,81
Low,Graduation,Has Children,2013,Wine,12
High,Graduation,No Children,2014,Wine,292
High,PhD,No Children,2012,Wine,965
Medium,Graduation,Has Children,2012,Wine,27
Medium,PhD,Has Children,2012,Wine,777
High,Master,No Children,2014,Wine,572
High,Graduation,No Children,2013,Wine,438
High,Graduation,Has Children,2013,Wine,531
Low,PhD,Has Children,2013,Wine,17
Medium,Diploma,Has Children,2013,Wine,402
High,Graduation,No Children,2013,Wine,503
Medium,Graduation,Has Children,2013,Wine,369
Medium,PhD,Has Children,2014,Wine,5
High,Graduation,Has Children,2014,Wine,362
Medium,Master,Has Children,2013,Wine,56
Medium,Master,Has Children,2013,Wine,79
High,Graduation,Has Children,2013,Wine,387
Medium,Diploma,No Children,2012,Wine,367
Low,Graduation,Has Children,2013,Wine,15
Medium,PhD,Has Children,2013,Wine,267
High,Graduation,No Children,2013,Wine,298
High,Master,No Children,2013,Wine,674
Low,Master,Has Children,2013,Wine,16
Low,Graduation,Has Children,2013,Wine,37
Medium,Graduation,Has Children,2013,Wine,159
Medium,PhD,Has Children,2013,Wine,686
Medium,Graduation,Has Children,2014,Wine,97
Medium,Graduation,Has Children,2013,Wine,63
Medium,Graduation,Has Children,2012,Wine,56
High,PhD,No Children,2013,Wine,209
Medium,Graduation,Has Children,2013,Wine,198
High,Diploma,Has Children,2012,Wine,313
Medium,PhD,Has Children,2012,Wine,941
Medium,PhD,Has Children,2013,Wine,86
High,Master,No Children,2013,Wine,167
Low,Master,Has Children,2014,Wine,8
High,Master,No Children,2013,Wine,389
High,Master,Has Children,2013,Wine,239
High,PhD,No Children,2012,Wine,179
Low,PhD,Has Children,2014,Wine,5
Medium,Graduation,No Children,2013,Wine,2
Medium,PhD,Has Children,2014,Wine,383
Low,Graduation,Has Children,2014,Wine,2
High,Diploma,No Children,2012,Wine,536
Low,Graduation,Has Children,2013,Wine,2
High,PhD,No Children,2012,Wine,322
High,Graduation,No Children,2013,Wine,539
High,PhD,No Children,2013,Wine,712
High,Master,Has Children,2013,Wine,1121
Medium,Master,Has Children,2012,Wine,68
Low,Master,No Children,2013,Wine,36
High,PhD,No Children,2013,Wine,707
Medium,Graduation,Has Children,2012,Wine,174
High,PhD,Has Children,2012,Wine,666
Low,Diploma,No Children,2013,Wine,0
High,Graduation,Has Children,2013,Wine,162
High,Graduation,Has Children,2013,Wine,407
High,Graduation,No Children,2012,Wine,823
High,Graduation,Has Children,2012,Wine,488
Medium,Master,Has Children,2013,Wine,28
Medium,Graduation,Has Children,2014,Wine,3
Medium,Master,Has Children,2012,Wine,284
High,Diploma,No Children,2014,Wine,938
Low,PhD,Has Children,2014,Wine,13
High,Graduation,Has Children,2013,Wine,412
Medium,Graduation,Has Children,2014,Wine,31
High,PhD,Has Children,2013,Wine,502
Medium,Graduation,Has Children,2014,Wine,18
Low,Diploma,No Children,2014,Wine,1
Medium,Master,No Children,2012,Wine,100
High,Graduation,No Children,2014,Wine,407
High,PhD,Has Children,2013,Wine,664
High,Graduation,Has Children,2013,Wine,1045
High,PhD,No Children,2012,Wine,1218
Medium,PhD,Has Children,2014,Wine,15
Medium,PhD,Has Children,2014,Wine,128
High,Master,Has Children,2013,Wine,581
Medium,PhD,No Children,2014,Wine,6
Medium,Graduation,Has Children,2012,Wine,185
Medium,PhD,Has Children,2014,Wine,22
High,PhD,No Children,2013,Wine,584
High,Graduation,Has Children,2013,Wine,355
Medium,Graduation,Has Children,2013,Wine,175
High,PhD,No Children,2012,Wine,864
High,Master,No Children,2014,Wine,957
Medium,Graduation,Has Children,2013,Wine,25
High,Graduation,Has Children,2014,Wine,641
High,Graduation,No Children,2014,Wine,273
Medium,Graduation,Has Children,2013,Wine,122
Low,Basic,Has Children,2012,Wine,1
High,PhD,No Children,2014,Wine,1020
High,PhD,No Children,2014,Wine,6
Medium,PhD,Has Children,2013,Wine,378
Medium,PhD,Has Children,2013,Wine,42
Low,Graduation,No Children,2014,Wine,15
High,Master,No Children,2014,Wine,272
Low,Graduation,Has Children,2013,Wine,9
Medium,Graduation,Has Children,2014,Wine,279
High,Graduation,No Children,2013,Wine,398
High,PhD,Has Children,2013,Wine,637
Medium,Graduation,Has Children,2014,Wine,45
Medium,Graduation,No Children,2013,Wine,21
Medium,Master,Has Children,2013,Wine,15
High,Diploma,No Children,2014,Wine,493
High,Graduation,Has Children,2012,Wine,957
High,Master,No Children,2012,Wine,829
High,Graduation,Has Children,2012,Wine,1017
Medium,PhD,Has Children,2013,Wine,953
Medium,Graduation,Has Children,2012,Wine,159
Low,Graduation,No Children,2013,Wine,32
Medium,PhD,Has Children,2013,Wine,23
Low,Graduation,No Children,2013,Wine,18
Medium,PhD,Has Children,2012,Wine,15
Medium,Diploma,Has Children,2014,Wine,23
High,Diploma,Has Children,2014,Wine,200
High,Graduation,No Children,2012,Wine,1324
High,Master,No Children,2013,Wine,1193
High,Graduation,Has Children,2013,Wine,505
Low,Master,Has Children,2013,Wine,2
Medium,PhD,Has Children,2012,Wine,1103
High,Graduation,No Children,2013,Wine,353
High,Graduation,No Children,2012,Wine,652
High,Master,Has Children,2013,Wine,379
High,PhD,Has Children,2013,Wine,46
High,PhD,Has Children,2013,Wine,162
Low,Master,Has Children,2014,Wine,8
Low,Master,Has Children,2014,Wine,17
High,Graduation,Has Children,2013,Wine,340
Medium,Diploma,Has Children,2012,Wine,8
Medium,PhD,Has Children,2013,Wine,154
Medium,PhD,Has Children,2012,Wine,710
Medium,Master,Has Children,2014,Wine,8
Low,Graduation,Has Children,2013,Wine,2
High,PhD,No Children,2014,Wine,1050
Low,Graduation,Has Children,2013,Wine,19
Low,Graduation,Has Children,2012,Wine,22
High,Graduation,No Children,2014,Wine,274
Medium,Master,Has Children,2012,Wine,68
High,Graduation,No Children,2013,Wine,344
High,Graduation,No Children,2012,Wine,145
High,Master,Has Children,2014,Wine,217
Medium,Graduation,Has Children,2013,Wine,18
Medium,Graduation,Has Children,2013,Wine,69
Medium,PhD,No Children,2013,Wine,144
Medium,Graduation,Has Children,2013,Wine,256
High,Graduation,No Children,2014,Wine,483
High,PhD,No Children,2012,Wine,1285
High,PhD,No Children,2013,Wine,338
High,PhD,No Children,2014,Wine,605
Low,Graduation,Has Children,2014,Wine,8
Medium,Graduation,Has Children,2012,Wine,172
High,Graduation,No Children,2013,Wine,448
Medium,PhD,Has Children,2014,Wine,67
High,Master,Has Children,2013,Wine,512
High,PhD,No Children,2013,Wine,1462
Medium,Graduation,Has Children,2014,Wine,20
Medium,Graduation,Has Children,2013,Wine,50
Medium,Graduation,Has Children,2014,Wine,102
High,Graduation,No Children,2013,Wine,499
High,Graduation,Has Children,2013,Wine,381
High,Graduation,Has Children,2014,Wine,631
High,Graduation,No Children,2013,Wine,526
High,Master,No Children,2014,Wine,913
Medium,Graduation,Has Children,2013,Wine,673
Medium,Graduation,Has Children,2014,Wine,23
Medium,Graduation,Has Children,2013,Wine,199
Medium,Graduation,Has Children,2013,Wine,261
Medium,Diploma,Has Children,2013,Wine,111
Low,Graduation,Has Children,2013,Wine,16
Medium,Diploma,No Children,2012,Wine,63
Medium,PhD,Has Children,2013,Wine,58
Medium,Graduation,Has Children,2014,Wine,29
Medium,Master,Has Children,2012,Wine,3
Low,Graduation,Has Children,2013,Wine,28
Low,PhD,Has Children,2012,Wine,40
High,Graduation,No Children,2014,Wine,879
Medium,Master,Has Children,2013,Wine,62
Medium,Graduation,Has Children,2013,Wine,280
Low,Graduation,Has Children,2012,Wine,9
Medium,Graduation,Has Children,2013,Wine,182
Medium,Graduation,No Children,2013,Wine,83
Low,Graduation,Has Children,2013,Wine,38
Medium,Graduation,Has Children,2014,Wine,228
High,PhD,No Children,2013,Wine,1092
Medium,Master,Has Children,2013,Wine,85
High,Master,No Children,2013,Wine,1276
High,Graduation,Has Children,2014,Wine,1017
Low,Graduation,Has Children,2013,Wine,6
High,Diploma,No Children,2014,Wine,448
High,Graduation,No Children,2012,Wine,504
Medium,PhD,Has Children,2012,Wine,226
Medium,PhD,Has Children,2013,Wine,239
High,Diploma,Has Children,2014,Wine,90
Low,Graduation,Has Children,2013,Wine,7
Low,PhD,Has Children,2013,Wine,4
Low,Graduation,Has Children,2012,Wine,16
Medium,Graduation,No Children,2014,Wine,10
Medium,Master,Has Children,2013,Wine,68
Medium,Graduation,Has Children,2013,Wine,35
High,Graduation,Has Children,2012,Wine,575
Medium,Graduation,Has Children,2013,Wine,315
High,PhD,Has Children,2013,Wine,182
High,PhD,Has Children,2014,Wine,561
High,Graduation,No Children,2013,Wine,587
Medium,Graduation,Has Children,2013,Wine,94
High,Graduation,No Children,2013,Wine,908
Medium,Basic,No Children,2013,Wine,228
High,Graduation,No Children,2012,Wine,995
Medium,Diploma,Has Children,2013,Wine,11
Medium,Graduation,No Children,2013,Wine,3
Low,Graduation,Has Children,2013,Wine,12
Low,Graduation,Has Children,2014,Wine,17
Medium,Graduation,Has Children,2012,Wine,8
Low,Graduation,Has Children,2014,Wine,22
Medium,Master,Has Children,2013,Wine,14
Medium,Graduation,Has Children,2014,Wine,106
High,Master,Has Children,2014,Wine,820
High,PhD,Has Children,2013,Wine,753
Medium,Master,Has Children,2014,Wine,13
Low,Graduation,Has Children,2013,Wine,9
Low,Graduation,No Children,2013,Wine,19
Medium,Master,Has Children,2012,Wine,520
Low,Diploma,Has Children,2012,Wine,5
High,PhD,Has Children,2013,Wine,618
High,Graduation,Has Children,2013,Wine,315
Low,Graduation,Has Children,2013,Wine,15
Medium,Graduation,Has Children,2013,Wine,384
Medium,Graduation,Has Children,2013,Wine,110
High,Graduation,Has Children,2013,Wine,208
High,Graduation,Has Children,2012,Wine,555
High,Graduation,Has Children,2013,Wine,240
Medium,Graduation,Has Children,2013,Wine,11
High,Graduation,No Children,2013,Wine,848
Medium,Graduation,No Children,2013,Wine,202
High,Graduation,Has Children,2012,Wine,433
Low,Graduation,Has Children,2013,Wine,6
Medium,Master,Has Children,2013,Wine,37
Medium,Graduation,Has Children,2012,Wine,167
Medium,Graduation,Has Children,2013,Wine,45
Medium,Graduation,Has Children,2014,Wine,129
High,Graduation,No Children,2013,Wine,713
High,Graduation,Has Children,2012,Wine,676
High,Diploma,No Children,2013,Wine,450
Medium,Graduation,Has Children,2013,Wine,22
Medium,Graduation,Has Children,2013,Wine,367
High,Graduation,Has Children,2014,Wine,526
Medium,Master,Has Children,2014,Wine,51
Medium,Graduation,Has Children,2014,Wine,25
Low,Graduation,No Children,2013,Wine,28
High,Graduation,Has Children,2012,Wine,958
High,PhD,Has Children,2013,Wine,532
Medium,Graduation,Has Children,2013,Wine,724
Medium,Master,Has Children,2013,Wine,375
Medium,Graduation,Has Children,2013,Wine,39
Medium,PhD,Has Children,2013,Wine,23
High,PhD,No Children,2013,Wine,587
Medium,Graduation,Has Children,2013,Wine,29
High,Graduation,Has Children,2012,Wine,757
High,Graduation,Has Children,2013,Wine,544
Medium,Graduation,No Children,2013,Wine,40
High,PhD,Has Children,2012,Wine,1245
Medium,Graduation,Has Children,2014,Wine,19
Medium,Graduation,Has Children,2013,Wine,16
Medium,Graduation,Has Children,2013,Wine,376
High,Graduation,Has Children,2013,Wine,184
Low,Graduation,Has Children,2013,Wine,15
Medium,PhD,No Children,2013,Wine,124
High,Graduation,No Children,2013,Wine,627
High,Graduation,Has Children,2014,Wine,180
Low,Master,Has Children,2013,Wine,14
Low,Basic,No Children,2014,Wine,3
Medium,Graduation,Has Children,2013,Wine,71
Medium,Master,Has Children,2013,Wine,161
Low,Graduation,Has Children,2012,Wine,8
Medium,Graduation,Has Children,2013,Wine,264
Medium,Graduation,Has Children,2012,Wine,293
High,Graduation,No Children,2013,Wine,758
Medium,Master,No Children,2013,Wine,532
Medium,Graduation,Has Children,2013,Wine,656
High,Diploma,No Children,2012,Wine,196
High,Graduation,Has Children,2014,Wine,835
Medium,Graduation,Has Children,2013,Wine,16
Medium,Master,Has Children,2013,Wine,9
Medium,Master,Has Children,2013,Wine,229
Low,Basic,No Children,2013,Wine,0
High,Graduation,Has Children,2014,Wine,121
High,Graduation,No Children,2012,Wine,471
Medium,Master,Has Children,2012,Wine,520
Medium,PhD,Has Children,2013,Wine,26
High,Graduation,No Children,2013,Wine,240
Medium,Graduation,Has Children,2013,Wine,178
High,Master,Has Children,2012,Wine,1486
High,Graduation,Has Children,2012,Wine,1115
Medium,Master,Has Children,2014,Wine,29
High,PhD,Has Children,2014,Wine,529
Low,Diploma,Has Children,2012,Wine,13
High,PhD,Has Children,2014,Wine,934
Low,Basic,No Children,2013,Wine,2
Low,Basic,Has Children,2012,Wine,4
Medium,Master,Has Children,2013,Wine,62
High,Graduation,Has Children,2012,Wine,158
Medium,Master,Has Children,2013,Wine,173
High,Graduation,No Children,2012,Wine,830
Medium,Graduation,Has Children,2013,Wine,189
Medium,PhD,No Children,2012,Wine,728
Medium,Graduation,Has Children,2014,Wine,7
Medium,Master,Has Children,2013,Wine,35
Medium,Master,Has Children,2013,Wine,188
High,Master,Has Children,2013,Wine,742
Low,Diploma,Has Children,2013,Wine,0
High,PhD,Has Children,2014,Wine,750
High,Master,No Children,2013,Wine,816
Low,Graduation,Has Children,2012,Wine,5
Medium,Master,Has Children,2012,Wine,37
Low,Diploma,Has Children,2013,Wine,4
Medium,Graduation,Has Children,2012,Wine,99
Medium,Diploma,Has Children,2012,Wine,176
Medium,Graduation,Has Children,2014,Wine,54
High,Graduation,No Children,2013,Wine,997
High,Graduation,Has Children,2013,Wine,356
High,PhD,No Children,2013,Wine,1311
High,PhD,No Children,2012,Wine,890
Medium,Graduation,Has Children,2013,Wine,4
Medium,Graduation,Has Children,2013,Wine,17
High,Master,No Children,2013,Wine,960
Low,Basic,Has Children,2012,Wine,1
High,Master,No Children,2014,Wine,240
Medium,Graduation,Has Children,2014,Wine,301
Medium,Graduation,Has Children,2013,Wine,154
Low,Graduation,Has Children,2014,Wine,2
High,Master,Has Children,2014,Wine,104
Low,Master,Has Children,2012,Wine,70
Low,Graduation,Has Children,2014,Wine,2
Medium,Graduation,Has Children,2014,Wine,23
Medium,Graduation,Has Children,2013,Wine,43
Low,Graduation,No Children,2014,Wine,4
High,Graduation,Has Children,2014,Wine,654
High,Graduation,No Children,2013,Wine,912
Low,PhD,Has Children,2014,Wine,25
Medium,Master,Has Children,2014,Wine,24
High,PhD,Has Children,2013,Wine,141
Medium,PhD,Has Children,2013,Wine,71
Medium,Master,Has Children,2013,Wine,35
High,Graduation,No Children,2012,Wine,496
Low,Graduation,Has Children,2014,Wine,9
Medium,Graduation,Has Children,2013,Wine,154
Medium,Master,Has Children,2013,Wine,9
Medium,Diploma,Has Children,2014,Wine,26
Medium,Diploma,Has Children,2014,Wine,77
Medium,Master,Has Children,2014,Wine,11
Medium,PhD,Has Children,2014,Wine,576
Medium,Graduation,Has Children,2014,Wine,89
High,PhD,Has Children,2012,Wine,1013
High,Graduation,Has Children,2014,Wine,224
Medium,Graduation,Has Children,2013,Wine,200
High,Diploma,No Children,2013,Wine,570
Low,Basic,Has Children,2013,Wine,1
Medium,PhD,Has Children,2013,Wine,62
High,Graduation,Has Children,2013,Wine,531
High,Master,No Children,2013,Wine,162
High,Graduation,No Children,2013,Wine,675
Medium,Graduation,Has Children,2013,Wine,23
High,Graduation,Has Children,2014,Wine,492
High,Diploma,No Children,2013,Wine,918
High,Graduation,Has Children,2014,Wine,224
High,Graduation,Has Children,2013,Wine,572
High,Graduation,Has Children,2014,Wine,626
High,PhD,No Children,2013,Wine,1074
High,Master,No Children,2012,Wine,741
Medium,PhD,Has Children,2012,Wine,322
Medium,Graduation,Has Children,2013,Wine,254
Medium,Graduation,Has Children,2013,Wine,116
Low,Graduation,Has Children,2013,Wine,22
Medium,PhD,Has Children,2013,Wine,516
Medium,Graduation,No Children,2014,Wine,14
Low,Basic,Has Children,2013,Wine,2
Medium,Diploma,Has Children,2014,Wine,28
High,Graduation,Has Children,2013,Wine,530
High,Master,Has Children,2014,Wine,519
High,PhD,No Children,2014,Wine,611
High,Master,No Children,2014,Wine,240
Low,Basic,Has Children,2014,Wine,4
High,Master,No Children,2013,Wine,671
Medium,Graduation,Has Children,2013,Wine,23
Low,Graduation,No Children,2012,Wine,9
High,Diploma,No Children,2012,Wine,556
High,Graduation,Has Children,2012,Wine,833
Low,Master,Has Children,2013,Wine,12
Medium,Graduation,No Children,2014,Wine,56
Medium,Graduation,Has Children,2013,Wine,293
Medium,Graduation,Has Children,2013,Wine,297
Medium,Graduation,Has Children,2014,Wine,39
Low,Basic,Has Children,2013,Wine,5
Medium,Graduation,Has Children,2012,Wine,266
Medium,PhD,Has Children,2012,Wine,322
High,Graduation,Has Children,2013,Wine,366
Low,Graduation,No Children,2013,Wine,32
Medium,Graduation,Has Children,2012,Wine,158
High,Graduation,Has Children,2012,Wine,269
Medium,Graduation,Has Children,2014,Wine,41
Low,Basic,Has Children,2012,Wine,3
Medium,Graduation,Has Children,2013,Wine,33
Medium,Diploma,Has Children,2013,Wine,302
High,Graduation,No Children,2014,Wine,519
Medium,Master,Has Children,2014,Wine,23
High,Diploma,No Children,2012,Wine,594
Low,Graduation,Has Children,2013,Wine,12
Medium,Graduation,Has Children,2012,Wine,4
Low,Graduation,Has Children,2013,Wine,18
High,PhD,No Children,2014,Wine,332
Low,Graduation,Has Children,2013,Wine,5
Medium,Master,Has Children,2012,Wine,171
Medium,Graduation,Has Children,2013,Wine,270
High,Master,No Children,2013,Wine,712
Low,Diploma,Has Children,2013,Wine,2
Medium,Master,Has Children,2014,Wine,21
Medium,PhD,Has Children,2014,Wine,580
Medium,Graduation,Has Children,2012,Wine,368
High,Graduation,Has Children,2013,Wine,457
Medium,Graduation,Has Children,2013,Wine,229
Medium,Diploma,No Children,2012,Wine,32
Low,Graduation,Has Children,2014,Wine,3
Low,Graduation,Has Children,2013,Wine,24
Medium,Master,No Children,2012,Wine,853
Low,Graduation,No Children,2012,Wine,5
Medium,Graduation,Has Children,2013,Wine,3
High,Graduation,Has Children,2013,Wine,709
High,PhD,Has Children,2014,Wine,406
Medium,Graduation,No Children,2014,Wine,908
High,Master,Has Children,2014,Wine,428
Medium,PhD,Has Children,2012,Wine,84
Medium,Graduation,No Children,2012,Fruits,88
Medium,Graduation,Has Children,2014,Fruits,1
High,Graduation,No Children,2013,Fruits,49
Low,Graduation,Has Children,2014,Fruits,4
Medium,PhD,Has Children,2014,Fruits,43
High,Master,Has Children,2013,Fruits,42
Medium,Graduation,Has Children,2012,Fruits,65
Medium,PhD,Has Children,2013,Fruits,10
Medium,PhD,Has Children,2013,Fruits,0
Low,PhD,Has Children,2014,Fruits,0
Medium,Graduation,Has Children,2013,Fruits,5
Low,Basic,No Children,2012,Fruits,16
High,Graduation,No Children,2013,Fruits,61
Medium,Master,Has Children,2013,Fruits,2
Low,Graduation,No Children,2012,Fruits,14
High,PhD,No Children,2012,Fruits,22
Medium,Graduation,Has Children,2012,Fruits,5
Medium,Graduation,No Children,2012,Fruits,5
High,Master,Has Children,2013,Fruits,80
Medium,Diploma,Has Children,2012,Fruits,17
Medium,Graduation,No Children,2012,Fruits,2
Low,Graduation,Has Children,2013,Fruits,1
Medium,PhD,Has Children,2012,Fruits,0
High,PhD,Has Children,2014,Fruits,0
Medium,Graduation,Has Children,2013,Fruits,3
Low,Graduation,No Children,2013,Fruits,4
Medium,Graduation,Has Children,2013,Fruits,4
Medium,Graduation,Has Children,2013,Fruits,1
Medium,Graduation,Has Children,2013,Fruits,2
High,PhD,No Children,2013,Fruits,100
Low,Master,No Children,2014,Fruits,4
Medium,Master,No Children,2013,Fruits,17
Medium,Graduation,Has Children,2012,Fruits,0
Medium,PhD,Has Children,2012,Fruits,12
High,Master,No Children,2013,Fruits,34
Medium,Master,Has Children,2013,Fruits,0
High,PhD,Has Children,2013,Fruits,17
Low,Diploma,Has Children,2013,Fruits,3
Medium,Graduation,Has Children,2014,Fruits,0
Medium,PhD,No Children,2013,Fruits,8
High,Graduation,Has Children,2013,Fruits,76
Low,Master,Has Children,2013,Fruits,1
Low,Graduation,Has Children,2012,Fruits,0
Medium,PhD,No Children,2013,Fruits,11
Low,Master,Has Children,2013,Fruits,1
High,Graduation,No Children,2014,Fruits,164
Low,Diploma,No Children,2012,Fruits,18
Medium,Graduation,Has Children,2013,Fruits,6
Medium,Graduation,Has Children,2014,Fruits,5
High,PhD,Has Children,2012,Fruits,50
High,Graduation,Has Children,2014,Fruits,19
High,Master,No Children,2012,Fruits,37
Medium,Graduation,Has Children,2013,Fruits,6
High,Graduation,No Children,2014,Fruits,120
High,Graduation,Has Children,2013,Fruits,9
High,Master,No Children,2012,Fruits,51
High,Graduation,No Children,2013,Fruits,35
Low,Graduation,Has Children,2014,Fruits,0
Medium,Graduation,Has Children,2013,Fruits,3
Medium,PhD,Has Children,2014,Fruits,0
High,Master,No Children,2013,Fruits,26
High,Graduation,Has Children,2012,Fruits,18
High,Graduation,Has Children,2013,Fruits,7
High,PhD,Has Children,2013,Fruits,0
High,Graduation,No Children,2013,Fruits,40
Low,Graduation,Has Children,2013,Fruits,3
Medium,Graduation,Has Children,2014,Fruits,0
High,Diploma,Has Children,2014,Fruits,14
High,Graduation,Has Children,2013,Fruits,49
High,Graduation,Has Children,2013,Fruits,59
High,Master,No Children,2012,Fruits,36
Medium,Diploma,Has Children,2012,Fruits,3
High,Graduation,Has Children,2013,Fruits,107
High,PhD,Has Children,2013,Fruits,6
Low,Graduation,No Children,2014,Fruits,10
Medium,Graduation,Has Children,2012,Fruits,1
High,Master,No Children,2012,Fruits,111
High,Graduation,No Children,2012,Fruits,105
Low,Diploma,No Children,2013,Fruits,0
Medium,Graduation,No Children,2013,Fruits,0
Low,Graduation,Has Children,2012,Fruits,4
Low,Graduation,Has Children,2013,Fruits,1
Low,Diploma,Has Children,2013,Fruits,5
Medium,Master,No Children,2013,Fruits,17
High,Graduation,No Children,2014,Fruits,23
Low,Graduation,Has Children,2013,Fruits,8
Medium,Master,Has Children,2013,Fruits,0
Medium,Graduation,Has Children,2014,Fruits,6
High,Graduation,No Children,2014,Fruits,60
Medium,Graduation,Has Children,2014,Fruits,9
Medium,PhD,Has Children,2012,Fruits,42
Medium,Graduation,Has Children,2014,Fruits,0
Medium,Master,No Children,2013,Fruits,37
Medium,Master,Has Children,2014,Fruits,2
Low,PhD,Has Children,2014,Fruits,2
Medium,Graduation,Has Children,2014,Fruits,3
Medium,Graduation,Has Children,2012,Fruits,0
Medium,Graduation,Has Children,2013,Fruits,2
High,Diploma,No Children,2013,Fruits,26
Medium,PhD,No Children,2013,Fruits,46
Medium,Diploma,Has Children,2013,Fruits,1
Medium,PhD,Has Children,2014,Fruits,1
High,Graduation,Has Children,2013,Fruits,172
High,PhD,No Children,2013,Fruits,81
High,Graduation,No Children,2014,Fruits,76
Low,Basic,Has Children,2013,Fruits,3
Medium,Graduation,Has Children,2013,Fruits,1
Medium,Graduation,Has Children,2013,Fruits,106
Medium,Graduation,Has Children,2012,Fruits,3
High,Master,No Children,2012,Fruits,194
High,Graduation,Has Children,2013,Fruits,115
High,PhD,No Children,2012,Fruits,17
Medium,Master,Has Children,2014,Fruits,0
High,Graduation,No Children,2013,Fruits,44
Medium,PhD,Has Children,2012,Fruits,0
Medium,Graduation,Has Children,2013,Fruits,1
High,Graduation,No Children,2014,Fruits,99
Medium,Diploma,Has Children,2013,Fruits,90
Medium,Diploma,Has Children,2013,Fruits,5
Low,Graduation,Has Children,2013,Fruits,6
Medium,Master,Has Children,2013,Fruits,48
Medium,Master,Has Children,2014,Fruits,3
Low,Master,Has Children,2013,Fruits,0
Medium,Graduation,Has Children,2013,Fruits,0
High,Graduation,No Children,2013,Fruits,27
High,Diploma,No Children,2013,Fruits,33
High,Graduation,No Children,2013,Fruits,133
Medium,Master,Has Children,2014,Fruits,0
Medium,PhD,Has Children,2013,Fruits,0
High,PhD,Has Children,2014,Fruits,19
High,Graduation,Has Children,2013,Fruits,58
High,Master,Has Children,2013,Fruits,5
High,Graduation,No Children,2014,Fruits,106
Medium,Graduation,Has Children,2013,Fruits,65
Medium,PhD,Has Children,2013,Fruits,0
High,PhD,No Children,2013,Fruits,14
Low,Basic,Has Children,2012,Fruits,1
Medium,PhD,Has Children,2013,Fruits,1
Medium,PhD,Has Children,2014,Fruits,0
Medium,PhD,Has Children,2013,Fruits,1
High,Master,No Children,2012,Fruits,61
High,Master,Has Children,2013,Fruits,0
High,Graduation,No Children,2013,Fruits,28
High,PhD,Has Children,2013,Fruits,16
Medium,Graduation,Has Children,2013,Fruits,34
Medium,Graduation,Has Children,2012,Fruits,16
Low,Graduation,Has Children,2012,Fruits,1
Medium,Graduation,Has Children,2013,Fruits,1
Medium,Diploma,Has Children,2012,Fruits,3
Medium,Master,No Children,2014,Fruits,16
Medium,Master,Has Children,2014,Fruits,21
High,Graduation,Has Children,2014,Fruits,17
Medium,Diploma,Has Children,2012,Fruits,20
Medium,Graduation,Has Children,2014,Fruits,7
High,PhD,Has Children,2012,Fruits,0
High,Graduation,No Children,2013,Fruits,26
Medium,Graduation,Has Children,2013,Fruits,6
High,Graduation,Has Children,2013,Fruits,1
Medium,Graduation,Has Children,2013,Fruits,11
High,Graduation,No Children,2013,Fruits,11
Medium,Master,Has Children,2013,Fruits,0
High,PhD,No Children,2012,Fruits,16
Low,Graduation,Has Children,2014,Fruits,3
High,PhD,No Children,2013,Fruits,12
Medium,Graduation,Has Children,2013,Fruits,1
High,Graduation,No Children,2013,Fruits,16
Medium,Graduation,No Children,2013,Fruits,5
High,Graduation,No Children,2013,Fruits,162
Low,Graduation,Has Children,2014,Fruits,10
Medium,Graduation,Has Children,2014,Fruits,3
Low,Graduation,Has Children,2013,Fruits,4
Medium,Graduation,Has Children,2014,Fruits,7
Medium,PhD,Has Children,2014,Fruits,0
Medium,Graduation,Has Children,2014,Fruits,0
High,PhD,Has Children,2012,Fruits,71
High,PhD,No Children,2012,Fruits,66
Medium,PhD,Has Children,2014,Fruits,0
Medium,Graduation,Has Children,2014,Fruits,0
High,Diploma,No Children,2013,Fruits,26
Medium,PhD,Has Children,2014,Fruits,3
Low,Diploma,Has Children,2014,Fruits,11
High,Master,No Children,2013,Fruits,26
Medium,Master,Has Children,2014,Fruits,1
Low,Basic,No Children,2014,Fruits,9
Low,Graduation,Has Children,2012,Fruits,1
Medium,PhD,Has Children,2014,Fruits,0
High,Graduation,Has Children,2013,Fruits,0
High,Graduation,No Children,2013,Fruits,30
Medium,PhD,Has Children,2013,Fruits,1
Low,Basic,Has Children,2012,Fruits,4
High,PhD,No Children,2013,Fruits,22
Medium,Graduation,Has Children,2013,Fruits,3
Medium,Graduation,Has Children,2013,Fruits,6
Medium,Graduation,Has Children,2013,Fruits,0
High,Master,No Children,2014,Fruits,16
High,Graduation,No Children,2013,Fruits,17
High,Graduation,No Children,2013,Fruits,189
Medium,PhD,Has Children,2014,Fruits,1
High,Graduation,Has Children,2014,Fruits,4
High,Graduation,No Children,2013,Fruits,138
High,Graduation,Has Children,2013,Fruits,43
High,PhD,No Children,2012,Fruits,29
Medium,PhD,Has Children,2013,Fruits,0
Low,Master,No Children,2012,Fruits,4
Low,Graduation,Has Children,2013,Fruits,6
Medium,Master,Has Children,2013,Fruits,18
Medium,Graduation,Has Children,2014,Fruits,0
High,Graduation,Has Children,2012,Fruits,48
Medium,Graduation,Has Children,2013,Fruits,24
High,Graduation,No Children,2014,Fruits,22
Medium,PhD,Has Children,2012,Fruits,0
Medium,Master,Has Children,2013,Fruits,0
High,Graduation,No Children,2013,Fruits,10
Medium,Graduation,Has Children,2014,Fruits,7
Medium,Diploma,Has Children,2014,Fruits,0
High,Master,No Children,2013,Fruits,16
Medium,Master,Has Children,2013,Fruits,4
High,Graduation,Has Children,2012,Fruits,32
Medium,Diploma,Has Children,2014,Fruits,11
High,Graduation,No Children,2013,Fruits,10
High,PhD,Has Children,2014,Fruits,7
Medium,PhD,Has Children,2013,Fruits,1
High,Graduation,Has Children,2012,Fruits,23
Medium,Graduation,Has Children,2013,Fruits,0
Medium,Graduation,Has Children,2012,Fruits,7
Medium,Graduation,Has Children,2012,Fruits,20
High,PhD,No Children,2012,Fruits,86
Medium,PhD,Has Children,2014,Fruits,1
Medium,Graduation,Has Children,2013,Fruits,7
High,Diploma,Has Children,2013,Fruits,76
Medium,Graduation,Has Children,2013,Fruits,1
Low,Graduation,No Children,2014,Fruits,4
High,PhD,Has Children,2013,Fruits,21
Low,Diploma,Has Children,2013,Fruits,9
Low,Master,Has Children,2013,Fruits,0
High,PhD,Has Children,2013,Fruits,5
Low,Graduation,Has Children,2013,Fruits,3
High,Graduation,No Children,2013,Fruits,61
High,Graduation,Has Children,2012,Fruits,114
Low,Graduation,Has Children,2013,Fruits,1
High,Graduation,No Children,2013,Fruits,153
High,Graduation,Has Children,2012,Fruits,0
Medium,PhD,Has Children,2014,Fruits,0
High,Graduation,Has Children,2013,Fruits,16
High,Graduation,Has Children,2013,Fruits,64
High,PhD,No Children,2012,Fruits,134
High,Master,Has Children,2012,Fruits,28
Medium,Master,Has Children,2013,Fruits,3
Low,Graduation,Has Children,2013,Fruits,3
High,Graduation,No Children,2013,Fruits,148
Low,Diploma,No Children,2012,Fruits,47
High,Graduation,Has Children,2012,Fruits,28
Medium,PhD,Has Children,2012,Fruits,0
High,PhD,Has Children,2012,Fruits,21
Medium,Graduation,Has Children,2012,Fruits,33
Low,Graduation,Has Children,2013,Fruits,4
Medium,PhD,Has Children,2013,Fruits,0
Low,Graduation,Has Children,2012,Fruits,2
High,PhD,Has Children,2013,Fruits,41
Medium,Master,Has Children,2014,Fruits,2
Medium,PhD,Has Children,2012,Fruits,0
Medium,Master,Has Children,2013,Fruits,2
Medium,Master,Has Children,2013,Fruits,4
High,Graduation,No Children,2014,Fruits,84
Medium,PhD,Has Children,2012,Fruits,2
High,Graduation,No Children,2013,Fruits,74
Low,Graduation,Has Children,2013,Fruits,7
High,Graduation,No Children,2012,Fruits,44
Medium,Master,Has Children,2014,Fruits,7
High,PhD,Has Children,2014,Fruits,0
Low,Graduation,Has Children,2014,Fruits,2
Medium,Graduation,Has Children,2013,Fruits,6
High,PhD,Has Children,2013,Fruits,7
High,Graduation,No Children,2013,Fruits,162
High,Master,No Children,2014,Fruits,129
High,PhD,No Children,2013,Fruits,0
High,Master,Has Children,2013,Fruits,15
Low,Basic,Has Children,2013,Fruits,19
Medium,Graduation,Has Children,2012,Fruits,7
Medium,Graduation,No Children,2012,Fruits,5
High,PhD,Has Children,2014,Fruits,7
Medium,Master,Has Children,2014,Fruits,0
Medium,Graduation,Has Children,2013,Fruits,6
High,Graduation,No Children,2013,Fruits,98
Medium,Master,Has Children,2013,Fruits,28
High,Graduation,No Children,2014,Fruits,183
Medium,Master,No Children,2013,Fruits,3
Medium,Diploma,No Children,2013,Fruits,6
Medium,Graduation,Has Children,2013,Fruits,0
High,Graduation,No Children,2012,Fruits,129
Low,Graduation,Has Children,2014,Fruits,3
Low,Graduation,Has Children,2013,Fruits,1
Medium,Master,Has Children,2012,Fruits,0
Medium,Diploma,Has Children,2013,Fruits,4
Medium,Master,Has Children,2013,Fruits,4
High,Graduation,No Children,2013,Fruits,15
Medium,PhD,Has Children,2014,Fruits,0
Medium,Graduation,Has Children,2014,Fruits,0
Medium,Diploma,Has Children,2013,Fruits,14
Medium,PhD,Has Children,2014,Fruits,0
Medium,Graduation,Has Children,2014,Fruits,15
Low,Graduation,Has Children,2013,Fruits,1
High,Master,No Children,2013,Fruits,147
Low,Graduation,No Children,2012,Fruits,26
High,Graduation,No Children,2014,Fruits,11
High,Master,Has Children,2013,Fruits,0
Medium,Master,No Children,2013,Fruits,2
Low,Graduation,Has Children,2014,Fruits,5
Low,Graduation,Has Children,2013,Fruits,0
Medium,Graduation,No Children,2013,Fruits,138
High,Master,No Children,2013,Fruits,44
Medium,Graduation,Has Children,2013,Fruits,0
Low,Master,Has Children,2014,Fruits,0
Medium,Graduation,Has Children,2013,Fruits,4
High,Graduation,Has Children,2012,Fruits,64
Medium,Graduation,Has Children,2013,Fruits,0
Medium,Graduation,Has Children,2013,Fruits,20
High,Graduation,Has Children,2013,Fruits,5
Medium,Graduation,Has Children,2013,Fruits,3
Medium,PhD,Has Children,2014,Fruits,0
High,PhD,Has Children,2013,Fruits,60
Medium,Graduation,Has Children,2013,Fruits,17
High,Graduation,No Children,2013,Fruits,0
Low,PhD,Has Children,2013,Fruits,2
Low,Graduation,Has Children,2013,Fruits,1
Medium,PhD,Has Children,2013,Fruits,0
Low,PhD,Has Children,2013,Fruits,7
Low,Graduation,Has Children,2013,Fruits,1
Medium,PhD,No Children,2013,Fruits,2
High,PhD,Has Children,2013,Fruits,11
Medium,Master,Has Children,2013,Fruits,1
Low,Graduation,Has Children,2013,Fruits,2
High,Graduation,Has Children,2012,Fruits,46
High,Graduation,No Children,2012,Fruits,153
Medium,Graduation,Has Children,2012,Fruits,2
High,Graduation,No Children,2013,Fruits,61
High,Graduation,No Children,2012,Fruits,19
Medium,Graduation,No Children,2013,Fruits,32
Medium,PhD,Has Children,2012,Fruits,0
Medium,PhD,Has Children,2013,Fruits,14
Low,Basic,Has Children,2013,Fruits,6
High,Graduation,No Children,2013,Fruits,34
Medium,Graduation,Has Children,2013,Fruits,0
High,Graduation,No Children,2014,Fruits,104
Medium,Graduation,Has Children,2012,Fruits,0
Medium,Master,Has Children,2014,Fruits,0
High,Graduation,Has Children,2013,Fruits,33
High,Graduation,Has Children,2013,Fruits,80
High,PhD,No Children,2013,Fruits,20
High,Graduation,No Children,2012,Fruits,91
Medium,PhD,Has Children,2012,Fruits,0
Medium,Graduation,Has Children,2013,Fruits,2
Medium,Graduation,Has Children,2013,Fruits,0
High,PhD,No Children,2012,Fruits,64
High,Master,No Children,2013,Fruits,17
Medium,PhD,Has Children,2013,Fruits,15
High,Graduation,No Children,2012,Fruits,163
High,PhD,Has Children,2014,Fruits,0
Low,Graduation,Has Children,2014,Fruits,3
Medium,PhD,Has Children,2012,Fruits,0
Medium,Graduation,Has Children,2012,Fruits,8
Medium,Graduation,Has Children,2012,Fruits,0
High,Graduation,No Children,2013,Fruits,0
Medium,Graduation,Has Children,2013,Fruits,3
High,Graduation,No Children,2012,Fruits,33
Medium,PhD,Has Children,2012,Fruits,0
Medium,Diploma,Has Children,2014,Fruits,4
Medium,Graduation,Has Children,2012,Fruits,4
Low,Master,Has Children,2013,Fruits,1
High,Graduation,Has Children,2012,Fruits,12
Medium,PhD,Has Children,2013,Fruits,4
Medium,Master,Has Children,2012,Fruits,0
Low,Graduation,No Children,2013,Fruits,9
Medium,Graduation,Has Children,2012,Fruits,4
High,PhD,Has Children,2013,Fruits,24
Medium,Graduation,Has Children,2013,Fruits,9
Medium,PhD,Has Children,2013,Fruits,0
Low,Graduation,Has Children,2013,Fruits,6
Low,Graduation,No Children,2012,Fruits,12
Medium,Diploma,Has Children,2012,Fruits,3
Medium,Master,Has Children,2014,Fruits,0
Low,Graduation,Has Children,2013,Fruits,7
Medium,Master,Has Children,2013,Fruits,11
High,Graduation,Has Children,2012,Fruits,50
Medium,Graduation,Has Children,2012,Fruits,0
High,PhD,Has Children,2013,Fruits,21
High,Graduation,No Children,2014,Fruits,134
High,Master,Has Children,2013,Fruits,4
High,Graduation,No Children,2014,Fruits,152
Medium,PhD,No Children,2013,Fruits,9
High,Master,Has Children,2014,Fruits,35
High,PhD,No Children,2013,Fruits,0
Medium,Graduation,Has Children,2012,Fruits,1
Low,Graduation,Has Children,2012,Fruits,2
Low,Graduation,Has Children,2012,Fruits,0
Low,Diploma,Has Children,2012,Fruits,4
Medium,Diploma,Has Children,2013,Fruits,1
High,Graduation,No Children,2012,Fruits,105
Medium,Graduation,Has Children,2013,Fruits,5
Medium,Graduation,No Children,2013,Fruits,36
Medium,PhD,Has Children,2013,Fruits,0
Medium,Graduation,Has Children,2014,Fruits,0
Low,PhD,Has Children,2012,Fruits,3
High,PhD,Has Children,2014,Fruits,7
Medium,PhD,Has Children,2013,Fruits,0
Medium,Graduation,Has Children,2012,Fruits,9
Low,Diploma,Has Children,2012,Fruits,22
Medium,Graduation,Has Children,2012,Fruits,53
High,PhD,Has Children,2013,Fruits,0
Medium,Graduation,Has Children,2012,Fruits,44
High,Graduation,Has Children,2013,Fruits,34
High,PhD,No Children,2014,Fruits,0
Low,Diploma,Has Children,2013,Fruits,5
High,Graduation,No Children,2014,Fruits,26
High,Graduation,No Children,2013,Fruits,114
Medium,Master,Has Children,2013,Fruits,0
Medium,PhD,Has Children,2014,Fruits,3
Medium,Graduation,Has Children,2014,Fruits,3
Low,Master,Has Children,2014,Fruits,2
High,Master,No Children,2013,Fruits,68
High,PhD,No Children,2013,Fruits,42
Medium,Graduation,Has Children,2013,Fruits,0
High,Graduation,No Children,2014,Fruits,137
High,Graduation,Has Children,2014,Fruits,0
Low,Diploma,Has Children,2014,Fruits,2
High,Graduation,Has Children,2013,Fruits,0
High,PhD,No Children,2013,Fruits,16
Medium,Graduation,Has Children,2012,Fruits,0
High,Diploma,Has Children,2013,Fruits,47
High,Graduation,Has Children,2013,Fruits,66
Medium,Graduation,Has Children,2014,Fruits,0
Medium,Master,Has Children,2013,Fruits,0
High,Graduation,Has Children,2013,Fruits,35
Medium,Master,Has Children,2013,Fruits,4
Medium,PhD,Has Children,2013,Fruits,0
Low,Diploma,Has Children,2013,Fruits,11
Low,Graduation,Has Children,2013,Fruits,4
Medium,PhD,Has Children,2013,Fruits,28
Low,Graduation,No Children,2013,Fruits,1
Medium,Graduation,Has Children,2012,Fruits,4
Low,Diploma,No Children,2014,Fruits,6
Low,Graduation,No Children,2013,Fruits,0
Medium,Master,Has Children,2013,Fruits,14
High,Graduation,No Children,2013,Fruits,190
Low,Graduation,Has Children,2013,Fruits,7
Medium,PhD,Has Children,2013,Fruits,7
Medium,Graduation,Has Children,2013,Fruits,16
Medium,Graduation,Has Children,2013,Fruits,38
Medium,Master,Has Children,2013,Fruits,2
High,Diploma,Has Children,2013,Fruits,70
High,Graduation,Has Children,2012,Fruits,19
Medium,Graduation,Has Children,2012,Fruits,24
High,Diploma,No Children,2012,Fruits,24
Medium,Master,Has Children,2013,Fruits,11
Medium,Graduation,Has Children,2014,Fruits,15
High,Diploma,No Children,2012,Fruits,96
High,Graduation,Has Children,2014,Fruits,0
High,Graduation,No Children,2013,Fruits,0
Medium,PhD,Has Children,2014,Fruits,0
High,Graduation,No Children,2014,Fruits,84
Medium,Graduation,Has Children,2014,Fruits,5
High,PhD,No Children,2014,Fruits,25
High,PhD,No Children,2013,Fruits,17
Medium,Graduation,Has Children,2012,Fruits,1
Medium,Graduation,Has Children,2014,Fruits,42
Medium,PhD,Has Children,2012,Fruits,8
High,Graduation,Has Children,2013,Fruits,76
Medium,Graduation,Has Children,2013,Fruits,0
Medium,PhD,Has Children,2012,Fruits,8
Medium,Graduation,Has Children,2013,Fruits,1
Low,Graduation,Has Children,2014,Fruits,1
High,Graduation,Has Children,2013,Fruits,0
Medium,PhD,Has Children,2014,Fruits,3
Medium,Master,Has Children,2014,Fruits,0
High,PhD,Has Children,2012,Fruits,22
Medium,Graduation,Has Children,2012,Fruits,7
Medium,Master,Has Children,2013,Fruits,7
Medium,Master,Has Children,2013,Fruits,3
Medium,Graduation,Has Children,2012,Fruits,15
Medium,Graduation,Has Children,2013,Fruits,2
High,Master,No Children,2012,Fruits,28
High,PhD,No Children,2012,Fruits,74
High,Master,Has Children,2013,Fruits,0
High,Graduation,Has Children,2013,Fruits,12
Low,Graduation,Has Children,2014,Fruits,0
Low,Diploma,No Children,2012,Fruits,1
High,PhD,Has Children,2012,Fruits,19
Medium,Graduation,Has Children,2012,Fruits,2
High,Graduation,No Children,2013,Fruits,20
Medium,Master,Has Children,2013,Fruits,0
Medium,PhD,No Children,2013,Fruits,13
Medium,Master,Has Children,2013,Fruits,25
Medium,Graduation,Has Children,2014,Fruits,1
High,PhD,Has Children,2013,Fruits,0
High,PhD,Has Children,2014,Fruits,0
High,Graduation,No Children,2013,Fruits,14
Low,Graduation,Has Children,2012,Fruits,2
Medium,Master,Has Children,2013,Fruits,0
Low,Basic,No Children,2012,Fruits,36
High,PhD,Has Children,2012,Fruits,0
Medium,Master,Has Children,2013,Fruits,0
Medium,Graduation,No Children,2012,Fruits,10
High,Graduation,Has Children,2013,Fruits,162
High,Graduation,No Children,2013,Fruits,70
Medium,Graduation,No Children,2013,Fruits,4
High,Graduation,Has Children,2012,Fruits,138
Medium,PhD,Has Children,2013,Fruits,1
High,Graduation,Has Children,2013,Fruits,83
Medium,Graduation,Has Children,2013,Fruits,17
High,Master,No Children,2014,Fruits,92
Medium,PhD,Has Children,2013,Fruits,0
High,Master,No Children,2013,Fruits,20
Medium,Graduation,Has Children,2013,Fruits,0
Low,Graduation,Has Children,2013,Fruits,7
High,Graduation,No Children,2013,Fruits,23
High,Master,No Children,2014,Fruits,134
Medium,Graduation,Has Children,2014,Fruits,1
High,Master,No Children,2014,Fruits,73
Medium,Graduation,No Children,2013,Fruits,2
High,Graduation,No Children,2012,Fruits,33
Low,Graduation,Has Children,2012,Fruits,1
Medium,Graduation,Has Children,2012,Fruits,4
High,PhD,No Children,2013,Fruits,38
Medium,Master,No Children,2014,Fruits,15
High,Graduation,No Children,2012,Fruits,155
Medium,PhD,Has Children,2013,Fruits,10
Medium,Diploma,Has Children,2013,Fruits,61
High,Graduation,Has Children,2013,Fruits,54
Medium,Master,Has Children,2014,Fruits,4
High,Graduation,Has Children,2013,Fruits,6
Low,Graduation,Has Children,2013,Fruits,3
Medium,Master,Has Children,2013,Fruits,12
Medium,Graduation,Has Children,2014,Fruits,0
High,Graduation,No Children,2014,Fruits,151
Medium,Diploma,Has Children,2013,Fruits,4
Low,Master,Has Children,2013,Fruits,3
Low,Diploma,Has Children,2013,Fruits,9
Medium,Graduation,Has Children,2012,Fruits,10
Medium,PhD,Has Children,2012,Fruits,3
High,PhD,No Children,2013,Fruits,19
Medium,Graduation,Has Children,2013,Fruits,18
Low,Diploma,Has Children,2014,Fruits,4
High,Graduation,No Children,2014,Fruits,46
Medium,Graduation,Has Children,2013,Fruits,7
Low,Graduation,Has Children,2014,Fruits,3
Low,Master,Has Children,2014,Fruits,0
Medium,Diploma,Has Children,2014,Fruits,4
Low,Graduation,Has Children,2014,Fruits,16
High,PhD,Has Children,2014,Fruits,0
Low,Graduation,No Children,2013,Fruits,3
High,Master,No Children,2013,Fruits,28
Medium,Graduation,Has Children,2012,Fruits,17
Medium,PhD,Has Children,2013,Fruits,85
High,Graduation,No Children,2013,Fruits,129
Low,Diploma,No Children,2013,Fruits,4
High,Graduation,Has Children,2013,Fruits,38
Medium,Graduation,Has Children,2013,Fruits,8
High,Graduation,No Children,2013,Fruits,153
High,Master,Has Children,2013,Fruits,25
High,Diploma,Has Children,2014,Fruits,129
Medium,PhD,Has Children,2013,Fruits,18
Medium,PhD,Has Children,2014,Fruits,2
High,Graduation,Has Children,2012,Fruits,10
Low,Master,Has Children,2013,Fruits,0
Medium,Graduation,Has Children,2013,Fruits,0
Medium,Graduation,Has Children,2012,Fruits,0
Medium,Graduation,Has Children,2012,Fruits,0
Medium,PhD,Has Children,2014,Fruits,0
Medium,Diploma,Has Children,2013,Fruits,12
High,PhD,Has Children,2013,Fruits,5
Medium,Master,Has Children,2013,Fruits,6
High,PhD,Has Children,2013,Fruits,12
Medium,Graduation,Has Children,2014,Fruits,0
Low,Graduation,Has Children,2013,Fruits,4
Medium,PhD,Has Children,2013,Fruits,0
Medium,Master,Has Children,2013,Fruits,13
Medium,PhD,Has Children,2012,Fruits,0
Medium,Graduation,Has Children,2013,Fruits,3
Medium,Diploma,Has Children,2013,Fruits,0
Low,Master,No Children,2013,Fruits,12
Medium,Graduation,Has Children,2014,Fruits,0
Low,Diploma,Has Children,2014,Fruits,1
High,Graduation,No Children,2012,Fruits,21
High,Master,Has Children,2013,Fruits,47
Medium,Graduation,Has Children,2014,Fruits,4
Low,Graduation,No Children,2013,Fruits,9
Medium,PhD,Has Children,2012,Fruits,0
High,Master,No Children,2012,Fruits,183
High,Master,No Children,2013,Fruits,127
Medium,Graduation,Has Children,2014,Fruits,6
Medium,PhD,No Children,2013,Fruits,30
Low,Master,Has Children,2013,Fruits,4
Low,Graduation,Has Children,2012,Fruits,12
Medium,Master,Has Children,2013,Fruits,0
Low,Diploma,Has Children,2013,Fruits,7
Medium,Graduation,Has Children,2012,Fruits,3
Medium,Graduation,Has Children,2013,Fruits,0
High,Graduation,Has Children,2012,Fruits,28
High,Graduation,No Children,2013,Fruits,32
High,PhD,Has Children,2012,Fruits,16
Medium,Master,Has Children,2013,Fruits,3
Low,Master,Has Children,2012,Fruits,10
Medium,Graduation,Has Children,2014,Fruits,0
Low,Graduation,Has Children,2013,Fruits,1
Medium,Basic,Has Children,2012,Fruits,4
High,Graduation,No Children,2014,Fruits,0
Low,Master,No Children,2013,Fruits,13
Medium,Master,No Children,2013,Fruits,25
Low,Basic,Has Children,2012,Fruits,8
Low,Graduation,Has Children,2013,Fruits,0
Medium,PhD,No Children,2012,Fruits,91
Medium,Graduation,Has Children,2013,Fruits,13
Medium,Master,Has Children,2013,Fruits,0
Medium,Graduation,Has Children,2013,Fruits,6
Medium,Master,Has Children,2012,Fruits,8
Medium,PhD,Has Children,2013,Fruits,0
Medium,Graduation,No Children,2013,Fruits,8
High,Graduation,No Children,2014,Fruits,35
Medium,Diploma,Has Children,2013,Fruits,6
High,Diploma,No Children,2013,Fruits,22
Low,Graduation,Has Children,2013,Fruits,2
High,Graduation,Has Children,2013,Fruits,63
High,Graduation,Has Children,2012,Fruits,17
Medium,PhD,Has Children,2012,Fruits,18
Low,Graduation,Has Children,2012,Fruits,5
High,PhD,Has Children,2013,Fruits,107
High,PhD,No Children,2014,Fruits,45
High,Diploma,Has Children,2014,Fruits,129
Medium,Diploma,No Children,2014,Fruits,24
High,Graduation,No Children,2013,Fruits,22
Medium,Graduation,Has Children,2014,Fruits,0
High,Graduation,No Children,2013,Fruits,20
Medium,Graduation,Has Children,2013,Fruits,103
High,Master,Has Children,2012,Fruits,69
High,Graduation,Has Children,2013,Fruits,21
High,Graduation,Has Children,2012,Fruits,50
High,PhD,No Children,2014,Fruits,66
High,PhD,Has Children,2012,Fruits,89
Medium,Graduation,Has Children,2013,Fruits,3
High,Master,No Children,2013,Fruits,105
Medium,PhD,Has Children,2013,Fruits,2
High,Graduation,No Children,2013,Fruits,181
Medium,Master,Has Children,2013,Fruits,6
High,Master,Has Children,2014,Fruits,0
High,Graduation,Has Children,2013,Fruits,4
High,Master,No Children,2014,Fruits,19
Low,Graduation,Has Children,2012,Fruits,0
High,Graduation,Has Children,2012,Fruits,80
Medium,PhD,Has Children,2014,Fruits,2
Medium,Graduation,Has Children,2012,Fruits,3
High,Graduation,Has Children,2014,Fruits,3
Low,Diploma,No Children,2012,Fruits,47
High,PhD,Has Children,2013,Fruits,112
Medium,PhD,Has Children,2013,Fruits,1
Medium,Graduation,Has Children,2012,Fruits,0
Low,Graduation,Has Children,2013,Fruits,6
Medium,Graduation,Has Children,2013,Fruits,53
Low,Basic,No Children,2012,Fruits,2
Low,Master,No Children,2013,Fruits,1
Low,Graduation,No Children,2012,Fruits,1
Medium,PhD,Has Children,2013,Fruits,0
Low,Basic,Has Children,2013,Fruits,10
Low,PhD,Has Children,2013,Fruits,0
Medium,Diploma,Has Children,2013,Fruits,16
Medium,PhD,Has Children,2013,Fruits,61
Medium,Master,Has Children,2013,Fruits,9
High,Graduation,Has Children,2012,Fruits,159
High,Graduation,Has Children,2013,Fruits,59
Medium,PhD,Has Children,2012,Fruits,0
Low,Graduation,Has Children,2014,Fruits,1
High,PhD,Has Children,2012,Fruits,12
High,Graduation,No Children,2014,Fruits,81
Medium,Diploma,Has Children,2013,Fruits,4
High,PhD,No Children,2013,Fruits,32
High,Graduation,Has Children,2013,Fruits,23
High,Graduation,No Children,2012,Fruits,134
Medium,Diploma,No Children,2013,Fruits,11
Medium,Graduation,Has Children,2013,Fruits,6
High,Graduation,No Children,2013,Fruits,32
High,PhD,Has Children,2013,Fruits,18
High,PhD,No Children,2012,Fruits,102
High,PhD,No Children,2014,Fruits,40
High,PhD,No Children,2013,Fruits,86
Medium,PhD,Has Children,2012,Fruits,0
High,Graduation,No Children,2013,Fruits,0
Medium,Master,Has Children,2013,Fruits,15
Low,Basic,No Children,2013,Fruits,0
Medium,Master,Has Children,2013,Fruits,1
High,Master,Has Children,2013,Fruits,4
Medium,Graduation,No Children,2014,Fruits,2
Low,PhD,Has Children,2013,Fruits,1
Medium,Graduation,No Children,2013,Fruits,11
High,Graduation,No Children,2014,Fruits,22
High,Graduation,Has Children,2013,Fruits,11
High,Graduation,Has Children,2014,Fruits,123
High,Graduation,Has Children,2014,Fruits,12
High,Master,No Children,2014,Fruits,32
Medium,Master,Has Children,2013,Fruits,19
High,Graduation,Has Children,2013,Fruits,80
Medium,PhD,Has Children,2014,Fruits,0
Medium,Graduation,Has Children,2013,Fruits,6
High,PhD,Has Children,2013,Fruits,0
Medium,Master,Has Children,2013,Fruits,1
Low,Graduation,Has Children,2013,Fruits,3
Medium,Master,Has Children,2012,Fruits,58
Medium,Graduation,Has Children,2013,Fruits,10
Medium,Graduation,No Children,2013,Fruits,5
Medium,Graduation,Has Children,2013,Fruits,13
High,PhD,No Children,2012,Fruits,40
High,Diploma,No Children,2012,Fruits,25
Low,Graduation,Has Children,2013,Fruits,4
Medium,Graduation,Has Children,2013,Fruits,81
Medium,Graduation,Has Children,2014,Fruits,2
High,Master,Has Children,2012,Fruits,9
Medium,Graduation,No Children,2013,Fruits,0
Low,PhD,Has Children,2014,Fruits,0
High,Graduation,No Children,2013,Fruits,166
Low,Graduation,Has Children,2012,Fruits,0
Medium,Graduation,Has Children,2014,Fruits,0
High,Graduation,No Children,2013,Fruits,25
High,Master,No Children,2014,Fruits,142
Medium,Master,Has Children,2013,Fruits,3
High,Graduation,No Children,2013,Fruits,22
Medium,PhD,Has Children,2013,Fruits,0
Medium,PhD,Has Children,2012,Fruits,4
High,Graduation,Has Children,2013,Fruits,9
Medium,PhD,Has Children,2013,Fruits,2
High,Graduation,Has Children,2013,Fruits,28
High,Graduation,No Children,2014,Fruits,0
High,Graduation,Has Children,2013,Fruits,79
High,Master,Has Children,2014,Fruits,39
Low,Basic,Has Children,2013,Fruits,0
High,Graduation,Has Children,2012,Fruits,133
High,PhD,Has Children,2013,Fruits,10
Medium,Master,Has Children,2013,Fruits,2
Medium,PhD,Has Children,2014,Fruits,1
Medium,Diploma,Has Children,2013,Fruits,11
High,Graduation,No Children,2014,Fruits,26
High,Graduation,No Children,2013,Fruits,31
Low,Diploma,Has Children,2013,Fruits,5
High,Graduation,No Children,2014,Fruits,17
Medium,Graduation,Has Children,2013,Fruits,3
High,Diploma,No Children,2014,Fruits,80
High,PhD,No Children,2013,Fruits,42
Medium,PhD,Has Children,2013,Fruits,8
Medium,Graduation,Has Children,2013,Fruits,53
High,Graduation,No Children,2013,Fruits,178
High,Graduation,No Children,2014,Fruits,93
High,Diploma,No Children,2013,Fruits,35
High,PhD,Has Children,2012,Fruits,12
Medium,Graduation,Has Children,2013,Fruits,10
Medium,Master,Has Children,2013,Fruits,2
Medium,PhD,Has Children,2014,Fruits,0
Medium,Diploma,Has Children,2013,Fruits,5
High,Graduation,Has Children,2014,Fruits,16
High,Master,No Children,2013,Fruits,107
Medium,PhD,Has Children,2013,Fruits,1
High,Graduation,No Children,2014,Fruits,35
Medium,Graduation,Has Children,2013,Fruits,3
High,Graduation,No Children,2012,Fruits,51
High,Graduation,No Children,2012,Fruits,97
Medium,Diploma,Has Children,2013,Fruits,12
High,Master,Has Children,2013,Fruits,7
High,Graduation,Has Children,2013,Fruits,32
High,PhD,No Children,2013,Fruits,115
Medium,Graduation,Has Children,2013,Fruits,5
Medium,Graduation,Has Children,2013,Fruits,1
Low,PhD,Has Children,2012,Fruits,2
Medium,Graduation,Has Children,2013,Fruits,0
Medium,PhD,Has Children,2013,Fruits,0
High,PhD,No Children,2014,Fruits,11
Medium,Master,Has Children,2013,Fruits,1
High,Graduation,Has Children,2013,Fruits,0
High,PhD,No Children,2014,Fruits,12
Medium,Graduation,Has Children,2014,Fruits,5
Low,Graduation,Has Children,2014,Fruits,3
Medium,Graduation,Has Children,2014,Fruits,3
Medium,Graduation,Has Children,2013,Fruits,2
Low,Basic,Has Children,2012,Fruits,12
Low,Master,Has Children,2014,Fruits,2
Medium,PhD,Has Children,2013,Fruits,48
Medium,Master,Has Children,2014,Fruits,9
Medium,Graduation,Has Children,2012,Fruits,27
High,Master,No Children,2013,Fruits,168
High,PhD,No Children,2012,Fruits,23
Low,Graduation,No Children,2013,Fruits,8
Medium,Graduation,Has Children,2013,Fruits,2
Medium,Graduation,Has Children,2013,Fruits,19
Medium,Master,No Children,2013,Fruits,3
High,PhD,Has Children,2014,Fruits,28
High,Diploma,Has Children,2012,Fruits,44
High,Graduation,No Children,2013,Fruits,91
Low,Graduation,Has Children,2013,Fruits,1
High,Master,Has Children,2013,Fruits,5
Medium,Graduation,Has Children,2013,Fruits,1
Medium,Graduation,Has Children,2013,Fruits,23
High,PhD,No Children,2013,Fruits,148
Medium,Graduation,No Children,2013,Fruits,43
Medium,Master,Has Children,2013,Fruits,0
Medium,Master,Has Children,2014,Fruits,1
Medium,Graduation,Has Children,2013,Fruits,28
Medium,Graduation,Has Children,2013,Fruits,53
High,Graduation,Has Children,2013,Fruits,26
Low,Graduation,No Children,2013,Fruits,10
Low,Graduation,Has Children,2013,Fruits,2
High,Graduation,No Children,2014,Fruits,174
Medium,Master,Has Children,2013,Fruits,0
High,PhD,No Children,2013,Fruits,73
High,PhD,Has Children,2014,Fruits,9
Medium,Graduation,Has Children,2014,Fruits,2
Low,Graduation,No Children,2012,Fruits,0
High,Graduation,Has Children,2014,Fruits,14
Low,Diploma,Has Children,2013,Fruits,7
High,PhD,No Children,2013,Fruits,53
Low,Graduation,Has Children,2013,Fruits,10
Medium,Graduation,No Children,2014,Fruits,5
Low,Graduation,No Children,2013,Fruits,3
High,Graduation,Has Children,2013,Fruits,38
High,Diploma,Has Children,2013,Fruits,122
High,Graduation,Has Children,2013,Fruits,15
Medium,Graduation,Has Children,2013,Fruits,1
High,PhD,Has Children,2013,Fruits,28
Low,Graduation,Has Children,2014,Fruits,0
Medium,PhD,Has Children,2013,Fruits,5
Medium,Graduation,No Children,2012,Fruits,16
Medium,PhD,Has Children,2013,Fruits,5
Low,Diploma,Has Children,2013,Fruits,5
Medium,Graduation,Has Children,2013,Fruits,1
High,Graduation,Has Children,2013,Fruits,123
Medium,Master,Has Children,2013,Fruits,9
High,Graduation,No Children,2012,Fruits,50
Medium,Diploma,Has Children,2013,Fruits,0
Medium,Graduation,Has Children,2014,Fruits,5
Medium,Graduation,Has Children,2013,Fruits,6
Medium,Graduation,Has Children,2012,Fruits,65
Medium,Graduation,Has Children,2014,Fruits,7
Low,Graduation,Has Children,2012,Fruits,14
High,Diploma,No Children,2013,Fruits,50
High,Graduation,No Children,2014,Fruits,74
High,Diploma,No Children,2012,Fruits,91
Medium,Master,Has Children,2012,Fruits,7
Medium,Graduation,Has Children,2013,Fruits,1
Low,Graduation,Has Children,2013,Fruits,2
Medium,Graduation,Has Children,2013,Fruits,2
High,PhD,Has Children,2014,Fruits,0
High,Diploma,No Children,2012,Fruits,54
Medium,PhD,Has Children,2014,Fruits,0
Medium,PhD,Has Children,2014,Fruits,0
High,Graduation,Has Children,2013,Fruits,199
Medium,Master,Has Children,2014,Fruits,0
Medium,Graduation,Has Children,2013,Fruits,64
Medium,Graduation,Has Children,2012,Fruits,2
High,Diploma,No Children,2013,Fruits,20
Low,Graduation,Has Children,2014,Fruits,2
Medium,Master,Has Children,2014,Fruits,2
Low,Graduation,No Children,2013,Fruits,2
Medium,Diploma,Has Children,2012,Fruits,35
Medium,Diploma,Has Children,2013,Fruits,39
Medium,PhD,Has Children,2013,Fruits,11
Medium,Master,Has Children,2013,Fruits,11
Low,Master,Has Children,2013,Fruits,0
Medium,Graduation,Has Children,2013,Fruits,62
Medium,Graduation,Has Children,2012,Fruits,12
High,PhD,No Children,2013,Fruits,0
High,Graduation,Has Children,2014,Fruits,47
Low,Graduation,Has Children,2014,Fruits,0
Medium,Diploma,Has Children,2014,Fruits,13
High,Master,Has Children,2013,Fruits,58
High,Graduation,No Children,2013,Fruits,22
Medium,Master,Has Children,2013,Fruits,4
Medium,Graduation,Has Children,2013,Fruits,12
High,Master,No Children,2014,Fruits,68
Low,Diploma,Has Children,2013,Fruits,23
Low,Graduation,Has Children,2014,Fruits,10
Medium,Graduation,Has Children,2012,Fruits,1
Medium,Graduation,Has Children,2013,Fruits,1
Medium,Diploma,Has Children,2014,Fruits,0
High,PhD,No Children,2012,Fruits,102
High,PhD,No Children,2013,Fruits,55
Medium,PhD,Has Children,2012,Fruits,2
Medium,Graduation,Has Children,2013,Fruits,0
Medium,Graduation,Has Children,2013,Fruits,14
High,Master,No Children,2013,Fruits,60
Medium,Graduation,Has Children,2013,Fruits,3
Medium,Master,Has Children,2012,Fruits,20
High,Graduation,No Children,2014,Fruits,31
Low,Basic,Has Children,2014,Fruits,0
Medium,PhD,No Children,2013,Fruits,8
Medium,PhD,Has Children,2012,Fruits,8
High,Graduation,Has Children,2013,Fruits,58
High,Graduation,Has Children,2014,Fruits,138
Medium,PhD,Has Children,2013,Fruits,55
Low,Graduation,Has Children,2013,Fruits,17
High,Graduation,No Children,2013,Fruits,33
Medium,Graduation,Has Children,2013,Fruits,0
High,Graduation,No Children,2013,Fruits,101
Medium,Graduation,No Children,2013,Fruits,21
Medium,Graduation,Has Children,2013,Fruits,7
High,Graduation,No Children,2014,Fruits,92
High,Graduation,No Children,2013,Fruits,28
Medium,Graduation,Has Children,2013,Fruits,1
Medium,Graduation,Has Children,2014,Fruits,0
Medium,PhD,No Children,2014,Fruits,9
High,PhD,No Children,2013,Fruits,28
High,Graduation,No Children,2013,Fruits,12
Medium,PhD,Has Children,2013,Fruits,0
Medium,Master,Has Children,2013,Fruits,3
High,Graduation,No Children,2012,Fruits,29
High,Graduation,No Children,2013,Fruits,61
High,Master,No Children,2013,Fruits,19
High,PhD,No Children,2013,Fruits,19
Medium,Diploma,Has Children,2013,Fruits,29
High,PhD,No Children,2013,Fruits,64
Medium,PhD,Has Children,2014,Fruits,0
High,Graduation,No Children,2013,Fruits,26
Medium,Master,Has Children,2013,Fruits,20
Medium,PhD,Has Children,2014,Fruits,6
High,Graduation,Has Children,2014,Fruits,99
Low,Master,No Children,2012,Fruits,28
High,Graduation,No Children,2014,Fruits,23
High,Diploma,No Children,2013,Fruits,111
High,Graduation,No Children,2014,Fruits,152
High,PhD,Has Children,2013,Fruits,80
High,PhD,No Children,2014,Fruits,0
Medium,Graduation,Has Children,2014,Fruits,9
High,PhD,Has Children,2012,Fruits,0
Low,Basic,Has Children,2012,Fruits,4
High,Graduation,No Children,2014,Fruits,35
Medium,PhD,Has Children,2014,Fruits,0
High,Graduation,No Children,2013,Fruits,21
High,PhD,Has Children,2013,Fruits,0
Medium,Graduation,Has Children,2013,Fruits,17
High,PhD,Has Children,2013,Fruits,7
High,Diploma,Has Children,2013,Fruits,86
Medium,PhD,Has Children,2013,Fruits,12
High,Graduation,No Children,2013,Fruits,98
High,Graduation,No Children,2013,Fruits,24
Low,Basic,No Children,2012,Fruits,7
Medium,PhD,No Children,2012,Fruits,0
Medium,Diploma,Has Children,2014,Fruits,42
High,Graduation,Has Children,2013,Fruits,25
Medium,Graduation,Has Children,2013,Fruits,2
High,Diploma,Has Children,2012,Fruits,28
Low,PhD,Has Children,2014,Fruits,0
Medium,PhD,Has Children,2014,Fruits,0
Medium,Master,Has Children,2013,Fruits,7
Medium,PhD,Has Children,2013,Fruits,6
Medium,Master,Has Children,2014,Fruits,0
Low,PhD,Has Children,2013,Fruits,2
Medium,Graduation,Has Children,2012,Fruits,27
Medium,Graduation,Has Children,2012,Fruits,5
Medium,Graduation,Has Children,2014,Fruits,2
Medium,PhD,Has Children,2013,Fruits,3
High,Graduation,Has Children,2012,Fruits,85
Medium,PhD,Has Children,2014,Fruits,0
Medium,Master,Has Children,2012,Fruits,7
Medium,PhD,Has Children,2013,Fruits,4
Medium,Graduation,Has Children,2014,Fruits,12
Medium,Graduation,Has Children,2013,Fruits,107
High,Graduation,No Children,2013,Fruits,21
Medium,Graduation,Has Children,2012,Fruits,2
Medium,PhD,Has Children,2013,Fruits,0
Medium,Graduation,Has Children,2012,Fruits,36
High,Graduation,No Children,2014,Fruits,137
Medium,PhD,Has Children,2013,Fruits,0
Low,Diploma,Has Children,2012,Fruits,5
Medium,Diploma,Has Children,2013,Fruits,35
High,Master,No Children,2012,Fruits,138
High,Graduation,No Children,2014,Fruits,8
High,Master,No Children,2012,Fruits,55
Medium,Master,Has Children,2013,Fruits,3
Medium,Graduation,Has Children,2014,Fruits,9
Medium,Graduation,Has Children,2013,Fruits,17
Medium,Diploma,Has Children,2013,Fruits,1
Low,Graduation,No Children,2014,Fruits,1
Medium,Master,Has Children,2013,Fruits,3
High,Graduation,Has Children,2013,Fruits,43
High,Graduation,No Children,2013,Fruits,168
High,PhD,Has Children,2013,Fruits,3
High,PhD,No Children,2013,Fruits,93
High,Graduation,No Children,2013,Fruits,22
High,Diploma,No Children,2013,Fruits,26
Medium,PhD,Has Children,2014,Fruits,0
High,Graduation,No Children,2014,Fruits,17
Low,Diploma,Has Children,2012,Fruits,6
Medium,Master,Has Children,2012,Fruits,5
High,Graduation,Has Children,2014,Fruits,63
High,Graduation,Has Children,2014,Fruits,0
Medium,Graduation,No Children,2014,Fruits,2
High,Graduation,No Children,2013,Fruits,0
Low,Graduation,Has Children,2014,Fruits,10
Medium,Graduation,Has Children,2013,Fruits,25
Medium,Graduation,Has Children,2013,Fruits,8
High,PhD,Has Children,2012,Fruits,19
High,PhD,No Children,2013,Fruits,21
Medium,Diploma,Has Children,2013,Fruits,16
Low,Graduation,Has Children,2013,Fruits,12
Medium,PhD,Has Children,2013,Fruits,2
Medium,Graduation,Has Children,2013,Fruits,43
High,Master,Has Children,2012,Fruits,46
High,Graduation,No Children,2013,Fruits,31
Low,Graduation,Has Children,2014,Fruits,3
Medium,PhD,Has Children,2013,Fruits,0
High,Graduation,Has Children,2012,Fruits,0
Medium,PhD,Has Children,2014,Fruits,1
Medium,Graduation,Has Children,2013,Fruits,20
Medium,Master,Has Children,2012,Fruits,0
Medium,Master,Has Children,2014,Fruits,0
Medium,Master,No Children,2014,Fruits,67
High,Diploma,No Children,2014,Fruits,114
Medium,Graduation,No Children,2013,Fruits,4
Medium,Graduation,Has Children,2013,Fruits,3
Low,Graduation,No Children,2013,Fruits,42
Medium,Graduation,Has Children,2014,Fruits,2
Low,PhD,Has Children,2013,Fruits,1
High,PhD,Has Children,2013,Fruits,36
Medium,Master,Has Children,2014,Fruits,0
Low,Graduation,Has Children,2012,Fruits,9
Medium,PhD,Has Children,2013,Fruits,53
Low,Graduation,Has Children,2013,Fruits,8
Low,Basic,Has Children,2013,Fruits,8
Medium,PhD,Has Children,2013,Fruits,0
High,Diploma,Has Children,2012,Fruits,80
High,Graduation,No Children,2013,Fruits,98
High,Graduation,No Children,2013,Fruits,172
High,Graduation,No Children,2014,Fruits,81
Medium,Diploma,Has Children,2013,Fruits,10
High,Graduation,No Children,2014,Fruits,60
Low,Graduation,No Children,2012,Fruits,33
Medium,PhD,Has Children,2014,Fruits,1
Medium,Master,Has Children,2013,Fruits,0
Medium,PhD,Has Children,2014,Fruits,3
Medium,Graduation,Has Children,2013,Fruits,0
High,Graduation,Has Children,2014,Fruits,24
Medium,Graduation,Has Children,2012,Fruits,1
Low,Graduation,No Children,2012,Fruits,18
High,Graduation,No Children,2014,Fruits,30
Medium,Graduation,Has Children,2013,Fruits,0
Medium,Master,Has Children,2012,Fruits,1
Medium,Master,Has Children,2013,Fruits,11
High,PhD,Has Children,2013,Fruits,96
Medium,Graduation,Has Children,2012,Fruits,12
Medium,Graduation,Has Children,2013,Fruits,13
High,Diploma,No Children,2014,Fruits,114
Low,PhD,Has Children,2014,Fruits,0
High,PhD,No Children,2013,Fruits,22
Low,Diploma,Has Children,2013,Fruits,2
Low,Master,Has Children,2013,Fruits,0
High,Graduation,No Children,2012,Fruits,44
Medium,Graduation,Has Children,2012,Fruits,5
Medium,PhD,No Children,2013,Fruits,0
High,Graduation,No Children,2012,Fruits,28
High,Graduation,No Children,2013,Fruits,28
High,Master,Has Children,2012,Fruits,0
High,Graduation,Has Children,2013,Fruits,19
Medium,PhD,No Children,2013,Fruits,83
Medium,PhD,Has Children,2014,Fruits,0
High,PhD,Has Children,2014,Fruits,19
Low,Graduation,Has Children,2012,Fruits,4
High,Graduation,No Children,2014,Fruits,117
High,Diploma,Has Children,2012,Fruits,33
Low,Graduation,No Children,2012,Fruits,2
High,Graduation,No Children,2014,Fruits,44
Medium,PhD,Has Children,2014,Fruits,0
High,Graduation,Has Children,2012,Fruits,114
Medium,Graduation,Has Children,2012,Fruits,21
Medium,Graduation,Has Children,2014,Fruits,0
Medium,Graduation,No Children,2013,Fruits,10
High,Graduation,No Children,2013,Fruits,178
High,PhD,No Children,2013,Fruits,44
Low,Diploma,Has Children,2013,Fruits,1
Medium,Master,Has Children,2014,Fruits,14
Medium,PhD,Has Children,2013,Fruits,2
High,Graduation,No Children,2014,Fruits,108
Medium,Graduation,Has Children,2012,Fruits,10
High,Graduation,No Children,2012,Fruits,42
Medium,Graduation,Has Children,2013,Fruits,0
High,Master,No Children,2013,Fruits,57
Medium,Graduation,Has Children,2013,Fruits,8
Low,Graduation,Has Children,2013,Fruits,1
High,PhD,No Children,2013,Fruits,27
Medium,Graduation,Has Children,2014,Fruits,0
High,PhD,No Children,2014,Fruits,130
High,PhD,No Children,2014,Fruits,19
Medium,PhD,Has Children,2014,Fruits,8
High,Graduation,No Children,2013,Fruits,23
Medium,PhD,Has Children,2013,Fruits,4
Medium,PhD,Has Children,2014,Fruits,0
High,Graduation,Has Children,2013,Fruits,50
High,Graduation,Has Children,2014,Fruits,8
High,Diploma,No Children,2012,Fruits,80
Low,Master,Has Children,2013,Fruits,0
Medium,Graduation,Has Children,2013,Fruits,35
High,Graduation,No Children,2013,Fruits,161
Medium,Diploma,Has Children,2013,Fruits,54
Medium,Graduation,Has Children,2013,Fruits,19
Medium,Graduation,Has Children,2013,Fruits,2
Medium,Graduation,Has Children,2014,Fruits,0
High,PhD,No Children,2013,Fruits,53
Medium,PhD,Has Children,2014,Fruits,0
Low,Diploma,No Children,2013,Fruits,4
High,Diploma,Has Children,2014,Fruits,32
High,Graduation,Has Children,2014,Fruits,9
High,Graduation,No Children,2013,Fruits,56
High,Diploma,No Children,2013,Fruits,45
Medium,PhD,Has Children,2014,Fruits,0
High,Master,No Children,2014,Fruits,19
Low,PhD,Has Children,2013,Fruits,3
High,Graduation,Has Children,2013,Fruits,28
Medium,PhD,Has Children,2013,Fruits,2
Medium,Master,No Children,2013,Fruits,39
Low,Basic,No Children,2013,Fruits,23
Medium,Diploma,Has Children,2013,Fruits,11
High,Graduation,Has Children,2013,Fruits,28
Medium,PhD,Has Children,2012,Fruits,0
Medium,Master,Has Children,2013,Fruits,0
Medium,Graduation,Has Children,2013,Fruits,17
Medium,Graduation,Has Children,2012,Fruits,5
Medium,Graduation,Has Children,2012,Fruits,3
High,Graduation,Has Children,2012,Fruits,47
Medium,Graduation,Has Children,2014,Fruits,0
Low,Basic,No Children,2013,Fruits,3
High,Diploma,No Children,2013,Fruits,29
High,Master,Has Children,2013,Fruits,8
Low,Graduation,Has Children,2013,Fruits,1
Medium,Graduation,Has Children,2014,Fruits,4
High,Graduation,Has Children,2012,Fruits,42
High,Graduation,No Children,2013,Fruits,138
Medium,Diploma,Has Children,2014,Fruits,5
Medium,PhD,Has Children,2012,Fruits,4
High,PhD,No Children,2013,Fruits,76
Low,Master,No Children,2014,Fruits,4
Medium,Graduation,Has Children,2013,Fruits,5
Medium,Master,Has Children,2013,Fruits,48
Medium,Graduation,Has Children,2013,Fruits,0
Low,Diploma,Has Children,2014,Fruits,5
Medium,PhD,Has Children,2013,Fruits,0
High,Graduation,No Children,2013,Fruits,124
Low,Master,Has Children,2014,Fruits,0
Medium,Graduation,Has Children,2013,Fruits,7
Medium,Graduation,Has Children,2012,Fruits,0
Medium,PhD,Has Children,2013,Fruits,3
Low,Graduation,Has Children,2012,Fruits,0
Medium,PhD,No Children,2013,Fruits,40
High,Graduation,Has Children,2012,Fruits,126
Low,Graduation,Has Children,2012,Fruits,2
High,Graduation,No Children,2012,Fruits,35
Medium,Master,Has Children,2014,Fruits,6
Low,PhD,Has Children,2014,Fruits,0
Medium,Graduation,Has Children,2013,Fruits,9
Medium,Graduation,No Children,2012,Fruits,105
High,Graduation,No Children,2014,Fruits,80
Medium,Graduation,Has Children,2013,Fruits,80
Medium,Graduation,Has Children,2014,Fruits,5
Medium,Graduation,Has Children,2012,Fruits,0
Medium,Graduation,Has Children,2012,Fruits,4
High,Graduation,No Children,2012,Fruits,45
Medium,PhD,Has Children,2013,Fruits,0
High,Graduation,Has Children,2013,Fruits,35
Medium,Diploma,Has Children,2013,Fruits,13
Medium,Graduation,Has Children,2012,Fruits,9
High,Graduation,No Children,2013,Fruits,75
High,Graduation,No Children,2014,Fruits,40
Low,Basic,No Children,2014,Fruits,0
Low,Diploma,No Children,2014,Fruits,6
High,PhD,No Children,2012,Fruits,83
High,Master,Has Children,2014,Fruits,7
Low,Basic,Has Children,2013,Fruits,23
Medium,Master,Has Children,2013,Fruits,2
Medium,Master,Has Children,2012,Fruits,0
Medium,Graduation,Has Children,2013,Fruits,21
Low,Graduation,Has Children,2013,Fruits,5
High,Master,No Children,2014,Fruits,120
Medium,Graduation,Has Children,2013,Fruits,14
Medium,Graduation,Has Children,2013,Fruits,8
Medium,PhD,Has Children,2013,Fruits,0
Low,Basic,Has Children,2013,Fruits,12
Low,Graduation,Has Children,2014,Fruits,1
Low,Graduation,Has Children,2013,Fruits,4
Medium,Graduation,Has Children,2013,Fruits,2
High,PhD,Has Children,2013,Fruits,0
Medium,PhD,Has Children,2012,Fruits,1
Medium,Diploma,Has Children,2014,Fruits,2
High,Master,No Children,2012,Fruits,66
High,Master,Has Children,2012,Fruits,0
Medium,Graduation,Has Children,2014,Fruits,0
High,Graduation,Has Children,2014,Fruits,13
Medium,Master,Has Children,2013,Fruits,2
High,Master,Has Children,2013,Fruits,15
Medium,Diploma,Has Children,2013,Fruits,12
High,Master,Has Children,2013,Fruits,34
High,PhD,No Children,2014,Fruits,8
Medium,Diploma,Has Children,2012,Fruits,142
Medium,Graduation,Has Children,2013,Fruits,6
Medium,Graduation,Has Children,2013,Fruits,104
Medium,Master,Has Children,2013,Fruits,3
Low,Graduation,Has Children,2012,Fruits,2
High,Master,No Children,2013,Fruits,10
Medium,Master,Has Children,2013,Fruits,13
High,PhD,No Children,2013,Fruits,100
Low,Graduation,No Children,2013,Fruits,12
Medium,PhD,Has Children,2014,Fruits,0
Medium,Graduation,Has Children,2013,Fruits,3
Medium,Graduation,Has Children,2013,Fruits,3
High,Graduation,Has Children,2013,Fruits,73
High,Graduation,Has Children,2013,Fruits,38
High,Graduation,No Children,2013,Fruits,59
Medium,Graduation,Has Children,2012,Fruits,6
Medium,Graduation,Has Children,2013,Fruits,9
High,Graduation,Has Children,2013,Fruits,83
Medium,PhD,Has Children,2012,Fruits,0
High,PhD,No Children,2013,Fruits,0
Medium,Graduation,Has Children,2013,Fruits,0
Low,Basic,Has Children,2012,Fruits,45
Low,Graduation,Has Children,2013,Fruits,6
High,Diploma,No Children,2013,Fruits,61
Medium,Graduation,Has Children,2013,Fruits,1
Medium,PhD,Has Children,2013,Fruits,1
High,PhD,Has Children,2013,Fruits,12
High,PhD,No Children,2013,Fruits,15
Low,Graduation,Has Children,2012,Fruits,7
Medium,Master,Has Children,2013,Fruits,3
Medium,Master,Has Children,2014,Fruits,0
Medium,Graduation,Has Children,2013,Fruits,5
Medium,PhD,Has Children,2013,Fruits,0
Medium,Graduation,Has Children,2014,Fruits,5
Low,Graduation,Has Children,2013,Fruits,3
Medium,PhD,Has Children,2014,Fruits,0
High,Graduation,Has Children,2014,Fruits,0
Medium,Master,Has Children,2014,Fruits,1
High,Graduation,No Children,2013,Fruits,15
Low,Graduation,Has Children,2013,Fruits,4
Medium,Graduation,Has Children,2013,Fruits,11
Low,Basic,Has Children,2014,Fruits,6
Medium,PhD,Has Children,2013,Fruits,1
High,Graduation,Has Children,2014,Fruits,106
High,Master,No Children,2014,Fruits,51
Low,PhD,Has Children,2012,Fruits,9
Low,Graduation,No Children,2014,Fruits,1
Low,Basic,Has Children,2012,Fruits,17
Medium,Graduation,Has Children,2013,Fruits,0
Low,PhD,Has Children,2014,Fruits,0
High,Graduation,Has Children,2014,Fruits,19
High,PhD,No Children,2013,Fruits,29
High,Graduation,Has Children,2013,Fruits,28
High,PhD,Has Children,2013,Fruits,59
High,Graduation,Has Children,2013,Fruits,27
High,Graduation,Has Children,2013,Fruits,23
Medium,PhD,Has Children,2012,Fruits,0
High,Diploma,Has Children,2012,Fruits,15
High,Graduation,Has Children,2014,Fruits,81
Medium,Graduation,Has Children,2014,Fruits,0
High,Graduation,No Children,2013,Fruits,63
Medium,PhD,Has Children,2014,Fruits,0
High,PhD,No Children,2013,Fruits,17
High,Master,No Children,2013,Fruits,51
Medium,Graduation,Has Children,2013,Fruits,0
Medium,Graduation,Has Children,2014,Fruits,0
High,Graduation,No Children,2013,Fruits,161
Medium,PhD,Has Children,2012,Fruits,6
Low,Graduation,Has Children,2013,Fruits,4
Medium,PhD,Has Children,2013,Fruits,1
High,Diploma,No Children,2014,Fruits,26
Medium,Graduation,No Children,2014,Fruits,38
High,Master,Has Children,2013,Fruits,15
Medium,Graduation,Has Children,2012,Fruits,17
Medium,Master,Has Children,2013,Fruits,5
Low,Master,Has Children,2012,Fruits,6
High,Graduation,Has Children,2013,Fruits,12
Medium,Master,Has Children,2013,Fruits,2
Medium,Graduation,Has Children,2013,Fruits,0
High,Graduation,No Children,2012,Fruits,21
Medium,Graduation,Has Children,2013,Fruits,6
High,Graduation,No Children,2012,Fruits,185
Medium,Diploma,No Children,2012,Fruits,54
Medium,PhD,Has Children,2012,Fruits,4
Medium,Master,No Children,2013,Fruits,61
Low,Basic,No Children,2012,Fruits,23
Medium,Graduation,Has Children,2013,Fruits,2
Medium,PhD,Has Children,2012,Fruits,0
Medium,Diploma,Has Children,2013,Fruits,2
High,Master,No Children,2013,Fruits,147
Medium,Graduation,No Children,2012,Fruits,112
Low,Graduation,No Children,2013,Fruits,2
Low,Graduation,Has Children,2013,Fruits,1
Medium,Diploma,Has Children,2014,Fruits,5
Medium,PhD,Has Children,2013,Fruits,0
Medium,PhD,Has Children,2014,Fruits,0
High,Master,Has Children,2014,Fruits,1
Medium,PhD,Has Children,2013,Fruits,2
Medium,Graduation,Has Children,2013,Fruits,7
High,Graduation,No Children,2014,Fruits,79
Low,Graduation,Has Children,2012,Fruits,5
High,Graduation,No Children,2013,Fruits,24
Low,Diploma,No Children,2014,Fruits,6
Medium,Graduation,Has Children,2013,Fruits,5
High,Graduation,No Children,2012,Fruits,72
High,Graduation,Has Children,2013,Fruits,7
Medium,Graduation,Has Children,2013,Fruits,6
High,PhD,No Children,2014,Fruits,29
High,Graduation,No Children,2014,Fruits,0
Medium,Graduation,Has Children,2013,Fruits,51
High,PhD,Has Children,2014,Fruits,32
High,Master,No Children,2012,Fruits,14
Medium,Master,Has Children,2013,Fruits,5
High,Diploma,Has Children,2013,Fruits,162
Medium,Diploma,Has Children,2014,Fruits,40
Low,PhD,Has Children,2013,Fruits,0
Medium,Graduation,Has Children,2013,Fruits,45
Medium,Diploma,Has Children,2014,Fruits,2
Medium,Graduation,Has Children,2013,Fruits,4
Medium,Graduation,Has Children,2014,Fruits,2
High,Master,No Children,2013,Fruits,86
Medium,Master,Has Children,2013,Fruits,6
High,Graduation,Has Children,2014,Fruits,48
Medium,Graduation,Has Children,2012,Fruits,8
Low,Basic,Has Children,2014,Fruits,10
High,Master,Has Children,2013,Fruits,0
Low,Graduation,No Children,2014,Fruits,7
Medium,PhD,Has Children,2013,Fruits,4
Low,Master,No Children,2013,Fruits,11
High,PhD,No Children,2013,Fruits,53
Low,Graduation,Has Children,2014,Fruits,5
Medium,Graduation,Has Children,2012,Fruits,57
High,Graduation,Has Children,2013,Fruits,36
High,Graduation,No Children,2013,Fruits,70
High,Master,Has Children,2012,Fruits,0
Medium,Graduation,Has Children,2013,Fruits,33
High,Graduation,No Children,2013,Fruits,108
Medium,Master,No Children,2014,Fruits,2
Medium,Graduation,Has Children,2013,Fruits,6
Medium,Graduation,Has Children,2012,Fruits,13
Medium,Graduation,Has Children,2014,Fruits,0
Medium,Master,Has Children,2012,Fruits,6
High,Master,Has Children,2012,Fruits,0
Low,Graduation,No Children,2013,Fruits,0
Low,Basic,Has Children,2013,Fruits,4
Medium,Graduation,Has Children,2013,Fruits,10
Low,Diploma,Has Children,2013,Fruits,7
Medium,PhD,No Children,2013,Fruits,46
High,Graduation,Has Children,2013,Fruits,7
High,PhD,No Children,2013,Fruits,76
High,PhD,No Children,2013,Fruits,73
High,Graduation,No Children,2013,Fruits,0
Low,Graduation,Has Children,2012,Fruits,2
High,Graduation,Has Children,2014,Fruits,12
High,Graduation,No Children,2012,Fruits,25
High,Graduation,Has Children,2013,Fruits,161
Medium,Graduation,Has Children,2013,Fruits,15
High,PhD,No Children,2014,Fruits,17
High,Graduation,No Children,2013,Fruits,129
Medium,Master,Has Children,2013,Fruits,1
Medium,Graduation,Has Children,2012,Fruits,24
Low,Basic,Has Children,2013,Fruits,4
Medium,Graduation,Has Children,2013,Fruits,15
Medium,Diploma,No Children,2012,Fruits,21
Medium,Diploma,Has Children,2013,Fruits,7
High,Master,Has Children,2012,Fruits,10
Medium,Graduation,Has Children,2013,Fruits,7
Medium,Graduation,Has Children,2013,Fruits,4
Medium,Master,Has Children,2013,Fruits,19
High,Graduation,Has Children,2014,Fruits,11
Medium,Graduation,Has Children,2014,Fruits,6
Medium,Diploma,Has Children,2013,Fruits,4
Medium,Master,Has Children,2013,Fruits,0
Medium,PhD,Has Children,2012,Fruits,0
Medium,PhD,Has Children,2013,Fruits,8
Medium,Graduation,Has Children,2012,Fruits,10
Medium,Graduation,Has Children,2013,Fruits,0
Low,Graduation,Has Children,2013,Fruits,13
Medium,Master,Has Children,2013,Fruits,0
Medium,Master,Has Children,2013,Fruits,5
Medium,Master,Has Children,2014,Fruits,14
Medium,Diploma,Has Children,2013,Fruits,10
Medium,Graduation,Has Children,2012,Fruits,4
Medium,Diploma,Has Children,2014,Fruits,1
Low,Graduation,Has Children,2012,Fruits,3
High,Graduation,No Children,2014,Fruits,24
Medium,PhD,Has Children,2014,Fruits,1
Low,Diploma,Has Children,2013,Fruits,1
Medium,Graduation,Has Children,2012,Fruits,1
High,Graduation,No Children,2014,Fruits,93
Medium,Master,Has Children,2013,Fruits,0
Low,Graduation,Has Children,2013,Fruits,14
Medium,PhD,Has Children,2014,Fruits,1
Medium,Diploma,Has Children,2012,Fruits,4
Low,PhD,Has Children,2014,Fruits,0
High,Master,Has Children,2013,Fruits,7
Medium,Graduation,Has Children,2014,Fruits,0
Low,Graduation,Has Children,2014,Fruits,3
High,Master,Has Children,2013,Fruits,15
Medium,PhD,Has Children,2012,Fruits,64
High,Graduation,Has Children,2012,Fruits,2
High,Graduation,Has Children,2014,Fruits,14
Medium,Graduation,Has Children,2014,Fruits,1
Medium,Graduation,Has Children,2012,Fruits,5
Medium,Master,Has Children,2012,Fruits,7
Medium,PhD,Has Children,2012,Fruits,3
Medium,Master,Has Children,2013,Fruits,12
High,Master,Has Children,2013,Fruits,35
Medium,Graduation,Has Children,2012,Fruits,13
Medium,PhD,Has Children,2012,Fruits,2
High,PhD,Has Children,2012,Fruits,7
High,Graduation,Has Children,2013,Fruits,16
Medium,Master,Has Children,2014,Fruits,1
High,Graduation,No Children,2014,Fruits,93
Medium,Graduation,Has Children,2013,Fruits,12
Medium,Graduation,Has Children,2013,Fruits,56
Low,Basic,No Children,2013,Fruits,23
Medium,Graduation,No Children,2014,Fruits,28
Medium,Graduation,Has Children,2014,Fruits,4
Low,Graduation,Has Children,2014,Fruits,3
Medium,PhD,Has Children,2014,Fruits,0
High,Diploma,No Children,2013,Fruits,172
High,Graduation,Has Children,2012,Fruits,12
Medium,PhD,Has Children,2014,Fruits,1
Low,Graduation,No Children,2012,Fruits,1
Low,Graduation,Has Children,2013,Fruits,18
Medium,PhD,Has Children,2013,Fruits,0
Medium,PhD,Has Children,2013,Fruits,1
Medium,Diploma,Has Children,2014,Fruits,10
Medium,Graduation,No Children,2013,Fruits,87
Low,Master,Has Children,2013,Fruits,0
Medium,Diploma,Has Children,2014,Fruits,3
High,Graduation,No Children,2013,Fruits,21
Medium,Graduation,Has Children,2013,Fruits,3
High,Graduation,Has Children,2013,Fruits,26
Medium,Diploma,Has Children,2013,Fruits,2
High,Graduation,Has Children,2012,Fruits,2
Low,Diploma,No Children,2013,Fruits,4
Medium,Graduation,No Children,2014,Fruits,36
Medium,Graduation,Has Children,2013,Fruits,12
Medium,Graduation,Has Children,2013,Fruits,2
Medium,Master,Has Children,2013,Fruits,1
Low,Graduation,Has Children,2012,Fruits,0
High,Master,No Children,2012,Fruits,19
High,Graduation,No Children,2013,Fruits,168
Medium,Graduation,No Children,2013,Fruits,27
High,Diploma,No Children,2012,Fruits,35
Medium,Graduation,Has Children,2012,Fruits,8
High,PhD,No Children,2013,Fruits,54
High,Diploma,Has Children,2014,Fruits,27
Medium,Graduation,Has Children,2013,Fruits,10
High,Graduation,No Children,2014,Fruits,151
High,Graduation,No Children,2013,Fruits,102
Medium,PhD,Has Children,2013,Fruits,0
Medium,PhD,No Children,2012,Fruits,13
High,Graduation,No Children,2014,Fruits,81
Medium,Graduation,Has Children,2012,Fruits,3
Low,Graduation,Has Children,2013,Fruits,8
High,Graduation,No Children,2014,Fruits,68
Medium,PhD,No Children,2012,Fruits,64
High,Master,Has Children,2014,Fruits,5
Medium,Graduation,Has Children,2013,Fruits,59
Medium,PhD,Has Children,2014,Fruits,0
Low,Graduation,Has Children,2014,Fruits,13
Low,Master,Has Children,2013,Fruits,0
Medium,Master,Has Children,2013,Fruits,23
Medium,Graduation,Has Children,2013,Fruits,10
High,Graduation,No Children,2013,Fruits,31
Medium,PhD,Has Children,2014,Fruits,0
High,Graduation,Has Children,2013,Fruits,84
Low,Diploma,Has Children,2013,Fruits,3
Medium,Graduation,Has Children,2013,Fruits,7
Medium,Graduation,Has Children,2013,Fruits,0
High,PhD,Has Children,2012,Fruits,24
High,Graduation,Has Children,2012,Fruits,35
Medium,Graduation,Has Children,2013,Fruits,8
High,Master,No Children,2012,Fruits,14
Medium,PhD,Has Children,2013,Fruits,0
Medium,Master,No Children,2013,Fruits,1
Medium,PhD,Has Children,2014,Fruits,0
High,Graduation,Has Children,2013,Fruits,199
High,Graduation,Has Children,2012,Fruits,28
Low,Diploma,Has Children,2013,Fruits,3
Low,Graduation,Has Children,2013,Fruits,4
High,Diploma,Has Children,2012,Fruits,97
High,Master,Has Children,2013,Fruits,25
High,Master,No Children,2014,Fruits,127
High,PhD,Has Children,2014,Fruits,0
High,Graduation,Has Children,2013,Fruits,89
Medium,Master,Has Children,2013,Fruits,17
High,PhD,Has Children,2013,Fruits,42
Medium,PhD,Has Children,2013,Fruits,0
High,Graduation,No Children,2013,Fruits,172
Medium,Graduation,Has Children,2013,Fruits,35
Medium,Graduation,Has Children,2013,Fruits,3
High,Graduation,No Children,2014,Fruits,161
Medium,Graduation,Has Children,2013,Fruits,0
Medium,PhD,Has Children,2012,Fruits,10
High,Graduation,Has Children,2012,Fruits,56
High,Graduation,No Children,2013,Fruits,12
Medium,Master,Has Children,2013,Fruits,9
Medium,Diploma,Has Children,2014,Fruits,3
Medium,Graduation,Has Children,2012,Fruits,15
Medium,Master,Has Children,2012,Fruits,6
Medium,PhD,No Children,2012,Fruits,26
High,Master,No Children,2014,Fruits,8
Medium,Master,Has Children,2013,Fruits,5
Medium,Diploma,Has Children,2012,Fruits,104
High,PhD,No Children,2013,Fruits,197
Medium,Graduation,Has Children,2013,Fruits,16
High,Graduation,No Children,2014,Fruits,137
Medium,Master,Has Children,2012,Fruits,0
High,Graduation,Has Children,2012,Fruits,76
High,Graduation,No Children,2014,Fruits,42
Low,Diploma,No Children,2013,Fruits,12
Medium,Graduation,Has Children,2014,Fruits,51
Medium,Graduation,Has Children,2012,Fruits,0
Medium,Graduation,Has Children,2013,Fruits,8
Medium,Master,Has Children,2013,Fruits,1
Low,Graduation,Has Children,2012,Fruits,17
High,PhD,No Children,2013,Fruits,111
High,Graduation,No Children,2013,Fruits,98
Medium,Graduation,Has Children,2014,Fruits,6
Medium,PhD,Has Children,2014,Fruits,3
Low,Graduation,Has Children,2013,Fruits,1
Medium,Graduation,Has Children,2012,Fruits,0
High,PhD,No Children,2014,Fruits,194
Low,Graduation,Has Children,2012,Fruits,8
High,PhD,No Children,2014,Fruits,48
Low,Graduation,Has Children,2013,Fruits,11
Medium,Diploma,Has Children,2012,Fruits,43
Medium,Diploma,Has Children,2013,Fruits,7
High,PhD,Has Children,2014,Fruits,62
Medium,Master,Has Children,2012,Fruits,0
Low,Diploma,Has Children,2012,Fruits,36
Low,Diploma,Has Children,2012,Fruits,20
Low,Graduation,Has Children,2013,Fruits,0
High,PhD,No Children,2013,Fruits,82
High,PhD,Has Children,2012,Fruits,0
Medium,Master,Has Children,2013,Fruits,40
Medium,Graduation,Has Children,2014,Fruits,4
High,Master,Has Children,2013,Fruits,72
High,Graduation,No Children,2012,Fruits,38
Medium,PhD,Has Children,2013,Fruits,0
Medium,Graduation,Has Children,2012,Fruits,0
Medium,Master,Has Children,2013,Fruits,4
Medium,Diploma,No Children,2013,Fruits,12
Medium,Graduation,No Children,2012,Fruits,4
High,Graduation,Has Children,2013,Fruits,35
Medium,Diploma,Has Children,2013,Fruits,1
Medium,Master,Has Children,2013,Fruits,1
High,Diploma,No Children,2014,Fruits,26
High,Graduation,Has Children,2012,Fruits,184
High,Graduation,No Children,2014,Fruits,30
High,Graduation,Has Children,2012,Fruits,80
Medium,Master,Has Children,2013,Fruits,1
Medium,Master,Has Children,2012,Fruits,2
Medium,Graduation,Has Children,2013,Fruits,1
Low,Graduation,Has Children,2013,Fruits,5
High,PhD,Has Children,2013,Fruits,88
Medium,Graduation,Has Children,2013,Fruits,12
Medium,Master,Has Children,2013,Fruits,0
Low,Graduation,Has Children,2012,Fruits,3
High,Graduation,Has Children,2014,Fruits,99
Medium,Graduation,Has Children,2014,Fruits,0
Medium,Graduation,Has Children,2013,Fruits,11
High,Master,Has Children,2012,Fruits,63
High,Graduation,Has Children,2014,Fruits,15
Medium,PhD,Has Children,2012,Fruits,0
High,PhD,Has Children,2013,Fruits,9
High,PhD,No Children,2012,Fruits,22
Medium,Graduation,Has Children,2012,Fruits,1
High,Master,No Children,2014,Fruits,120
Low,Master,Has Children,2013,Fruits,4
Medium,Graduation,Has Children,2012,Fruits,15
Medium,PhD,Has Children,2013,Fruits,0
Medium,Graduation,Has Children,2014,Fruits,3
High,PhD,No Children,2014,Fruits,0
Medium,Graduation,No Children,2013,Fruits,4
High,Master,Has Children,2013,Fruits,43
Medium,Graduation,Has Children,2014,Fruits,1
High,Master,No Children,2013,Fruits,32
High,Graduation,No Children,2013,Fruits,47
Medium,Master,Has Children,2014,Fruits,8
High,Graduation,No Children,2014,Fruits,23
Medium,PhD,Has Children,2014,Fruits,0
Medium,Master,Has Children,2012,Fruits,12
High,Graduation,No Children,2014,Fruits,58
Medium,Graduation,Has Children,2013,Fruits,6
High,Graduation,No Children,2013,Fruits,160
Medium,PhD,Has Children,2012,Fruits,1
High,Graduation,No Children,2013,Fruits,66
Low,Basic,Has Children,2012,Fruits,7
Medium,Master,Has Children,2013,Fruits,5
Medium,PhD,Has Children,2014,Fruits,0
Medium,PhD,Has Children,2012,Fruits,3
Low,Master,Has Children,2014,Fruits,2
Medium,Graduation,Has Children,2013,Fruits,8
High,Graduation,Has Children,2012,Fruits,107
Medium,PhD,Has Children,2014,Fruits,0
Medium,Master,Has Children,2013,Fruits,0
High,Master,No Children,2012,Fruits,108
High,Master,No Children,2013,Fruits,12
Medium,Graduation,Has Children,2013,Fruits,1
Low,Graduation,Has Children,2014,Fruits,1
Medium,PhD,Has Children,2013,Fruits,0
High,Graduation,Has Children,2013,Fruits,31
Medium,Diploma,Has Children,2013,Fruits,32
High,Master,Has Children,2014,Fruits,3
High,PhD,Has Children,2014,Fruits,19
High,Graduation,No Children,2012,Fruits,19
Low,Diploma,No Children,2012,Fruits,6
High,Graduation,No Children,2013,Fruits,185
Medium,Graduation,Has Children,2013,Fruits,2
Medium,Graduation,Has Children,2013,Fruits,0
Medium,Graduation,Has Children,2013,Fruits,115
Low,Graduation,Has Children,2013,Fruits,0
Medium,Graduation,Has Children,2014,Fruits,11
High,Graduation,Has Children,2014,Fruits,12
Medium,Master,Has Children,2012,Fruits,0
Medium,PhD,Has Children,2013,Fruits,1
Low,Graduation,Has Children,2013,Fruits,16
High,Diploma,No Children,2012,Fruits,96
Medium,Graduation,Has Children,2013,Fruits,8
Medium,Graduation,Has Children,2013,Fruits,18
Medium,PhD,Has Children,2014,Fruits,2
Medium,PhD,Has Children,2012,Fruits,71
Medium,PhD,No Children,2013,Fruits,133
Low,Graduation,Has Children,2014,Fruits,0
Medium,Diploma,Has Children,2013,Fruits,12
High,PhD,Has Children,2013,Fruits,112
Medium,PhD,Has Children,2013,Fruits,2
Medium,PhD,Has Children,2014,Fruits,0
Low,Graduation,Has Children,2013,Fruits,1
Medium,PhD,Has Children,2013,Fruits,15
Medium,PhD,Has Children,2013,Fruits,0
Medium,Graduation,Has Children,2013,Fruits,5
High,Graduation,No Children,2013,Fruits,77
Medium,Graduation,Has Children,2014,Fruits,1
Medium,Master,Has Children,2013,Fruits,1
Medium,Master,Has Children,2014,Fruits,0
High,PhD,Has Children,2013,Fruits,0
Medium,Graduation,Has Children,2012,Fruits,48
Low,Basic,Has Children,2013,Fruits,3
High,Diploma,Has Children,2014,Fruits,21
Medium,Master,No Children,2013,Fruits,1
Medium,Master,Has Children,2013,Fruits,7
Medium,Graduation,No Children,2014,Fruits,35
Medium,Graduation,No Children,2013,Fruits,140
Medium,PhD,Has Children,2014,Fruits,4
Low,Graduation,Has Children,2014,Fruits,1
High,Graduation,No Children,2012,Fruits,37
Medium,Graduation,Has Children,2012,Fruits,4
Low,PhD,Has Children,2013,Fruits,0
Medium,Master,Has Children,2014,Fruits,5
Medium,Master,Has Children,2013,Fruits,9
High,PhD,Has Children,2014,Fruits,30
Medium,Diploma,Has Children,2013,Fruits,16
High,Graduation,No Children,2014,Fruits,34
Medium,PhD,Has Children,2013,Fruits,13
Medium,Graduation,Has Children,2013,Fruits,23
High,Graduation,Has Children,2014,Fruits,24
Medium,Graduation,Has Children,2014,Fruits,5
Medium,PhD,No Children,2013,Fruits,2
Medium,Diploma,Has Children,2013,Fruits,8
High,PhD,Has Children,2013,Fruits,30
Medium,PhD,Has Children,2013,Fruits,5
High,PhD,Has Children,2013,Fruits,107
High,PhD,Has Children,2013,Fruits,59
Medium,PhD,No Children,2013,Fruits,2
High,Graduation,No Children,2013,Fruits,107
High,Master,No Children,2013,Fruits,102
High,Diploma,No Children,2013,Fruits,22
High,Graduation,Has Children,2012,Fruits,53
Low,Diploma,No Children,2012,Fruits,8
Low,Graduation,Has Children,2013,Fruits,15
Low,Basic,Has Children,2013,Fruits,1
Medium,PhD,Has Children,2013,Fruits,0
Medium,Graduation,Has Children,2014,Fruits,2
High,Graduation,No Children,2013,Fruits,117
Medium,Graduation,Has Children,2014,Fruits,5
Low,PhD,Has Children,2012,Fruits,0
Low,PhD,Has Children,2014,Fruits,0
Medium,Graduation,Has Children,2013,Fruits,7
Medium,Graduation,Has Children,2014,Fruits,0
High,Master,No Children,2012,Fruits,50
Medium,Graduation,Has Children,2013,Fruits,7
Medium,Graduation,Has Children,2013,Fruits,26
High,Graduation,No Children,2013,Fruits,70
Medium,Graduation,Has Children,2013,Fruits,5
High,Master,No Children,2013,Fruits,73
Low,PhD,Has Children,2013,Fruits,0
Low,Diploma,Has Children,2012,Fruits,6
Low,Graduation,No Children,2012,Fruits,4
High,Graduation,Has Children,2013,Fruits,131
Medium,Diploma,Has Children,2012,Fruits,1
High,PhD,No Children,2013,Fruits,21
Medium,PhD,Has Children,2012,Fruits,0
High,Master,Has Children,2014,Fruits,91
High,Graduation,Has Children,2012,Fruits,126
Medium,Master,Has Children,2014,Fruits,0
Low,Graduation,Has Children,2013,Fruits,8
Medium,PhD,Has Children,2014,Fruits,0
Low,Basic,Has Children,2012,Fruits,17
Medium,PhD,Has Children,2013,Fruits,6
Medium,Master,Has Children,2012,Fruits,12
Medium,Graduation,Has Children,2012,Fruits,10
High,Graduation,Has Children,2014,Fruits,0
Medium,PhD,Has Children,2014,Fruits,12
High,Graduation,No Children,2014,Fruits,61
High,Master,Has Children,2013,Fruits,44
Medium,Graduation,Has Children,2013,Fruits,2
High,Graduation,No Children,2012,Fruits,51
Low,Basic,Has Children,2014,Fruits,10
Medium,Graduation,Has Children,2012,Fruits,12
High,Graduation,Has Children,2013,Fruits,20
Low,Graduation,Has Children,2014,Fruits,3
Medium,Graduation,Has Children,2013,Fruits,5
Medium,PhD,Has Children,2012,Fruits,61
Low,Graduation,Has Children,2013,Fruits,2
High,PhD,No Children,2013,Fruits,44
High,Graduation,No Children,2013,Fruits,129
High,PhD,No Children,2014,Fruits,31
Medium,PhD,Has Children,2014,Fruits,3
Low,Master,Has Children,2014,Fruits,7
Medium,Graduation,Has Children,2012,Fruits,2
Low,Basic,Has Children,2013,Fruits,7
High,Master,Has Children,2013,Fruits,72
High,Graduation,Has Children,2013,Fruits,10
Medium,PhD,Has Children,2014,Fruits,0
Low,Graduation,No Children,2012,Fruits,1
Medium,Graduation,Has Children,2013,Fruits,2
High,Graduation,No Children,2014,Fruits,147
High,Diploma,Has Children,2013,Fruits,97
High,Graduation,Has Children,2013,Fruits,0
High,Graduation,Has Children,2014,Fruits,16
High,Graduation,No Children,2013,Fruits,21
Medium,Graduation,Has Children,2014,Fruits,13
Medium,PhD,Has Children,2013,Fruits,1
Medium,Graduation,Has Children,2014,Fruits,1
Medium,Graduation,Has Children,2013,Fruits,0
Medium,PhD,No Children,2014,Fruits,19
High,Graduation,No Children,2013,Fruits,23
Medium,PhD,Has Children,2013,Fruits,7
High,Graduation,No Children,2012,Fruits,132
Low,Basic,No Children,2012,Fruits,5
High,Master,No Children,2013,Fruits,26
High,Graduation,Has Children,2013,Fruits,21
High,PhD,No Children,2013,Fruits,86
High,PhD,Has Children,2012,Fruits,21
Medium,Graduation,Has Children,2012,Fruits,0
Medium,Diploma,Has Children,2014,Fruits,4
Medium,PhD,Has Children,2013,Fruits,0
Medium,Graduation,Has Children,2012,Fruits,0
Low,Basic,Has Children,2013,Fruits,9
Medium,Graduation,Has Children,2013,Fruits,2
Medium,Master,Has Children,2013,Fruits,1
Medium,PhD,Has Children,2014,Fruits,0
High,Graduation,Has Children,2013,Fruits,120
High,Diploma,Has Children,2013,Fruits,75
Low,Diploma,Has Children,2013,Fruits,3
Medium,Graduation,Has Children,2013,Fruits,3
High,Graduation,Has Children,2013,Fruits,20
Low,Diploma,Has Children,2013,Fruits,1
High,Graduation,Has Children,2013,Fruits,71
Medium,PhD,Has Children,2014,Fruits,1
High,Graduation,No Children,2013,Fruits,108
Low,Basic,No Children,2014,Fruits,9
Medium,Master,Has Children,2013,Fruits,1
Low,PhD,Has Children,2012,Fruits,3
Medium,PhD,No Children,2013,Fruits,9
High,Graduation,No Children,2012,Fruits,44
High,PhD,No Children,2013,Fruits,53
Medium,Graduation,Has Children,2014,Fruits,0
Medium,Graduation,Has Children,2012,Fruits,2
Low,Graduation,Has Children,2012,Fruits,4
Low,PhD,No Children,2012,Fruits,0
Medium,PhD,Has Children,2013,Fruits,0
High,Diploma,No Children,2013,Fruits,22
Low,Basic,Has Children,2012,Fruits,4
Medium,PhD,Has Children,2014,Fruits,1
High,Graduation,No Children,2012,Fruits,138
High,Graduation,Has Children,2013,Fruits,17
Medium,Graduation,Has Children,2013,Fruits,33
Medium,Graduation,Has Children,2012,Fruits,4
Medium,Graduation,Has Children,2012,Fruits,0
Medium,Graduation,Has Children,2013,Fruits,0
High,Diploma,Has Children,2012,Fruits,21
High,Graduation,Has Children,2013,Fruits,115
Medium,Graduation,Has Children,2013,Fruits,6
Medium,PhD,Has Children,2014,Fruits,0
High,Diploma,No Children,2013,Fruits,22
Medium,Graduation,Has Children,2014,Fruits,6
Medium,Graduation,Has Children,2013,Fruits,1
Low,Master,Has Children,2013,Fruits,0
High,Graduation,Has Children,2013,Fruits,48
Medium,Master,Has Children,2014,Fruits,3
High,Graduation,Has Children,2014,Fruits,26
High,Diploma,Has Children,2014,Fruits,21
High,Graduation,Has Children,2014,Fruits,38
High,Graduation,Has Children,2012,Fruits,0
Medium,Master,Has Children,2013,Fruits,0
Medium,Graduation,Has Children,2013,Fruits,7
Medium,Graduation,Has Children,2014,Fruits,0
Medium,Graduation,Has Children,2013,Fruits,16
Low,PhD,Has Children,2013,Fruits,4
Low,Graduation,Has Children,2013,Fruits,4
High,Graduation,No Children,2014,Fruits,51
High,PhD,No Children,2012,Fruits,34
Medium,Graduation,Has Children,2012,Fruits,2
Medium,PhD,Has Children,2012,Fruits,30
High,Master,No Children,2014,Fruits,8
High,Graduation,No Children,2013,Fruits,169
High,Graduation,Has Children,2013,Fruits,69
Low,PhD,Has Children,2013,Fruits,0
Medium,Diploma,Has Children,2013,Fruits,35
High,Graduation,No Children,2013,Fruits,27
Medium,Graduation,Has Children,2013,Fruits,9
Medium,PhD,Has Children,2014,Fruits,0
High,Graduation,Has Children,2014,Fruits,17
Medium,Master,Has Children,2013,Fruits,0
Medium,Master,Has Children,2013,Fruits,1
High,Graduation,Has Children,2013,Fruits,84
Medium,Diploma,No Children,2012,Fruits,17
Low,Graduation,Has Children,2013,Fruits,0
Medium,PhD,Has Children,2013,Fruits,6
High,Graduation,No Children,2013,Fruits,27
High,Master,No Children,2013,Fruits,92
Low,Master,Has Children,2013,Fruits,14
Low,Graduation,Has Children,2013,Fruits,4
Medium,Graduation,Has Children,2013,Fruits,0
Medium,PhD,Has Children,2013,Fruits,17
Medium,Graduation,Has Children,2014,Fruits,3
Medium,Graduation,Has Children,2013,Fruits,6
Medium,Graduation,Has Children,2012,Fruits,5
High,PhD,No Children,2013,Fruits,19
Medium,Graduation,Has Children,2013,Fruits,2
High,Diploma,Has Children,2012,Fruits,15
Medium,PhD,Has Children,2012,Fruits,14
Medium,PhD,Has Children,2013,Fruits,4
High,Master,No Children,2013,Fruits,48
Low,Master,Has Children,2014,Fruits,3
High,Master,No Children,2013,Fruits,66
High,Master,Has Children,2013,Fruits,7
High,PhD,No Children,2012,Fruits,21
Low,PhD,Has Children,2014,Fruits,0
Medium,Graduation,No Children,2013,Fruits,6
Medium,PhD,Has Children,2014,Fruits,0
Low,Graduation,Has Children,2014,Fruits,8
High,Diploma,No Children,2012,Fruits,27
Low,Graduation,Has Children,2013,Fruits,1
High,PhD,No Children,2012,Fruits,53
High,Graduation,No Children,2013,Fruits,169
High,PhD,No Children,2013,Fruits,50
High,Master,Has Children,2013,Fruits,0
Medium,Master,Has Children,2012,Fruits,1
Low,Master,No Children,2013,Fruits,4
High,PhD,No Children,2013,Fruits,44
Medium,Graduation,Has Children,2012,Fruits,77
High,PhD,Has Children,2012,Fruits,35
Low,Diploma,No Children,2013,Fruits,0
High,Graduation,Has Children,2013,Fruits,50
High,Graduation,Has Children,2013,Fruits,70
High,Graduation,No Children,2012,Fruits,25
High,Graduation,Has Children,2012,Fruits,23
Medium,Master,Has Children,2013,Fruits,0
Medium,Graduation,Has Children,2014,Fruits,2
Medium,Master,Has Children,2012,Fruits,0
High,Diploma,No Children,2014,Fruits,142
Low,PhD,Has Children,2014,Fruits,2
High,Graduation,Has Children,2013,Fruits,172
Medium,Graduation,Has Children,2014,Fruits,1
High,PhD,Has Children,2013,Fruits,19
Medium,Graduation,Has Children,2014,Fruits,10
Low,Diploma,No Children,2014,Fruits,8
Medium,Master,No Children,2012,Fruits,71
High,Graduation,No Children,2014,Fruits,114
High,PhD,Has Children,2013,Fruits,9
High,Graduation,Has Children,2013,Fruits,61
High,PhD,No Children,2012,Fruits,107
Medium,PhD,Has Children,2014,Fruits,0
Medium,PhD,Has Children,2014,Fruits,0
High,Master,Has Children,2013,Fruits,49
Medium,PhD,No Children,2014,Fruits,3
Medium,Graduation,Has Children,2012,Fruits,8
Medium,PhD,Has Children,2014,Fruits,1
High,PhD,No Children,2013,Fruits,100
High,Graduation,Has Children,2013,Fruits,30
Medium,Graduation,Has Children,2013,Fruits,10
High,PhD,No Children,2012,Fruits,134
High,Master,No Children,2014,Fruits,153
Medium,Graduation,Has Children,2013,Fruits,6
High,Graduation,Has Children,2014,Fruits,7
High,Graduation,No Children,2014,Fruits,86
Medium,Graduation,Has Children,2013,Fruits,21
Low,Basic,Has Children,2012,Fruits,4
High,PhD,No Children,2014,Fruits,31
High,PhD,No Children,2014,Fruits,2
Medium,PhD,Has Children,2013,Fruits,14
Medium,PhD,Has Children,2013,Fruits,1
Low,Graduation,No Children,2014,Fruits,5
High,Master,No Children,2014,Fruits,7
Low,Graduation,Has Children,2013,Fruits,1
Medium,Graduation,Has Children,2014,Fruits,0
High,Graduation,No Children,2013,Fruits,61
High,PhD,Has Children,2013,Fruits,47
Medium,Graduation,Has Children,2014,Fruits,0
Medium,Graduation,No Children,2013,Fruits,1
Medium,Master,Has Children,2013,Fruits,4
High,Diploma,No Children,2014,Fruits,183
High,Graduation,Has Children,2012,Fruits,40
High,Master,No Children,2012,Fruits,138
High,Graduation,Has Children,2012,Fruits,50
Medium,PhD,Has Children,2013,Fruits,0
Medium,Graduation,Has Children,2012,Fruits,0
Low,Graduation,No Children,2013,Fruits,0
Medium,PhD,Has Children,2013,Fruits,0
Low,Graduation,No Children,2013,Fruits,42
Medium,PhD,Has Children,2012,Fruits,0
Medium,Diploma,Has Children,2014,Fruits,4
High,Diploma,Has Children,2014,Fruits,193
High,Graduation,No Children,2012,Fruits,27
High,Master,No Children,2013,Fruits,33
High,Graduation,Has Children,2013,Fruits,137
Low,Master,Has Children,2013,Fruits,4
Medium,PhD,Has Children,2012,Fruits,0
High,Graduation,No Children,2013,Fruits,61
High,Graduation,No Children,2012,Fruits,48
High,Master,Has Children,2013,Fruits,6
High,PhD,Has Children,2013,Fruits,4
High,PhD,Has Children,2013,Fruits,31
Low,Master,Has Children,2014,Fruits,3
Low,Master,Has Children,2014,Fruits,3
High,Graduation,Has Children,2013,Fruits,108
Medium,Diploma,Has Children,2012,Fruits,4
Medium,PhD,Has Children,2013,Fruits,22
Medium,PhD,Has Children,2012,Fruits,15
Medium,Master,Has Children,2014,Fruits,2
Low,Graduation,Has Children,2013,Fruits,2
High,PhD,No Children,2014,Fruits,14
Low,Graduation,Has Children,2013,Fruits,1
Low,Graduation,Has Children,2012,Fruits,0
High,Graduation,No Children,2014,Fruits,83
Medium,Master,Has Children,2012,Fruits,6
High,Graduation,No Children,2013,Fruits,45
High,Graduation,No Children,2012,Fruits,193
High,Master,Has Children,2014,Fruits,38
Medium,Graduation,Has Children,2013,Fruits,7
Medium,Graduation,Has Children,2013,Fruits,8
Medium,PhD,No Children,2013,Fruits,0
Medium,Graduation,Has Children,2013,Fruits,34
High,Graduation,No Children,2014,Fruits,72
High,PhD,No Children,2012,Fruits,105
High,PhD,No Children,2013,Fruits,4
High,PhD,No Children,2014,Fruits,10
Low,Graduation,Has Children,2014,Fruits,0
Medium,Graduation,Has Children,2012,Fruits,41
High,Graduation,No Children,2013,Fruits,71
Medium,PhD,Has Children,2014,Fruits,4
High,Master,Has Children,2013,Fruits,53
High,PhD,No Children,2013,Fruits,16
Medium,Graduation,Has Children,2014,Fruits,0
Medium,Graduation,Has Children,2013,Fruits,4
Medium,Graduation,Has Children,2014,Fruits,1
High,Graduation,No Children,2013,Fruits,149
High,Graduation,Has Children,2013,Fruits,35
High,Graduation,Has Children,2014,Fruits,43
High,Graduation,No Children,2013,Fruits,80
High,Master,No Children,2014,Fruits,26
Medium,Graduation,Has Children,2013,Fruits,0
Medium,Graduation,Has Children,2014,Fruits,0
Medium,Graduation,Has Children,2013,Fruits,33
Medium,Graduation,Has Children,2013,Fruits,23
Medium,Diploma,Has Children,2013,Fruits,16
Low,Graduation,Has Children,2013,Fruits,4
Medium,Diploma,No Children,2012,Fruits,151
Medium,PhD,Has Children,2013,Fruits,0
Medium,Graduation,Has Children,2014,Fruits,1
Medium,Master,Has Children,2012,Fruits,2
Low,Graduation,Has Children,2013,Fruits,34
Low,PhD,Has Children,2012,Fruits,3
High,Graduation,No Children,2014,Fruits,143
Medium,Master,Has Children,2013,Fruits,1
Medium,Graduation,Has Children,2013,Fruits,7
Low,Graduation,Has Children,2012,Fruits,0
Medium,Graduation,Has Children,2013,Fruits,4
Medium,Graduation,No Children,2013,Fruits,2
Low,Graduation,Has Children,2013,Fruits,15
Medium,Graduation,Has Children,2014,Fruits,19
High,PhD,No Children,2013,Fruits,37
Medium,Master,Has Children,2013,Fruits,15
High,Master,No Children,2013,Fruits,24
High,Graduation,Has Children,2014,Fruits,33
Low,Graduation,Has Children,2013,Fruits,2
High,Diploma,No Children,2014,Fruits,21
High,Graduation,No Children,2012,Fruits,23
Medium,PhD,Has Children,2012,Fruits,22
Medium,PhD,Has Children,2013,Fruits,3
High,Diploma,Has Children,2014,Fruits,38
Low,Graduation,Has Children,2013,Fruits,2
Low,PhD,Has Children,2013,Fruits,2
Low,Graduation,Has Children,2012,Fruits,17
Medium,Graduation,No Children,2014,Fruits,3
Medium,Master,Has Children,2013,Fruits,0
Medium,Graduation,Has Children,2013,Fruits,0
High,Graduation,Has Children,2012,Fruits,80
Medium,Graduation,Has Children,2013,Fruits,0
High,PhD,Has Children,2013,Fruits,2
High,PhD,Has Children,2014,Fruits,14
High,Graduation,No Children,2013,Fruits,51
Medium,Graduation,Has Children,2013,Fruits,1
High,Graduation,No Children,2013,Fruits,43
Medium,Basic,No Children,2013,Fruits,122
High,Graduation,No Children,2012,Fruits,112
Medium,Diploma,Has Children,2013,Fruits,1
Medium,Graduation,No Children,2013,Fruits,3
Low,Graduation,Has Children,2013,Fruits,1
Low,Graduation,Has Children,2014,Fruits,0
Medium,Graduation,Has Children,2012,Fruits,0
Low,Graduation,Has Children,2014,Fruits,4
Medium,Master,Has Children,2013,Fruits,10
Medium,Graduation,Has Children,2014,Fruits,27
High,Master,Has Children,2014,Fruits,57
High,PhD,Has Children,2013,Fruits,43
Medium,Master,Has Children,2014,Fruits,3
Low,Graduation,Has Children,2013,Fruits,1
Low,Graduation,No Children,2013,Fruits,3
Medium,Master,Has Children,2012,Fruits,8
Low,Diploma,Has Children,2012,Fruits,17
High,PhD,Has Children,2013,Fruits,44
High,Graduation,Has Children,2013,Fruits,35
Low,Graduation,Has Children,2013,Fruits,1
Medium,Graduation,Has Children,2013,Fruits,60
Medium,Graduation,Has Children,2013,Fruits,29
High,Graduation,Has Children,2013,Fruits,17
High,Graduation,Has Children,2012,Fruits,82
High,Graduation,Has Children,2013,Fruits,90
Medium,Graduation,Has Children,2013,Fruits,0
High,Graduation,No Children,2013,Fruits,154
Medium,Graduation,No Children,2013,Fruits,47
High,Graduation,Has Children,2012,Fruits,89
Low,Graduation,Has Children,2013,Fruits,6
Medium,Master,Has Children,2013,Fruits,0
Medium,Graduation,Has Children,2012,Fruits,37
Medium,Graduation,Has Children,2013,Fruits,7
Medium,Graduation,Has Children,2014,Fruits,0
High,Graduation,No Children,2013,Fruits,0
High,Graduation,Has Children,2012,Fruits,161
High,Diploma,No Children,2013,Fruits,26
Medium,Graduation,Has Children,2013,Fruits,2
Medium,Graduation,Has Children,2013,Fruits,4
High,Graduation,Has Children,2014,Fruits,35
Medium,Master,Has Children,2014,Fruits,0
Medium,Graduation,Has Children,2014,Fruits,0
Low,Graduation,No Children,2013,Fruits,6
High,Graduation,Has Children,2012,Fruits,159
High,PhD,Has Children,2013,Fruits,88
Medium,Graduation,Has Children,2013,Fruits,17
Medium,Master,Has Children,2013,Fruits,42
Medium,Graduation,Has Children,2013,Fruits,0
Medium,PhD,Has Children,2013,Fruits,0
High,PhD,No Children,2013,Fruits,54
Medium,Graduation,Has Children,2013,Fruits,1
High,Graduation,Has Children,2012,Fruits,80
High,Graduation,Has Children,2013,Fruits,35
Medium,Graduation,No Children,2013,Fruits,15
High,PhD,Has Children,2012,Fruits,33
Medium,Graduation,Has Children,2014,Fruits,1
Medium,Graduation,Has Children,2013,Fruits,3
Medium,Graduation,Has Children,2013,Fruits,4
High,Graduation,Has Children,2013,Fruits,178
Low,Graduation,Has Children,2013,Fruits,0
Medium,PhD,No Children,2013,Fruits,83
High,Graduation,No Children,2013,Fruits,120
High,Graduation,Has Children,2014,Fruits,60
Low,Master,Has Children,2013,Fruits,0
Low,Basic,No Children,2014,Fruits,3
Medium,Graduation,Has Children,2013,Fruits,1
Medium,Master,Has Children,2013,Fruits,0
Low,Graduation,Has Children,2012,Fruits,26
Medium,Graduation,Has Children,2013,Fruits,0
Medium,Graduation,Has Children,2012,Fruits,6
High,Graduation,No Children,2013,Fruits,12
Medium,Master,No Children,2013,Fruits,126
Medium,Graduation,Has Children,2013,Fruits,38
High,Diploma,No Children,2012,Fruits,25
High,Graduation,Has Children,2014,Fruits,73
Medium,Graduation,Has Children,2013,Fruits,11
Medium,Master,Has Children,2013,Fruits,1
Medium,Master,Has Children,2013,Fruits,7
Low,Basic,No Children,2013,Fruits,1
High,Graduation,Has Children,2014,Fruits,24
High,Graduation,No Children,2012,Fruits,102
Medium,Master,Has Children,2012,Fruits,8
Medium,PhD,Has Children,2013,Fruits,1
High,Graduation,No Children,2013,Fruits,132
Medium,Graduation,Has Children,2013,Fruits,4
High,Master,Has Children,2012,Fruits,55
High,Graduation,Has Children,2012,Fruits,12
Medium,Master,Has Children,2014,Fruits,0
High,PhD,Has Children,2014,Fruits,0
Low,Diploma,Has Children,2012,Fruits,3
High,PhD,Has Children,2014,Fruits,24
Low,Basic,No Children,2013,Fruits,7
Low,Basic,Has Children,2012,Fruits,12
Medium,Master,Has Children,2013,Fruits,1
High,Graduation,Has Children,2012,Fruits,35
Medium,Master,Has Children,2013,Fruits,2
High,Graduation,No Children,2012,Fruits,59
Medium,Graduation,Has Children,2013,Fruits,10
Medium,PhD,No Children,2012,Fruits,17
Medium,Graduation,Has Children,2014,Fruits,2
Medium,Master,Has Children,2013,Fruits,4
Medium,Master,Has Children,2013,Fruits,3
High,Master,Has Children,2013,Fruits,28
Low,Diploma,Has Children,2013,Fruits,7
High,PhD,Has Children,2014,Fruits,71
High,Master,No Children,2013,Fruits,42
Low,Graduation,Has Children,2012,Fruits,2
Medium,Master,Has Children,2012,Fruits,5
Low,Diploma,Has Children,2013,Fruits,0
Medium,Graduation,Has Children,2012,Fruits,2
Medium,Diploma,Has Children,2012,Fruits,72
Medium,Graduation,Has Children,2014,Fruits,0
High,Graduation,No Children,2013,Fruits,15
High,Graduation,Has Children,2013,Fruits,0
High,PhD,No Children,2013,Fruits,0
High,PhD,No Children,2012,Fruits,63
Medium,Graduation,Has Children,2013,Fruits,0
Medium,Graduation,Has Children,2013,Fruits,0
High,Master,No Children,2013,Fruits,0
Low,Basic,Has Children,2012,Fruits,3
High,Master,No Children,2014,Fruits,67
Medium,Graduation,Has Children,2014,Fruits,11
Medium,Graduation,Has Children,2013,Fruits,0
Low,Graduation,Has Children,2014,Fruits,3
High,Master,Has Children,2014,Fruits,12
Low,Master,Has Children,2012,Fruits,3
Low,Graduation,Has Children,2014,Fruits,0
Medium,Graduation,Has Children,2014,Fruits,2
Medium,Graduation,Has Children,2013,Fruits,4
Low,Graduation,No Children,2014,Fruits,24
High,Graduation,Has Children,2014,Fruits,7
High,Graduation,No Children,2013,Fruits,72
Low,PhD,Has Children,2014,Fruits,0
Medium,Master,Has Children,2014,Fruits,4
High,PhD,Has Children,2013,Fruits,11
Medium,PhD,Has Children,2013,Fruits,0
Medium,Master,Has Children,2013,Fruits,1
High,Graduation,No Children,2012,Fruits,32
Low,Graduation,Has Children,2014,Fruits,9
Medium,Graduation,Has Children,2013,Fruits,0
Medium,Master,Has Children,2013,Fruits,1
Medium,Diploma,Has Children,2014,Fruits,3
Medium,Diploma,Has Children,2014,Fruits,8
Medium,Master,Has Children,2014,Fruits,2
Medium,PhD,Has Children,2014,Fruits,7
Medium,Graduation,Has Children,2014,Fruits,15
High,PhD,Has Children,2012,Fruits,30
High,Graduation,Has Children,2014,Fruits,12
Medium,Graduation,Has Children,2013,Fruits,19
High,Diploma,No Children,2013,Fruits,73
Low,Basic,Has Children,2013,Fruits,3
Medium,PhD,Has Children,2013,Fruits,1
High,Graduation,Has Children,2013,Fruits,69
High,Master,No Children,2013,Fruits,28
High,Graduation,No Children,2013,Fruits,144
Medium,Graduation,Has Children,2013,Fruits,4
High,Graduation,Has Children,2014,Fruits,5
High,Diploma,No Children,2013,Fruits,10
High,Graduation,Has Children,2014,Fruits,155
High,Graduation,Has Children,2013,Fruits,19
High,Graduation,Has Children,2014,Fruits,0
High,PhD,No Children,2013,Fruits,37
High,Master,No Children,2012,Fruits,68
Medium,PhD,Has Children,2012,Fruits,3
Medium,Graduation,Has Children,2013,Fruits,10
Medium,Graduation,Has Children,2013,Fruits,6
Low,Graduation,Has Children,2013,Fruits,2
Medium,PhD,Has Children,2013,Fruits,0
Medium,Graduation,No Children,2014,Fruits,36
Low,Basic,Has Children,2013,Fruits,8
Medium,Diploma,Has Children,2014,Fruits,0
High,Graduation,Has Children,2013,Fruits,142
High,Master,Has Children,2014,Fruits,50
High,PhD,No Children,2014,Fruits,76
High,Master,No Children,2014,Fruits,67
Low,Basic,Has Children,2014,Fruits,9
High,Master,No Children,2013,Fruits,47
Medium,Graduation,Has Children,2013,Fruits,1
Low,Graduation,No Children,2012,Fruits,1
High,Diploma,No Children,2012,Fruits,54
High,Graduation,Has Children,2012,Fruits,80
Low,Master,Has Children,2013,Fruits,0
Medium,Graduation,No Children,2014,Fruits,7
Medium,Graduation,Has Children,2013,Fruits,8
Medium,Graduation,Has Children,2013,Fruits,0
Medium,Graduation,Has Children,2014,Fruits,1
Low,Basic,Has Children,2013,Fruits,11
Medium,Graduation,Has Children,2012,Fruits,21
Medium,PhD,Has Children,2012,Fruits,3
High,Graduation,Has Children,2013,Fruits,124
Low,Graduation,No Children,2013,Fruits,0
Medium,Graduation,Has Children,2012,Fruits,0
High,Graduation,Has Children,2012,Fruits,129
Medium,Graduation,Has Children,2014,Fruits,0
Low,Basic,Has Children,2012,Fruits,3
Medium,Graduation,Has Children,2013,Fruits,0
Medium,Diploma,Has Children,2013,Fruits,29
High,Graduation,No Children,2014,Fruits,71
Medium,Master,Has Children,2014,Fruits,2
High,Diploma,No Children,2012,Fruits,51
Low,Graduation,Has Children,2013,Fruits,4
Medium,Graduation,Has Children,2012,Fruits,2
Low,Graduation,Has Children,2013,Fruits,3
High,PhD,No Children,2014,Fruits,194
Low,Graduation,Has Children,2013,Fruits,1
Medium,Master,Has Children,2012,Fruits,3
Medium,Graduation,Has Children,2013,Fruits,31
High,Master,No Children,2013,Fruits,26
Low,Diploma,Has Children,2013,Fruits,8
Medium,Master,Has Children,2014,Fruits,12
Medium,PhD,Has Children,2014,Fruits,6
Medium,Graduation,Has Children,2012,Fruits,24
High,Graduation,Has Children,2013,Fruits,5
Medium,Graduation,Has Children,2013,Fruits,7
Medium,Diploma,No Children,2012,Fruits,2
Low,Graduation,Has Children,2014,Fruits,2
Low,Graduation,Has Children,2013,Fruits,3
Medium,Master,No Children,2012,Fruits,10
Low,Graduation,No Children,2012,Fruits,1
Medium,Graduation,Has Children,2013,Fruits,3
High,Graduation,Has Children,2013,Fruits,43
High,PhD,Has Children,2014,Fruits,0
Medium,Graduation,No Children,2014,Fruits,48
High,Master,Has Children,2014,Fruits,30
Medium,PhD,Has Children,2012,Fruits,3
Medium,Graduation,No Children,2012,Meat,546
Medium,Graduation,Has Children,2014,Meat,6
High,Graduation,No Children,2013,Meat,127
Low,Graduation,Has Children,2014,Meat,20
Medium,PhD,Has Children,2014,Meat,118
High,Master,Has Children,2013,Meat,98
Medium,Graduation,Has Children,2012,Meat,164
Medium,PhD,Has Children,2013,Meat,56
Medium,PhD,Has Children,2013,Meat,24
Low,PhD,Has Children,2014,Meat,6
Medium,Graduation,Has Children,2013,Meat,6
Low,Basic,No Children,2012,Meat,11
High,Graduation,No Children,2013,Meat,480
Medium,Master,Has Children,2013,Meat,53
Low,Graduation,No Children,2012,Meat,17
High,PhD,No Children,2012,Meat,115
Medium,Graduation,Has Children,2012,Meat,19
Medium,Graduation,No Children,2012,Meat,38
High,Master,Has Children,2013,Meat,498
Medium,Diploma,Has Children,2012,Meat,19
Medium,Graduation,No Children,2012,Meat,73
Low,Graduation,Has Children,2013,Meat,1725
Medium,PhD,Has Children,2012,Meat,86
High,PhD,Has Children,2014,Meat,102
Medium,Graduation,Has Children,2013,Meat,27
Low,Graduation,No Children,2013,Meat,25
Medium,Graduation,Has Children,2013,Meat,30
Medium,Graduation,Has Children,2013,Meat,3
Medium,Graduation,Has Children,2013,Meat,42
High,PhD,No Children,2013,Meat,801
Low,Master,No Children,2014,Meat,10
Medium,Master,No Children,2013,Meat,44
Medium,Graduation,Has Children,2012,Meat,5
Medium,PhD,Has Children,2012,Meat,96
High,Master,No Children,2013,Meat,471
Medium,Master,Has Children,2013,Meat,19
High,PhD,Has Children,2013,Meat,151
Low,Diploma,Has Children,2013,Meat,14
Medium,Graduation,Has Children,2014,Meat,6
Medium,PhD,No Children,2013,Meat,206
High,Graduation,Has Children,2013,Meat,536
Low,Master,Has Children,2013,Meat,29
Low,Graduation,Has Children,2012,Meat,6
Medium,PhD,No Children,2013,Meat,50
Low,Master,Has Children,2013,Meat,10
High,Graduation,No Children,2014,Meat,266
Low,Diploma,No Children,2012,Meat,14
Medium,Graduation,Has Children,2013,Meat,15
Medium,Graduation,Has Children,2014,Meat,48
High,PhD,Has Children,2012,Meat,317
High,Graduation,Has Children,2014,Meat,125
High,Master,No Children,2012,Meat,780
Medium,Graduation,Has Children,2013,Meat,20
High,Graduation,No Children,2014,Meat,550
High,Graduation,Has Children,2013,Meat,124
High,Master,No Children,2012,Meat,432
High,Graduation,No Children,2013,Meat,482
Low,Graduation,Has Children,2014,Meat,8
Medium,Graduation,Has Children,2013,Meat,22
Medium,PhD,Has Children,2014,Meat,28
High,Master,No Children,2013,Meat,538
High,Graduation,Has Children,2012,Meat,102
High,Graduation,Has Children,2013,Meat,134
High,PhD,Has Children,2013,Meat,48
High,Graduation,No Children,2013,Meat,367
Low,Graduation,Has Children,2013,Meat,6
Medium,Graduation,Has Children,2014,Meat,1
High,Diploma,Has Children,2014,Meat,309
High,Graduation,Has Children,2013,Meat,159
High,Graduation,Has Children,2013,Meat,487
High,Master,No Children,2012,Meat,460
Medium,Diploma,Has Children,2012,Meat,43
High,Graduation,Has Children,2013,Meat,291
High,PhD,Has Children,2013,Meat,65
Low,Graduation,No Children,2014,Meat,13
Medium,Graduation,Has Children,2012,Meat,6
High,Master,No Children,2012,Meat,925
High,Graduation,No Children,2012,Meat,779
Low,Diploma,No Children,2013,Meat,5
Medium,Graduation,No Children,2013,Meat,64
Low,Graduation,Has Children,2012,Meat,68
Low,Graduation,Has Children,2013,Meat,5
Low,Diploma,Has Children,2013,Meat,19
Medium,Master,No Children,2013,Meat,44
High,Graduation,No Children,2014,Meat,424
Low,Graduation,Has Children,2013,Meat,14
Medium,Master,Has Children,2013,Meat,16
Medium,Graduation,Has Children,2014,Meat,37
High,Graduation,No Children,2014,Meat,568
Medium,Graduation,Has Children,2014,Meat,39
Medium,PhD,Has Children,2012,Meat,192
Medium,Graduation,Has Children,2014,Meat,8
Medium,Master,No Children,2013,Meat,359
Medium,Master,Has Children,2014,Meat,10
Low,PhD,Has Children,2014,Meat,14
Medium,Graduation,Has Children,2014,Meat,11
Medium,Graduation,Has Children,2012,Meat,26
Medium,Graduation,Has Children,2013,Meat,7
High,Diploma,No Children,2013,Meat,447
Medium,PhD,No Children,2013,Meat,92
Medium,Diploma,Has Children,2013,Meat,5
Medium,PhD,Has Children,2014,Meat,6
High,Graduation,Has Children,2013,Meat,183
High,PhD,No Children,2013,Meat,276
High,Graduation,No Children,2014,Meat,690
Low,Basic,Has Children,2013,Meat,6
Medium,Graduation,Has Children,2013,Meat,32
Medium,Graduation,Has Children,2013,Meat,271
Medium,Graduation,Has Children,2012,Meat,31
High,Master,No Children,2012,Meat,106
High,Graduation,Has Children,2013,Meat,292
High,PhD,No Children,2012,Meat,311
Medium,Master,Has Children,2014,Meat,21
High,Graduation,No Children,2013,Meat,125
Medium,PhD,Has Children,2012,Meat,101
Medium,Graduation,Has Children,2013,Meat,21
High,Graduation,No Children,2014,Meat,812
Medium,Diploma,Has Children,2013,Meat,94
Medium,Diploma,Has Children,2013,Meat,25
Low,Graduation,Has Children,2013,Meat,7
Medium,Master,Has Children,2013,Meat,133
Medium,Master,Has Children,2014,Meat,29
Low,Master,Has Children,2013,Meat,7
Medium,Graduation,Has Children,2013,Meat,14
High,Graduation,No Children,2013,Meat,102
High,Diploma,No Children,2013,Meat,124
High,Graduation,No Children,2013,Meat,951
Medium,Master,Has Children,2014,Meat,16
Medium,PhD,Has Children,2013,Meat,27
High,PhD,Has Children,2014,Meat,110
High,Graduation,Has Children,2013,Meat,73
High,Master,Has Children,2013,Meat,47
High,Graduation,No Children,2014,Meat,189
Medium,Graduation,Has Children,2013,Meat,196
Medium,PhD,Has Children,2013,Meat,33
High,PhD,No Children,2013,Meat,590
Low,Basic,Has Children,2012,Meat,3
Medium,PhD,Has Children,2013,Meat,34
Medium,PhD,Has Children,2014,Meat,8
Medium,PhD,Has Children,2013,Meat,12
High,Master,No Children,2012,Meat,921
High,Master,Has Children,2013,Meat,232
High,Graduation,No Children,2013,Meat,756
High,PhD,Has Children,2013,Meat,132
Medium,Graduation,Has Children,2013,Meat,41
Medium,Graduation,Has Children,2012,Meat,141
Low,Graduation,Has Children,2012,Meat,18
Medium,Graduation,Has Children,2013,Meat,10
Medium,Diploma,Has Children,2012,Meat,90
Medium,Master,No Children,2014,Meat,29
Medium,Master,Has Children,2014,Meat,78
High,Graduation,Has Children,2014,Meat,48
Medium,Diploma,Has Children,2012,Meat,57
Medium,Graduation,Has Children,2014,Meat,24
High,PhD,Has Children,2012,Meat,57
High,Graduation,No Children,2013,Meat,269
Medium,Graduation,Has Children,2013,Meat,69
High,Graduation,Has Children,2013,Meat,7
Medium,Graduation,Has Children,2013,Meat,57
High,Graduation,No Children,2013,Meat,387
Medium,Master,Has Children,2013,Meat,3
High,PhD,No Children,2012,Meat,249
Low,Graduation,Has Children,2014,Meat,49
High,PhD,No Children,2013,Meat,240
Medium,Graduation,Has Children,2013,Meat,32
High,Graduation,No Children,2013,Meat,98
Medium,Graduation,No Children,2013,Meat,33
High,Graduation,No Children,2013,Meat,305
Low,Graduation,Has Children,2014,Meat,19
Medium,Graduation,Has Children,2014,Meat,10
Low,Graduation,Has Children,2013,Meat,6
Medium,Graduation,Has Children,2014,Meat,24
Medium,PhD,Has Children,2014,Meat,6
Medium,Graduation,Has Children,2014,Meat,12
High,PhD,Has Children,2012,Meat,449
High,PhD,No Children,2012,Meat,119
Medium,PhD,Has Children,2014,Meat,14
Medium,Graduation,Has Children,2014,Meat,5
High,Diploma,No Children,2013,Meat,447
Medium,PhD,Has Children,2014,Meat,22
Low,Diploma,Has Children,2014,Meat,10
High,Master,No Children,2013,Meat,195
Medium,Master,Has Children,2014,Meat,6
Low,Basic,No Children,2014,Meat,7
Low,Graduation,Has Children,2012,Meat,18
Medium,PhD,Has Children,2014,Meat,2
High,Graduation,Has Children,2013,Meat,107
High,Graduation,No Children,2013,Meat,537
Medium,PhD,Has Children,2013,Meat,18
Low,Basic,Has Children,2012,Meat,10
High,PhD,No Children,2013,Meat,432
Medium,Graduation,Has Children,2013,Meat,21
Medium,Graduation,Has Children,2013,Meat,45
Medium,Graduation,Has Children,2013,Meat,10
High,Master,No Children,2014,Meat,106
High,Graduation,No Children,2013,Meat,813
High,Graduation,No Children,2013,Meat,482
Medium,PhD,Has Children,2014,Meat,79
High,Graduation,Has Children,2014,Meat,34
High,Graduation,No Children,2013,Meat,553
High,Graduation,Has Children,2013,Meat,337
High,PhD,No Children,2012,Meat,138
Medium,PhD,Has Children,2013,Meat,13
Low,Master,No Children,2012,Meat,1
Low,Graduation,Has Children,2013,Meat,13
Medium,Master,Has Children,2013,Meat,113
Medium,Graduation,Has Children,2014,Meat,7
High,Graduation,Has Children,2012,Meat,320
Medium,Graduation,Has Children,2013,Meat,68
High,Graduation,No Children,2014,Meat,319
Medium,PhD,Has Children,2012,Meat,30
Medium,Master,Has Children,2013,Meat,59
High,Graduation,No Children,2013,Meat,554
Medium,Graduation,Has Children,2014,Meat,171
Medium,Diploma,Has Children,2014,Meat,4
High,Master,No Children,2013,Meat,417
Medium,Master,Has Children,2013,Meat,33
High,Graduation,Has Children,2012,Meat,162
Medium,Diploma,Has Children,2014,Meat,25
High,Graduation,No Children,2013,Meat,540
High,PhD,Has Children,2014,Meat,154
Medium,PhD,Has Children,2013,Meat,25
High,Graduation,Has Children,2012,Meat,207
Medium,Graduation,Has Children,2013,Meat,16
Medium,Graduation,Has Children,2012,Meat,79
Medium,Graduation,Has Children,2012,Meat,204
High,PhD,No Children,2012,Meat,740
Medium,PhD,Has Children,2014,Meat,9
Medium,Graduation,Has Children,2013,Meat,137
High,Diploma,Has Children,2013,Meat,184
Medium,Graduation,Has Children,2013,Meat,8
Low,Graduation,No Children,2014,Meat,5
High,PhD,Has Children,2013,Meat,464
Low,Diploma,Has Children,2013,Meat,20
Low,Master,Has Children,2013,Meat,4
High,PhD,Has Children,2013,Meat,124
Low,Graduation,Has Children,2013,Meat,10
High,Graduation,No Children,2013,Meat,757
High,Graduation,Has Children,2012,Meat,276
Low,Graduation,Has Children,2013,Meat,7
High,Graduation,No Children,2013,Meat,503
High,Graduation,Has Children,2012,Meat,133
Medium,PhD,Has Children,2014,Meat,5
High,Graduation,Has Children,2013,Meat,272
High,Graduation,Has Children,2013,Meat,179
High,PhD,No Children,2012,Meat,768
High,Master,Has Children,2012,Meat,183
Medium,Master,Has Children,2013,Meat,25
Low,Graduation,Has Children,2013,Meat,7
High,Graduation,No Children,2013,Meat,444
Low,Diploma,No Children,2012,Meat,52
High,Graduation,Has Children,2012,Meat,353
Medium,PhD,Has Children,2012,Meat,8
High,PhD,Has Children,2012,Meat,118
Medium,Graduation,Has Children,2012,Meat,87
Low,Graduation,Has Children,2013,Meat,2
Medium,PhD,Has Children,2013,Meat,4
Low,Graduation,Has Children,2012,Meat,8
High,PhD,Has Children,2013,Meat,215
Medium,Master,Has Children,2014,Meat,62
Medium,PhD,Has Children,2012,Meat,6
Medium,Master,Has Children,2013,Meat,71
Medium,Master,Has Children,2013,Meat,22
High,Graduation,No Children,2014,Meat,398
Medium,PhD,Has Children,2012,Meat,35
High,Graduation,No Children,2013,Meat,298
Low,Graduation,Has Children,2013,Meat,19
High,Graduation,No Children,2012,Meat,499
Medium,Master,Has Children,2014,Meat,23
High,PhD,Has Children,2014,Meat,43
Low,Graduation,Has Children,2014,Meat,14
Medium,Graduation,Has Children,2013,Meat,40
High,PhD,Has Children,2013,Meat,99
High,Graduation,No Children,2013,Meat,224
High,Master,No Children,2014,Meat,396
High,PhD,No Children,2013,Meat,512
High,Master,Has Children,2013,Meat,100
Low,Basic,Has Children,2013,Meat,9
Medium,Graduation,Has Children,2012,Meat,79
Medium,Graduation,No Children,2012,Meat,38
High,PhD,Has Children,2014,Meat,149
Medium,Master,Has Children,2014,Meat,8
Medium,Graduation,Has Children,2013,Meat,20
High,Graduation,No Children,2013,Meat,230
Medium,Master,Has Children,2013,Meat,242
High,Graduation,No Children,2014,Meat,565
Medium,Master,No Children,2013,Meat,81
Medium,Diploma,No Children,2013,Meat,5
Medium,Graduation,Has Children,2013,Meat,56
High,Graduation,No Children,2012,Meat,573
Low,Graduation,Has Children,2014,Meat,22
Low,Graduation,Has Children,2013,Meat,3
Medium,Master,Has Children,2012,Meat,80
Medium,Diploma,Has Children,2013,Meat,7
Medium,Master,Has Children,2013,Meat,16
High,Graduation,No Children,2013,Meat,263
Medium,PhD,Has Children,2014,Meat,80
Medium,Graduation,Has Children,2014,Meat,12
Medium,Diploma,Has Children,2013,Meat,154
Medium,PhD,Has Children,2014,Meat,46
Medium,Graduation,Has Children,2014,Meat,93
Low,Graduation,Has Children,2013,Meat,21
High,Master,No Children,2013,Meat,112
Low,Graduation,No Children,2012,Meat,25
High,Graduation,No Children,2014,Meat,400
High,Master,Has Children,2013,Meat,27
Medium,Master,No Children,2013,Meat,46
Low,Graduation,Has Children,2014,Meat,14
Low,Graduation,Has Children,2013,Meat,8
Medium,Graduation,No Children,2013,Meat,461
High,Master,No Children,2013,Meat,561
Medium,Graduation,Has Children,2013,Meat,28
Low,Master,Has Children,2014,Meat,7
Medium,Graduation,Has Children,2013,Meat,21
High,Graduation,Has Children,2012,Meat,128
Medium,Graduation,Has Children,2013,Meat,7
Medium,Graduation,Has Children,2013,Meat,172
High,Graduation,Has Children,2013,Meat,119
Medium,Graduation,Has Children,2013,Meat,7
Medium,PhD,Has Children,2014,Meat,3
High,PhD,Has Children,2013,Meat,353
Medium,Graduation,Has Children,2013,Meat,118
High,Graduation,No Children,2013,Meat,275
Low,PhD,Has Children,2013,Meat,28
Low,Graduation,Has Children,2013,Meat,11
Medium,PhD,Has Children,2013,Meat,5
Low,PhD,Has Children,2013,Meat,59
Low,Graduation,Has Children,2013,Meat,6
Medium,PhD,No Children,2013,Meat,15
High,PhD,Has Children,2013,Meat,218
Medium,Master,Has Children,2013,Meat,13
Low,Graduation,Has Children,2013,Meat,9
High,Graduation,Has Children,2012,Meat,247
High,Graduation,No Children,2012,Meat,293
Medium,Graduation,Has Children,2012,Meat,16
High,Graduation,No Children,2013,Meat,570
High,Graduation,No Children,2012,Meat,832
Medium,Graduation,No Children,2013,Meat,38
Medium,PhD,Has Children,2012,Meat,45
Medium,PhD,Has Children,2013,Meat,68
Low,Basic,Has Children,2013,Meat,7
High,Graduation,No Children,2013,Meat,204
Medium,Graduation,Has Children,2013,Meat,9
High,Graduation,No Children,2014,Meat,379
Medium,Graduation,Has Children,2012,Meat,12
Medium,Master,Has Children,2014,Meat,3
High,Graduation,Has Children,2013,Meat,255
High,Graduation,Has Children,2013,Meat,455
High,PhD,No Children,2013,Meat,514
High,Graduation,No Children,2012,Meat,410
Medium,PhD,Has Children,2012,Meat,217
Medium,Graduation,Has Children,2013,Meat,14
Medium,Graduation,Has Children,2013,Meat,11
High,PhD,No Children,2012,Meat,785
High,Master,No Children,2013,Meat,177
Medium,PhD,Has Children,2013,Meat,69
High,Graduation,No Children,2012,Meat,818
High,PhD,Has Children,2014,Meat,83
Low,Graduation,Has Children,2014,Meat,10
Medium,PhD,Has Children,2012,Meat,6
Medium,Graduation,Has Children,2012,Meat,160
Medium,Graduation,Has Children,2012,Meat,92
High,Graduation,No Children,2013,Meat,815
Medium,Graduation,Has Children,2013,Meat,20
High,Graduation,No Children,2012,Meat,549
Medium,PhD,Has Children,2012,Meat,142
Medium,Diploma,Has Children,2014,Meat,7
Medium,Graduation,Has Children,2012,Meat,45
Low,Master,Has Children,2013,Meat,6
High,Graduation,Has Children,2012,Meat,253
Medium,PhD,Has Children,2013,Meat,22
Medium,Master,Has Children,2012,Meat,27
Low,Graduation,No Children,2013,Meat,15
Medium,Graduation,Has Children,2012,Meat,14
High,PhD,Has Children,2013,Meat,97
Medium,Graduation,Has Children,2013,Meat,13
Medium,PhD,Has Children,2013,Meat,5
Low,Graduation,Has Children,2013,Meat,5
Low,Graduation,No Children,2012,Meat,96
Medium,Diploma,Has Children,2012,Meat,90
Medium,Master,Has Children,2014,Meat,1
Low,Graduation,Has Children,2013,Meat,7
Medium,Master,Has Children,2013,Meat,53
High,Graduation,Has Children,2012,Meat,142
Medium,Graduation,Has Children,2012,Meat,11
High,PhD,Has Children,2013,Meat,151
High,Graduation,No Children,2014,Meat,786
High,Master,Has Children,2013,Meat,61
High,Graduation,No Children,2014,Meat,335
Medium,PhD,No Children,2013,Meat,63
High,Master,Has Children,2014,Meat,113
High,PhD,No Children,2013,Meat,505
Medium,Graduation,Has Children,2012,Meat,42
Low,Graduation,Has Children,2012,Meat,16
Low,Graduation,Has Children,2012,Meat,6
Low,Diploma,Has Children,2012,Meat,9
Medium,Diploma,Has Children,2013,Meat,25
High,Graduation,No Children,2012,Meat,125
Medium,Graduation,Has Children,2013,Meat,61
Medium,Graduation,No Children,2013,Meat,74
Medium,PhD,Has Children,2013,Meat,26
Medium,Graduation,Has Children,2014,Meat,11
Low,PhD,Has Children,2012,Meat,26
High,PhD,Has Children,2014,Meat,80
Medium,PhD,Has Children,2013,Meat,24
Medium,Graduation,Has Children,2012,Meat,92
Low,Diploma,Has Children,2012,Meat,11
Medium,Graduation,Has Children,2012,Meat,221
High,PhD,Has Children,2013,Meat,204
Medium,Graduation,Has Children,2012,Meat,54
High,Graduation,Has Children,2013,Meat,309
High,PhD,No Children,2014,Meat,591
Low,Diploma,Has Children,2013,Meat,9
High,Graduation,No Children,2014,Meat,282
High,Graduation,No Children,2013,Meat,108
Medium,Master,Has Children,2013,Meat,100
Medium,PhD,Has Children,2014,Meat,19
Medium,Graduation,Has Children,2014,Meat,11
Low,Master,Has Children,2014,Meat,2
High,Master,No Children,2013,Meat,103
High,PhD,No Children,2013,Meat,716
Medium,Graduation,Has Children,2013,Meat,7
High,Graduation,No Children,2014,Meat,792
High,Graduation,Has Children,2014,Meat,297
Low,Diploma,Has Children,2014,Meat,11
High,Graduation,Has Children,2013,Meat,189
High,PhD,No Children,2013,Meat,349
Medium,Graduation,Has Children,2012,Meat,235
High,Diploma,Has Children,2013,Meat,181
High,Graduation,Has Children,2013,Meat,400
Medium,Graduation,Has Children,2014,Meat,22
Medium,Master,Has Children,2013,Meat,7
High,Graduation,Has Children,2013,Meat,271
Medium,Master,Has Children,2013,Meat,35
Medium,PhD,Has Children,2013,Meat,15
Low,Diploma,Has Children,2013,Meat,5
Low,Graduation,Has Children,2013,Meat,13
Medium,PhD,Has Children,2013,Meat,31
Low,Graduation,No Children,2013,Meat,2
Medium,Graduation,Has Children,2012,Meat,14
Low,Diploma,No Children,2014,Meat,3
Low,Graduation,No Children,2013,Meat,1
Medium,Master,Has Children,2013,Meat,74
High,Graduation,No Children,2013,Meat,537
Low,Graduation,Has Children,2013,Meat,11
Medium,PhD,Has Children,2013,Meat,82
Medium,Graduation,Has Children,2013,Meat,322
Medium,Graduation,Has Children,2013,Meat,161
Medium,Master,Has Children,2013,Meat,30
High,Diploma,Has Children,2013,Meat,106
High,Graduation,Has Children,2012,Meat,364
Medium,Graduation,Has Children,2012,Meat,103
High,Diploma,No Children,2012,Meat,974
Medium,Master,Has Children,2013,Meat,72
Medium,Graduation,Has Children,2014,Meat,60
High,Diploma,No Children,2012,Meat,447
High,Graduation,Has Children,2014,Meat,257
High,Graduation,No Children,2013,Meat,253
Medium,PhD,Has Children,2014,Meat,6
High,Graduation,No Children,2014,Meat,398
Medium,Graduation,Has Children,2014,Meat,39
High,PhD,No Children,2014,Meat,420
High,PhD,No Children,2013,Meat,413
Medium,Graduation,Has Children,2012,Meat,5
Medium,Graduation,Has Children,2014,Meat,127
Medium,PhD,Has Children,2012,Meat,166
High,Graduation,Has Children,2013,Meat,384
Medium,Graduation,Has Children,2013,Meat,8
Medium,PhD,Has Children,2012,Meat,125
Medium,Graduation,Has Children,2013,Meat,13
Low,Graduation,Has Children,2014,Meat,6
High,Graduation,Has Children,2013,Meat,193
Medium,PhD,Has Children,2014,Meat,4
Medium,Master,Has Children,2014,Meat,39
High,PhD,Has Children,2012,Meat,39
Medium,Graduation,Has Children,2012,Meat,84
Medium,Master,Has Children,2013,Meat,19
Medium,Master,Has Children,2013,Meat,13
Medium,Graduation,Has Children,2012,Meat,35
Medium,Graduation,Has Children,2013,Meat,44
High,Master,No Children,2012,Meat,100
High,PhD,No Children,2012,Meat,114
High,Master,Has Children,2013,Meat,232
High,Graduation,Has Children,2013,Meat,109
Low,Graduation,Has Children,2014,Meat,5
Low,Diploma,No Children,2012,Meat,108
High,PhD,Has Children,2012,Meat,594
Medium,Graduation,Has Children,2012,Meat,88
High,Graduation,No Children,2013,Meat,389
Medium,Master,Has Children,2013,Meat,69
Medium,PhD,No Children,2013,Meat,131
Medium,Master,Has Children,2013,Meat,265
Medium,Graduation,Has Children,2014,Meat,9
High,PhD,Has Children,2013,Meat,322
High,PhD,Has Children,2014,Meat,356
High,Graduation,No Children,2013,Meat,218
Low,Graduation,Has Children,2012,Meat,21
Medium,Master,Has Children,2013,Meat,4
Low,Basic,No Children,2012,Meat,21
High,PhD,Has Children,2012,Meat,140
Medium,Master,Has Children,2013,Meat,7
Medium,Graduation,No Children,2012,Meat,239
High,Graduation,Has Children,2013,Meat,387
High,Graduation,No Children,2013,Meat,324
Medium,Graduation,No Children,2013,Meat,66
High,Graduation,Has Children,2012,Meat,65
Medium,PhD,Has Children,2013,Meat,56
High,Graduation,Has Children,2013,Meat,300
Medium,Graduation,Has Children,2013,Meat,68
High,Master,No Children,2014,Meat,408
Medium,PhD,Has Children,2013,Meat,55
High,Master,No Children,2013,Meat,613
Medium,Graduation,Has Children,2013,Meat,46
Low,Graduation,Has Children,2013,Meat,9
High,Graduation,No Children,2013,Meat,389
High,Master,No Children,2014,Meat,670
Medium,Graduation,Has Children,2014,Meat,12
High,Master,No Children,2014,Meat,351
Medium,Graduation,No Children,2013,Meat,64
High,Graduation,No Children,2012,Meat,216
Low,Graduation,Has Children,2012,Meat,64
Medium,Graduation,Has Children,2012,Meat,15
High,PhD,No Children,2013,Meat,319
Medium,Master,No Children,2014,Meat,153
High,Graduation,No Children,2012,Meat,379
Medium,PhD,Has Children,2013,Meat,67
Medium,Diploma,Has Children,2013,Meat,83
High,Graduation,Has Children,2013,Meat,260
Medium,Master,Has Children,2014,Meat,24
High,Graduation,Has Children,2013,Meat,92
Low,Graduation,Has Children,2013,Meat,22
Medium,Master,Has Children,2013,Meat,112
Medium,Graduation,Has Children,2014,Meat,11
High,Graduation,No Children,2014,Meat,292
Medium,Diploma,Has Children,2013,Meat,32
Low,Master,Has Children,2013,Meat,19
Low,Diploma,Has Children,2013,Meat,8
Medium,Graduation,Has Children,2012,Meat,83
Medium,PhD,Has Children,2012,Meat,42
High,PhD,No Children,2013,Meat,403
Medium,Graduation,Has Children,2013,Meat,252
Low,Diploma,Has Children,2014,Meat,10
High,Graduation,No Children,2014,Meat,925
Medium,Graduation,Has Children,2013,Meat,43
Low,Graduation,Has Children,2014,Meat,21
Low,Master,Has Children,2014,Meat,3
Medium,Diploma,Has Children,2014,Meat,10
Low,Graduation,Has Children,2014,Meat,24
High,PhD,Has Children,2014,Meat,24
Low,Graduation,No Children,2013,Meat,47
High,Master,No Children,2013,Meat,520
Medium,Graduation,Has Children,2012,Meat,97
Medium,PhD,Has Children,2013,Meat,137
High,Graduation,No Children,2013,Meat,761
Low,Diploma,No Children,2013,Meat,13
High,Graduation,Has Children,2013,Meat,287
Medium,Graduation,Has Children,2013,Meat,12
High,Graduation,No Children,2013,Meat,940
High,Master,Has Children,2013,Meat,132
High,Diploma,Has Children,2014,Meat,259
Medium,PhD,Has Children,2013,Meat,81
Medium,PhD,Has Children,2014,Meat,29
High,Graduation,Has Children,2012,Meat,161
Low,Master,Has Children,2013,Meat,2
Medium,Graduation,Has Children,2013,Meat,3
Medium,Graduation,Has Children,2012,Meat,4
Medium,Graduation,Has Children,2012,Meat,106
Medium,PhD,Has Children,2014,Meat,5
Medium,Diploma,Has Children,2013,Meat,49
High,PhD,Has Children,2013,Meat,44
Medium,Master,Has Children,2013,Meat,25
High,PhD,Has Children,2013,Meat,144
Medium,Graduation,Has Children,2014,Meat,22
Low,Graduation,Has Children,2013,Meat,17
Medium,PhD,Has Children,2013,Meat,11
Medium,Master,Has Children,2013,Meat,46
Medium,PhD,Has Children,2012,Meat,10
Medium,Graduation,Has Children,2013,Meat,27
Medium,Diploma,Has Children,2013,Meat,16
Low,Master,No Children,2013,Meat,23
Medium,Graduation,Has Children,2014,Meat,7
Low,Diploma,Has Children,2014,Meat,13
High,Graduation,No Children,2012,Meat,530
High,Master,Has Children,2013,Meat,188
Medium,Graduation,Has Children,2014,Meat,30
Low,Graduation,No Children,2013,Meat,9
Medium,PhD,Has Children,2012,Meat,35
High,Master,No Children,2012,Meat,797
High,Master,No Children,2013,Meat,635
Medium,Graduation,Has Children,2014,Meat,2
Medium,PhD,No Children,2013,Meat,168
Low,Master,Has Children,2013,Meat,16
Low,Graduation,Has Children,2012,Meat,18
Medium,Master,Has Children,2013,Meat,9
Low,Diploma,Has Children,2013,Meat,15
Medium,Graduation,Has Children,2012,Meat,31
Medium,Graduation,Has Children,2013,Meat,2
High,Graduation,Has Children,2012,Meat,135
High,Graduation,No Children,2013,Meat,519
High,PhD,Has Children,2012,Meat,114
Medium,Master,Has Children,2013,Meat,26
Low,Master,Has Children,2012,Meat,46
Medium,Graduation,Has Children,2014,Meat,6
Low,Graduation,Has Children,2013,Meat,13
Medium,Basic,Has Children,2012,Meat,5
High,Graduation,No Children,2014,Meat,592
Low,Master,No Children,2013,Meat,76
Medium,Master,No Children,2013,Meat,53
Low,Basic,Has Children,2012,Meat,1
Low,Graduation,Has Children,2013,Meat,8
Medium,PhD,No Children,2012,Meat,248
Medium,Graduation,Has Children,2013,Meat,87
Medium,Master,Has Children,2013,Meat,5
Medium,Graduation,Has Children,2013,Meat,10
Medium,Master,Has Children,2012,Meat,83
Medium,PhD,Has Children,2013,Meat,27
Medium,Graduation,No Children,2013,Meat,12
High,Graduation,No Children,2014,Meat,169
Medium,Diploma,Has Children,2013,Meat,11
High,Diploma,No Children,2013,Meat,323
Low,Graduation,Has Children,2013,Meat,15
High,Graduation,Has Children,2013,Meat,507
High,Graduation,Has Children,2012,Meat,572
Medium,PhD,Has Children,2012,Meat,33
Low,Graduation,Has Children,2012,Meat,129
High,PhD,Has Children,2013,Meat,199
High,PhD,No Children,2014,Meat,207
High,Diploma,Has Children,2014,Meat,259
Medium,Diploma,No Children,2014,Meat,15
High,Graduation,No Children,2013,Meat,732
Medium,Graduation,Has Children,2014,Meat,1
High,Graduation,No Children,2013,Meat,713
Medium,Graduation,Has Children,2013,Meat,69
High,Master,Has Children,2012,Meat,279
High,Graduation,Has Children,2013,Meat,250
High,Graduation,Has Children,2012,Meat,142
High,PhD,No Children,2014,Meat,653
High,PhD,Has Children,2012,Meat,102
Medium,Graduation,Has Children,2013,Meat,27
High,Master,No Children,2013,Meat,758
Medium,PhD,Has Children,2013,Meat,40
High,Graduation,No Children,2013,Meat,104
Medium,Master,Has Children,2013,Meat,73
High,Master,Has Children,2014,Meat,152
High,Graduation,Has Children,2013,Meat,62
High,Master,No Children,2014,Meat,711
Low,Graduation,Has Children,2012,Meat,17
High,Graduation,Has Children,2012,Meat,217
Medium,PhD,Has Children,2014,Meat,25
Medium,Graduation,Has Children,2012,Meat,100
High,Graduation,Has Children,2014,Meat,28
Low,Diploma,No Children,2012,Meat,52
High,PhD,Has Children,2013,Meat,420
Medium,PhD,Has Children,2013,Meat,39
Medium,Graduation,Has Children,2012,Meat,65
Low,Graduation,Has Children,2013,Meat,5
Medium,Graduation,Has Children,2013,Meat,213
Low,Basic,No Children,2012,Meat,11
Low,Master,No Children,2013,Meat,11
Low,Graduation,No Children,2012,Meat,7
Medium,PhD,Has Children,2013,Meat,3
Low,Basic,Has Children,2013,Meat,11
Low,PhD,Has Children,2013,Meat,6
Medium,Diploma,Has Children,2013,Meat,37
Medium,PhD,Has Children,2013,Meat,428
Medium,Master,Has Children,2013,Meat,122
High,Graduation,Has Children,2012,Meat,194
High,Graduation,Has Children,2013,Meat,107
Medium,PhD,Has Children,2012,Meat,142
Low,Graduation,Has Children,2014,Meat,5
High,PhD,Has Children,2012,Meat,145
High,Graduation,No Children,2014,Meat,149
Medium,Diploma,Has Children,2013,Meat,76
High,PhD,No Children,2013,Meat,117
High,Graduation,Has Children,2013,Meat,123
High,Graduation,No Children,2012,Meat,384
Medium,Diploma,No Children,2013,Meat,137
Medium,Graduation,Has Children,2013,Meat,82
High,Graduation,No Children,2013,Meat,435
High,PhD,Has Children,2013,Meat,126
High,PhD,No Children,2012,Meat,838
High,PhD,No Children,2014,Meat,480
High,PhD,No Children,2013,Meat,559
Medium,PhD,Has Children,2012,Meat,24
High,Graduation,No Children,2013,Meat,224
Medium,Master,Has Children,2013,Meat,80
Low,Basic,No Children,2013,Meat,7
Medium,Master,Has Children,2013,Meat,20
High,Master,Has Children,2013,Meat,18
Medium,Graduation,No Children,2014,Meat,11
Low,PhD,Has Children,2013,Meat,28
Medium,Graduation,No Children,2013,Meat,178
High,Graduation,No Children,2014,Meat,388
High,Graduation,Has Children,2013,Meat,309
High,Graduation,Has Children,2014,Meat,177
High,Graduation,Has Children,2014,Meat,278
High,Master,No Children,2014,Meat,352
Medium,Master,Has Children,2013,Meat,21
High,Graduation,Has Children,2013,Meat,455
Medium,PhD,Has Children,2014,Meat,8
Medium,Graduation,Has Children,2013,Meat,42
High,PhD,Has Children,2013,Meat,45
Medium,Master,Has Children,2013,Meat,13
Low,Graduation,Has Children,2013,Meat,4
Medium,Master,Has Children,2012,Meat,83
Medium,Graduation,Has Children,2013,Meat,21
Medium,Graduation,No Children,2013,Meat,201
Medium,Graduation,Has Children,2013,Meat,66
High,PhD,No Children,2012,Meat,294
High,Diploma,No Children,2012,Meat,501
Low,Graduation,Has Children,2013,Meat,18
Medium,Graduation,Has Children,2013,Meat,368
Medium,Graduation,Has Children,2014,Meat,5
High,Master,Has Children,2012,Meat,249
Medium,Graduation,No Children,2013,Meat,134
Low,PhD,Has Children,2014,Meat,6
High,Graduation,No Children,2013,Meat,597
Low,Graduation,Has Children,2012,Meat,12
Medium,Graduation,Has Children,2014,Meat,7
High,Graduation,No Children,2013,Meat,706
High,Master,No Children,2014,Meat,218
Medium,Master,Has Children,2013,Meat,77
High,Graduation,No Children,2013,Meat,132
Medium,PhD,Has Children,2013,Meat,3
Medium,PhD,Has Children,2012,Meat,78
High,Graduation,Has Children,2013,Meat,124
Medium,PhD,Has Children,2013,Meat,99
High,Graduation,Has Children,2013,Meat,211
High,Graduation,No Children,2014,Meat,617
High,Graduation,Has Children,2013,Meat,341
High,Master,Has Children,2014,Meat,63
Low,Basic,Has Children,2013,Meat,1
High,Graduation,Has Children,2012,Meat,497
High,PhD,Has Children,2013,Meat,86
Medium,Master,Has Children,2013,Meat,25
Medium,PhD,Has Children,2014,Meat,21
Medium,Diploma,Has Children,2013,Meat,24
High,Graduation,No Children,2014,Meat,360
High,Graduation,No Children,2013,Meat,345
Low,Diploma,Has Children,2013,Meat,12
High,Graduation,No Children,2014,Meat,372
Medium,Graduation,Has Children,2013,Meat,7
High,Diploma,No Children,2014,Meat,252
High,PhD,No Children,2013,Meat,742
Medium,PhD,Has Children,2013,Meat,66
Medium,Graduation,Has Children,2013,Meat,213
High,Graduation,No Children,2013,Meat,689
High,Graduation,No Children,2014,Meat,374
High,Diploma,No Children,2013,Meat,314
High,PhD,Has Children,2012,Meat,375
Medium,Graduation,Has Children,2013,Meat,101
Medium,Master,Has Children,2013,Meat,23
Medium,PhD,Has Children,2014,Meat,7
Medium,Diploma,Has Children,2013,Meat,22
High,Graduation,Has Children,2014,Meat,223
High,Master,No Children,2013,Meat,391
Medium,PhD,Has Children,2013,Meat,9
High,Graduation,No Children,2014,Meat,305
Medium,Graduation,Has Children,2013,Meat,38
High,Graduation,No Children,2012,Meat,898
High,Graduation,No Children,2012,Meat,291
Medium,Diploma,Has Children,2013,Meat,23
High,Master,Has Children,2013,Meat,74
High,Graduation,Has Children,2013,Meat,348
High,PhD,No Children,2013,Meat,243
Medium,Graduation,Has Children,2013,Meat,91
Medium,Graduation,Has Children,2013,Meat,22
Low,PhD,Has Children,2012,Meat,12
Medium,Graduation,Has Children,2013,Meat,3
Medium,PhD,Has Children,2013,Meat,17
High,PhD,No Children,2014,Meat,392
Medium,Master,Has Children,2013,Meat,11
High,Graduation,Has Children,2013,Meat,522
High,PhD,No Children,2014,Meat,546
Medium,Graduation,Has Children,2014,Meat,5
Low,Graduation,Has Children,2014,Meat,6
Medium,Graduation,Has Children,2014,Meat,8
Medium,Graduation,Has Children,2013,Meat,15
Low,Basic,Has Children,2012,Meat,5
Low,Master,Has Children,2014,Meat,19
Medium,PhD,Has Children,2013,Meat,186
Medium,Master,Has Children,2014,Meat,125
Medium,Graduation,Has Children,2012,Meat,71
High,Master,No Children,2013,Meat,706
High,PhD,No Children,2012,Meat,446
Low,Graduation,No Children,2013,Meat,11
Medium,Graduation,Has Children,2013,Meat,64
Medium,Graduation,Has Children,2013,Meat,35
Medium,Master,No Children,2013,Meat,60
High,PhD,Has Children,2014,Meat,136
High,Diploma,Has Children,2012,Meat,212
High,Graduation,No Children,2013,Meat,597
Low,Graduation,Has Children,2013,Meat,16
High,Master,Has Children,2013,Meat,159
Medium,Graduation,Has Children,2013,Meat,10
Medium,Graduation,Has Children,2013,Meat,29
High,PhD,No Children,2013,Meat,228
Medium,Graduation,No Children,2013,Meat,204
Medium,Master,Has Children,2013,Meat,26
Medium,Master,Has Children,2014,Meat,19
Medium,Graduation,Has Children,2013,Meat,136
Medium,Graduation,Has Children,2013,Meat,178
High,Graduation,Has Children,2013,Meat,470
Low,Graduation,No Children,2013,Meat,8
Low,Graduation,Has Children,2013,Meat,17
High,Graduation,No Children,2014,Meat,256
Medium,Master,Has Children,2013,Meat,239
High,PhD,No Children,2013,Meat,747
High,PhD,Has Children,2014,Meat,83
Medium,Graduation,Has Children,2014,Meat,4
Low,Graduation,No Children,2012,Meat,226
High,Graduation,Has Children,2014,Meat,49
Low,Diploma,Has Children,2013,Meat,9
High,PhD,No Children,2013,Meat,804
Low,Graduation,Has Children,2013,Meat,13
Medium,Graduation,No Children,2014,Meat,64
Low,Graduation,No Children,2013,Meat,47
High,Graduation,Has Children,2013,Meat,287
High,Diploma,Has Children,2013,Meat,476
High,Graduation,Has Children,2013,Meat,287
Medium,Graduation,Has Children,2013,Meat,8
High,PhD,Has Children,2013,Meat,409
Low,Graduation,Has Children,2014,Meat,5
Medium,PhD,Has Children,2013,Meat,28
Medium,Graduation,No Children,2012,Meat,156
Medium,PhD,Has Children,2013,Meat,90
Low,Diploma,Has Children,2013,Meat,7
Medium,Graduation,Has Children,2013,Meat,9
High,Graduation,Has Children,2013,Meat,274
Medium,Master,Has Children,2013,Meat,97
High,Graduation,No Children,2012,Meat,774
Medium,Diploma,Has Children,2013,Meat,6
Medium,Graduation,Has Children,2014,Meat,82
Medium,Graduation,Has Children,2013,Meat,15
Medium,Graduation,Has Children,2012,Meat,52
Medium,Graduation,Has Children,2014,Meat,24
Low,Graduation,Has Children,2012,Meat,28
High,Diploma,No Children,2013,Meat,431
High,Graduation,No Children,2014,Meat,929
High,Diploma,No Children,2012,Meat,399
Medium,Master,Has Children,2012,Meat,140
Medium,Graduation,Has Children,2013,Meat,54
Low,Graduation,Has Children,2013,Meat,15
Medium,Graduation,Has Children,2013,Meat,25
High,PhD,Has Children,2014,Meat,102
High,Diploma,No Children,2012,Meat,845
Medium,PhD,Has Children,2014,Meat,2
Medium,PhD,Has Children,2014,Meat,21
High,Graduation,Has Children,2013,Meat,303
Medium,Master,Has Children,2014,Meat,7
Medium,Graduation,Has Children,2013,Meat,116
Medium,Graduation,Has Children,2012,Meat,10
High,Diploma,No Children,2013,Meat,350
Low,Graduation,Has Children,2014,Meat,18
Medium,Master,Has Children,2014,Meat,89
Low,Graduation,No Children,2013,Meat,3
Medium,Diploma,Has Children,2012,Meat,69
Medium,Diploma,Has Children,2013,Meat,78
Medium,PhD,Has Children,2013,Meat,119
Medium,Master,Has Children,2013,Meat,68
Low,Master,Has Children,2013,Meat,4
Medium,Graduation,Has Children,2013,Meat,90
Medium,Graduation,Has Children,2012,Meat,15
High,PhD,No Children,2013,Meat,396
High,Graduation,Has Children,2014,Meat,267
Low,Graduation,Has Children,2014,Meat,16
Medium,Diploma,Has Children,2014,Meat,57
High,Master,Has Children,2013,Meat,168
High,Graduation,No Children,2013,Meat,500
Medium,Master,Has Children,2013,Meat,93
Medium,Graduation,Has Children,2013,Meat,59
High,Master,No Children,2014,Meat,569
Low,Diploma,Has Children,2013,Meat,38
Low,Graduation,Has Children,2014,Meat,12
Medium,Graduation,Has Children,2012,Meat,14
Medium,Graduation,Has Children,2013,Meat,5
Medium,Diploma,Has Children,2014,Meat,19
High,PhD,No Children,2012,Meat,838
High,PhD,No Children,2013,Meat,685
Medium,PhD,Has Children,2012,Meat,55
Medium,Graduation,Has Children,2013,Meat,2
Medium,Graduation,Has Children,2013,Meat,156
High,Master,No Children,2013,Meat,207
Medium,Graduation,Has Children,2013,Meat,20
Medium,Master,Has Children,2012,Meat,47
High,Graduation,No Children,2014,Meat,446
Low,Basic,Has Children,2014,Meat,1
Medium,PhD,No Children,2013,Meat,206
Medium,PhD,Has Children,2012,Meat,53
High,Graduation,Has Children,2013,Meat,161
High,Graduation,Has Children,2014,Meat,354
Medium,PhD,Has Children,2013,Meat,134
Low,Graduation,Has Children,2013,Meat,18
High,Graduation,No Children,2013,Meat,493
Medium,Graduation,Has Children,2013,Meat,11
High,Graduation,No Children,2013,Meat,405
Medium,Graduation,No Children,2013,Meat,69
Medium,Graduation,Has Children,2013,Meat,89
High,Graduation,No Children,2014,Meat,391
High,Graduation,No Children,2013,Meat,873
Medium,Graduation,Has Children,2013,Meat,5
Medium,Graduation,Has Children,2014,Meat,29
Medium,PhD,No Children,2014,Meat,49
High,PhD,No Children,2013,Meat,674
High,Graduation,No Children,2013,Meat,523
Medium,PhD,Has Children,2013,Meat,71
Medium,Master,Has Children,2013,Meat,67
High,Graduation,No Children,2012,Meat,890
High,Graduation,No Children,2013,Meat,265
High,Master,No Children,2013,Meat,154
High,PhD,No Children,2013,Meat,403
Medium,Diploma,Has Children,2013,Meat,56
High,PhD,No Children,2013,Meat,464
Medium,PhD,Has Children,2014,Meat,2
High,Graduation,No Children,2013,Meat,473
Medium,Master,Has Children,2013,Meat,25
Medium,PhD,Has Children,2014,Meat,20
High,Graduation,Has Children,2014,Meat,431
Low,Master,No Children,2012,Meat,217
High,Graduation,No Children,2014,Meat,384
High,Diploma,No Children,2013,Meat,704
High,Graduation,No Children,2014,Meat,335
High,PhD,Has Children,2013,Meat,466
High,PhD,No Children,2014,Meat,510
Medium,Graduation,Has Children,2014,Meat,27
High,PhD,Has Children,2012,Meat,72
Low,Basic,Has Children,2012,Meat,3
High,Graduation,No Children,2014,Meat,305
Medium,PhD,Has Children,2014,Meat,15
High,Graduation,No Children,2013,Meat,311
High,PhD,Has Children,2013,Meat,447
Medium,Graduation,Has Children,2013,Meat,238
High,PhD,Has Children,2013,Meat,76
High,Diploma,Has Children,2013,Meat,249
Medium,PhD,Has Children,2013,Meat,54
High,Graduation,No Children,2013,Meat,606
High,Graduation,No Children,2013,Meat,790
Low,Basic,No Children,2012,Meat,14
Medium,PhD,No Children,2012,Meat,48
Medium,Diploma,Has Children,2014,Meat,144
High,Graduation,Has Children,2013,Meat,51
Medium,Graduation,Has Children,2013,Meat,18
High,Diploma,Has Children,2012,Meat,142
Low,PhD,Has Children,2014,Meat,13
Medium,PhD,Has Children,2014,Meat,17
Medium,Master,Has Children,2013,Meat,58
Medium,PhD,Has Children,2013,Meat,43
Medium,Master,Has Children,2014,Meat,8
Low,PhD,Has Children,2013,Meat,23
Medium,Graduation,Has Children,2012,Meat,44
Medium,Graduation,Has Children,2012,Meat,233
Medium,Graduation,Has Children,2014,Meat,15
Medium,PhD,Has Children,2013,Meat,30
High,Graduation,Has Children,2012,Meat,171
Medium,PhD,Has Children,2014,Meat,37
Medium,Master,Has Children,2012,Meat,9
Medium,PhD,Has Children,2013,Meat,46
Medium,Graduation,Has Children,2014,Meat,84
Medium,Graduation,Has Children,2013,Meat,227
High,Graduation,No Children,2013,Meat,925
Medium,Graduation,Has Children,2012,Meat,27
Medium,PhD,Has Children,2013,Meat,2
Medium,Graduation,Has Children,2012,Meat,234
High,Graduation,No Children,2014,Meat,400
Medium,PhD,Has Children,2013,Meat,11
Low,Diploma,Has Children,2012,Meat,30
Medium,Diploma,Has Children,2013,Meat,75
High,Master,No Children,2012,Meat,430
High,Graduation,No Children,2014,Meat,407
High,Master,No Children,2012,Meat,445
Medium,Master,Has Children,2013,Meat,77
Medium,Graduation,Has Children,2014,Meat,12
Medium,Graduation,Has Children,2013,Meat,133
Medium,Diploma,Has Children,2013,Meat,3
Low,Graduation,No Children,2014,Meat,1
Medium,Master,Has Children,2013,Meat,18
High,Graduation,Has Children,2013,Meat,337
High,Graduation,No Children,2013,Meat,108
High,PhD,Has Children,2013,Meat,84
High,PhD,No Children,2013,Meat,651
High,Graduation,No Children,2013,Meat,708
High,Diploma,No Children,2013,Meat,640
Medium,PhD,Has Children,2014,Meat,12
High,Graduation,No Children,2014,Meat,311
Low,Diploma,Has Children,2012,Meat,7
Medium,Master,Has Children,2012,Meat,136
High,Graduation,Has Children,2014,Meat,282
High,Graduation,Has Children,2014,Meat,16
Medium,Graduation,No Children,2014,Meat,11
High,Graduation,No Children,2013,Meat,545
Low,Graduation,Has Children,2014,Meat,19
Medium,Graduation,Has Children,2013,Meat,292
Medium,Graduation,Has Children,2013,Meat,32
High,PhD,Has Children,2012,Meat,288
High,PhD,No Children,2013,Meat,449
Medium,Diploma,Has Children,2013,Meat,144
Low,Graduation,Has Children,2013,Meat,11
Medium,PhD,Has Children,2013,Meat,31
Medium,Graduation,Has Children,2013,Meat,127
High,Master,Has Children,2012,Meat,288
High,Graduation,No Children,2013,Meat,345
Low,Graduation,Has Children,2014,Meat,21
Medium,PhD,Has Children,2013,Meat,3
High,Graduation,Has Children,2012,Meat,396
Medium,PhD,Has Children,2014,Meat,31
Medium,Graduation,Has Children,2013,Meat,66
Medium,Master,Has Children,2012,Meat,21
Medium,Master,Has Children,2014,Meat,11
Medium,Master,No Children,2014,Meat,165
High,Diploma,No Children,2014,Meat,254
Medium,Graduation,No Children,2013,Meat,73
Medium,Graduation,Has Children,2013,Meat,6
Low,Graduation,No Children,2013,Meat,24
Medium,Graduation,Has Children,2014,Meat,26
Low,PhD,Has Children,2013,Meat,24
High,PhD,Has Children,2013,Meat,168
Medium,Master,Has Children,2014,Meat,3
Low,Graduation,Has Children,2012,Meat,16
Medium,PhD,Has Children,2013,Meat,172
Low,Graduation,Has Children,2013,Meat,29
Low,Basic,Has Children,2013,Meat,11
Medium,PhD,Has Children,2013,Meat,2
High,Diploma,Has Children,2012,Meat,161
High,Graduation,No Children,2013,Meat,733
High,Graduation,No Children,2013,Meat,961
High,Graduation,No Children,2014,Meat,356
Medium,Diploma,Has Children,2013,Meat,13
High,Graduation,No Children,2014,Meat,568
Low,Graduation,No Children,2012,Meat,130
Medium,PhD,Has Children,2014,Meat,16
Medium,Master,Has Children,2013,Meat,16
Medium,PhD,Has Children,2014,Meat,9
Medium,Graduation,Has Children,2013,Meat,134
High,Graduation,Has Children,2014,Meat,29
Medium,Graduation,Has Children,2012,Meat,14
Low,Graduation,No Children,2012,Meat,66
High,Graduation,No Children,2014,Meat,415
Medium,Graduation,Has Children,2013,Meat,16
Medium,Master,Has Children,2012,Meat,37
Medium,Master,Has Children,2013,Meat,33
High,PhD,Has Children,2013,Meat,333
Medium,Graduation,Has Children,2012,Meat,141
Medium,Graduation,Has Children,2013,Meat,91
High,Diploma,No Children,2014,Meat,254
Low,PhD,Has Children,2014,Meat,3
High,PhD,No Children,2013,Meat,780
Low,Diploma,Has Children,2013,Meat,12
Low,Master,Has Children,2013,Meat,13
High,Graduation,No Children,2012,Meat,534
Medium,Graduation,Has Children,2012,Meat,53
Medium,PhD,No Children,2013,Meat,12
High,Graduation,No Children,2012,Meat,491
High,Graduation,No Children,2013,Meat,282
High,Master,Has Children,2012,Meat,45
High,Graduation,Has Children,2013,Meat,181
Medium,PhD,No Children,2013,Meat,267
Medium,PhD,Has Children,2014,Meat,8
High,PhD,Has Children,2014,Meat,69
Low,Graduation,Has Children,2012,Meat,4
High,Graduation,No Children,2014,Meat,678
High,Diploma,Has Children,2012,Meat,249
Low,Graduation,No Children,2012,Meat,7
High,Graduation,No Children,2014,Meat,382
Medium,PhD,Has Children,2014,Meat,15
High,Graduation,Has Children,2012,Meat,279
Medium,Graduation,Has Children,2012,Meat,176
Medium,Graduation,Has Children,2014,Meat,5
Medium,Graduation,No Children,2013,Meat,30
High,Graduation,No Children,2013,Meat,555
High,PhD,No Children,2013,Meat,107
Low,Diploma,Has Children,2013,Meat,7
Medium,Master,Has Children,2014,Meat,77
Medium,PhD,Has Children,2013,Meat,6
High,Graduation,No Children,2014,Meat,334
Medium,Graduation,Has Children,2012,Meat,125
High,Graduation,No Children,2012,Meat,548
Medium,Graduation,Has Children,2013,Meat,8
High,Master,No Children,2013,Meat,842
Medium,Graduation,Has Children,2013,Meat,158
Low,Graduation,Has Children,2013,Meat,7
High,PhD,No Children,2013,Meat,103
Medium,Graduation,Has Children,2014,Meat,9
High,PhD,No Children,2014,Meat,411
High,PhD,No Children,2014,Meat,843
Medium,PhD,Has Children,2014,Meat,18
High,Graduation,No Children,2013,Meat,389
Medium,PhD,Has Children,2013,Meat,22
Medium,PhD,Has Children,2014,Meat,9
High,Graduation,Has Children,2013,Meat,100
High,Graduation,Has Children,2014,Meat,216
High,Diploma,No Children,2012,Meat,369
Low,Master,Has Children,2013,Meat,5
Medium,Graduation,Has Children,2013,Meat,160
High,Graduation,No Children,2013,Meat,430
Medium,Diploma,Has Children,2013,Meat,109
Medium,Graduation,Has Children,2013,Meat,206
Medium,Graduation,Has Children,2013,Meat,30
Medium,Graduation,Has Children,2014,Meat,16
High,PhD,No Children,2013,Meat,400
Medium,PhD,Has Children,2014,Meat,8
Low,Diploma,No Children,2013,Meat,13
High,Diploma,Has Children,2014,Meat,70
High,Graduation,Has Children,2014,Meat,57
High,Graduation,No Children,2013,Meat,449
High,Diploma,No Children,2013,Meat,115
Medium,PhD,Has Children,2014,Meat,4
High,Master,No Children,2014,Meat,711
Low,PhD,Has Children,2013,Meat,18
High,Graduation,Has Children,2013,Meat,140
Medium,PhD,Has Children,2013,Meat,18
Medium,Master,No Children,2013,Meat,54
Low,Basic,No Children,2013,Meat,11
Medium,Diploma,Has Children,2013,Meat,59
High,Graduation,Has Children,2013,Meat,215
Medium,PhD,Has Children,2012,Meat,42
Medium,Master,Has Children,2013,Meat,93
Medium,Graduation,Has Children,2013,Meat,23
Medium,Graduation,Has Children,2012,Meat,137
Medium,Graduation,Has Children,2012,Meat,147
High,Graduation,Has Children,2012,Meat,494
Medium,Graduation,Has Children,2014,Meat,17
Low,Basic,No Children,2013,Meat,4
High,Diploma,No Children,2013,Meat,818
High,Master,Has Children,2013,Meat,53
Low,Graduation,Has Children,2013,Meat,2
Medium,Graduation,Has Children,2014,Meat,20
High,Graduation,Has Children,2012,Meat,864
High,Graduation,No Children,2013,Meat,750
Medium,Diploma,Has Children,2014,Meat,107
Medium,PhD,Has Children,2012,Meat,34
High,PhD,No Children,2013,Meat,395
Low,Master,No Children,2014,Meat,10
Medium,Graduation,Has Children,2013,Meat,56
Medium,Master,Has Children,2013,Meat,133
Medium,Graduation,Has Children,2013,Meat,26
Low,Diploma,Has Children,2014,Meat,8
Medium,PhD,Has Children,2013,Meat,12
High,Graduation,No Children,2013,Meat,249
Low,Master,Has Children,2014,Meat,25
Medium,Graduation,Has Children,2013,Meat,59
Medium,Graduation,Has Children,2012,Meat,171
Medium,PhD,Has Children,2013,Meat,39
Low,Graduation,Has Children,2012,Meat,8
Medium,PhD,No Children,2013,Meat,183
High,Graduation,Has Children,2012,Meat,196
Low,Graduation,Has Children,2012,Meat,3
High,Graduation,No Children,2012,Meat,731
Medium,Master,Has Children,2014,Meat,37
Low,PhD,Has Children,2014,Meat,11
Medium,Graduation,Has Children,2013,Meat,112
Medium,Graduation,No Children,2012,Meat,239
High,Graduation,No Children,2014,Meat,483
Medium,Graduation,Has Children,2013,Meat,329
Medium,Graduation,Has Children,2014,Meat,28
Medium,Graduation,Has Children,2012,Meat,171
Medium,Graduation,Has Children,2012,Meat,29
High,Graduation,No Children,2012,Meat,604
Medium,PhD,Has Children,2013,Meat,6
High,Graduation,Has Children,2013,Meat,83
Medium,Diploma,Has Children,2013,Meat,18
Medium,Graduation,Has Children,2012,Meat,37
High,Graduation,No Children,2013,Meat,162
High,Graduation,No Children,2014,Meat,425
Low,Basic,No Children,2014,Meat,2
Low,Diploma,No Children,2014,Meat,3
High,PhD,No Children,2012,Meat,547
High,Master,Has Children,2014,Meat,35
Low,Basic,Has Children,2013,Meat,15
Medium,Master,Has Children,2013,Meat,19
Medium,Master,Has Children,2012,Meat,8
Medium,Graduation,Has Children,2013,Meat,64
Low,Graduation,Has Children,2013,Meat,19
High,Master,No Children,2014,Meat,915
Medium,Graduation,Has Children,2013,Meat,83
Medium,Graduation,Has Children,2013,Meat,76
Medium,PhD,Has Children,2013,Meat,60
Low,Basic,Has Children,2013,Meat,3
Low,Graduation,Has Children,2014,Meat,11
Low,Graduation,Has Children,2013,Meat,8
Medium,Graduation,Has Children,2013,Meat,20
High,PhD,Has Children,2013,Meat,101
Medium,PhD,Has Children,2012,Meat,28
Medium,Diploma,Has Children,2014,Meat,7
High,Master,No Children,2012,Meat,549
High,Master,Has Children,2012,Meat,70
Medium,Graduation,Has Children,2014,Meat,11
High,Graduation,Has Children,2014,Meat,34
Medium,Master,Has Children,2013,Meat,51
High,Master,Has Children,2013,Meat,100
Medium,Diploma,Has Children,2013,Meat,23
High,Master,Has Children,2013,Meat,137
High,PhD,No Children,2014,Meat,259
Medium,Diploma,Has Children,2012,Meat,113
Medium,Graduation,Has Children,2013,Meat,57
Medium,Graduation,Has Children,2013,Meat,169
Medium,Master,Has Children,2013,Meat,29
Low,Graduation,Has Children,2012,Meat,8
High,Master,No Children,2013,Meat,689
Medium,Master,Has Children,2013,Meat,85
High,PhD,No Children,2013,Meat,801
Low,Graduation,No Children,2013,Meat,9
Medium,PhD,Has Children,2014,Meat,4
Medium,Graduation,Has Children,2013,Meat,25
Medium,Graduation,Has Children,2013,Meat,24
High,Graduation,Has Children,2013,Meat,93
High,Graduation,Has Children,2013,Meat,242
High,Graduation,No Children,2013,Meat,913
Medium,Graduation,Has Children,2012,Meat,39
Medium,Graduation,Has Children,2013,Meat,45
High,Graduation,Has Children,2013,Meat,88
Medium,PhD,Has Children,2012,Meat,16
High,PhD,No Children,2013,Meat,505
Medium,Graduation,Has Children,2013,Meat,22
Low,Basic,Has Children,2012,Meat,3
Low,Graduation,Has Children,2013,Meat,4
High,Diploma,No Children,2013,Meat,109
Medium,Graduation,Has Children,2013,Meat,7
Medium,PhD,Has Children,2013,Meat,16
High,PhD,Has Children,2013,Meat,180
High,PhD,No Children,2013,Meat,106
Low,Graduation,Has Children,2012,Meat,12
Medium,Master,Has Children,2013,Meat,17
Medium,Master,Has Children,2014,Meat,14
Medium,Graduation,Has Children,2013,Meat,59
Medium,PhD,Has Children,2013,Meat,11
Medium,Graduation,Has Children,2014,Meat,8
Low,Graduation,Has Children,2013,Meat,19
Medium,PhD,Has Children,2014,Meat,9
High,Graduation,Has Children,2014,Meat,280
Medium,Master,Has Children,2014,Meat,19
High,Graduation,No Children,2013,Meat,414
Low,Graduation,Has Children,2013,Meat,13
Medium,Graduation,Has Children,2013,Meat,35
Low,Basic,Has Children,2014,Meat,2
Medium,PhD,Has Children,2013,Meat,12
High,Graduation,Has Children,2014,Meat,147
High,Master,No Children,2014,Meat,270
Low,PhD,Has Children,2012,Meat,121
Low,Graduation,No Children,2014,Meat,3
Low,Basic,Has Children,2012,Meat,18
Medium,Graduation,Has Children,2013,Meat,5
Low,PhD,Has Children,2014,Meat,4
High,Graduation,Has Children,2014,Meat,133
High,PhD,No Children,2013,Meat,514
High,Graduation,Has Children,2013,Meat,259
High,PhD,Has Children,2013,Meat,265
High,Graduation,Has Children,2013,Meat,421
High,Graduation,Has Children,2013,Meat,123
Medium,PhD,Has Children,2012,Meat,87
High,Diploma,Has Children,2012,Meat,47
High,Graduation,Has Children,2014,Meat,86
Medium,Graduation,Has Children,2014,Meat,2
High,Graduation,No Children,2013,Meat,946
Medium,PhD,Has Children,2014,Meat,8
High,PhD,No Children,2013,Meat,672
High,Master,No Children,2013,Meat,415
Medium,Graduation,Has Children,2013,Meat,11
Medium,Graduation,Has Children,2014,Meat,12
High,Graduation,No Children,2013,Meat,430
Medium,PhD,Has Children,2012,Meat,152
Low,Graduation,Has Children,2013,Meat,9
Medium,PhD,Has Children,2013,Meat,33
High,Diploma,No Children,2014,Meat,611
Medium,Graduation,No Children,2014,Meat,104
High,Master,Has Children,2013,Meat,186
Medium,Graduation,Has Children,2012,Meat,52
Medium,Master,Has Children,2013,Meat,64
Low,Master,Has Children,2012,Meat,29
High,Graduation,Has Children,2013,Meat,96
Medium,Master,Has Children,2013,Meat,11
Medium,Graduation,Has Children,2013,Meat,27
High,Graduation,No Children,2012,Meat,106
Medium,Graduation,Has Children,2013,Meat,71
High,Graduation,No Children,2012,Meat,687
Medium,Diploma,No Children,2012,Meat,239
Medium,PhD,Has Children,2012,Meat,20
Medium,Master,No Children,2013,Meat,204
Low,Basic,No Children,2012,Meat,78
Medium,Graduation,Has Children,2013,Meat,18
Medium,PhD,Has Children,2012,Meat,24
Medium,Diploma,Has Children,2013,Meat,10
High,Master,No Children,2013,Meat,842
Medium,Graduation,No Children,2012,Meat,151
Low,Graduation,No Children,2013,Meat,5
Low,Graduation,Has Children,2013,Meat,7
Medium,Diploma,Has Children,2014,Meat,24
Medium,PhD,Has Children,2013,Meat,5
Medium,PhD,Has Children,2014,Meat,9
High,Master,Has Children,2014,Meat,57
Medium,PhD,Has Children,2013,Meat,14
Medium,Graduation,Has Children,2013,Meat,114
High,Graduation,No Children,2014,Meat,622
Low,Graduation,Has Children,2012,Meat,4
High,Graduation,No Children,2013,Meat,790
Low,Diploma,No Children,2014,Meat,8
Medium,Graduation,Has Children,2013,Meat,65
High,Graduation,No Children,2012,Meat,376
High,Graduation,Has Children,2013,Meat,155
Medium,Graduation,Has Children,2013,Meat,51
High,PhD,No Children,2014,Meat,249
High,Graduation,No Children,2014,Meat,69
Medium,Graduation,Has Children,2013,Meat,154
High,PhD,Has Children,2014,Meat,189
High,Master,No Children,2012,Meat,717
Medium,Master,Has Children,2013,Meat,74
High,Diploma,Has Children,2013,Meat,209
Medium,Diploma,Has Children,2014,Meat,111
Low,PhD,Has Children,2013,Meat,17
Medium,Graduation,Has Children,2013,Meat,73
Medium,Diploma,Has Children,2014,Meat,20
Medium,Graduation,Has Children,2013,Meat,21
Medium,Graduation,Has Children,2014,Meat,9
High,Master,No Children,2013,Meat,537
Medium,Master,Has Children,2013,Meat,97
High,Graduation,Has Children,2014,Meat,231
Medium,Graduation,Has Children,2012,Meat,107
Low,Basic,Has Children,2014,Meat,13
High,Master,Has Children,2013,Meat,235
Low,Graduation,No Children,2014,Meat,25
Medium,PhD,Has Children,2013,Meat,44
Low,Master,No Children,2013,Meat,26
High,PhD,No Children,2013,Meat,528
Low,Graduation,Has Children,2014,Meat,17
Medium,Graduation,Has Children,2012,Meat,100
High,Graduation,Has Children,2013,Meat,217
High,Graduation,No Children,2013,Meat,118
High,Master,Has Children,2012,Meat,480
Medium,Graduation,Has Children,2013,Meat,54
High,Graduation,No Children,2013,Meat,413
Medium,Master,No Children,2014,Meat,40
Medium,Graduation,Has Children,2013,Meat,7
Medium,Graduation,Has Children,2012,Meat,78
Medium,Graduation,Has Children,2014,Meat,21
Medium,Master,Has Children,2012,Meat,61
High,Master,Has Children,2012,Meat,45
Low,Graduation,No Children,2013,Meat,8
Low,Basic,Has Children,2013,Meat,2
Medium,Graduation,Has Children,2013,Meat,21
Low,Diploma,Has Children,2013,Meat,4
Medium,PhD,No Children,2013,Meat,92
High,Graduation,Has Children,2013,Meat,84
High,PhD,No Children,2013,Meat,395
High,PhD,No Children,2013,Meat,573
High,Graduation,No Children,2013,Meat,452
Low,Graduation,Has Children,2012,Meat,7
High,Graduation,Has Children,2014,Meat,75
High,Graduation,No Children,2012,Meat,459
High,Graduation,Has Children,2013,Meat,215
Medium,Graduation,Has Children,2013,Meat,27
High,PhD,No Children,2014,Meat,259
High,Graduation,No Children,2013,Meat,984
Medium,Master,Has Children,2013,Meat,31
Medium,Graduation,Has Children,2012,Meat,68
Low,Basic,Has Children,2013,Meat,14
Medium,Graduation,Has Children,2013,Meat,196
Medium,Diploma,No Children,2012,Meat,238
Medium,Diploma,Has Children,2013,Meat,69
High,Master,Has Children,2012,Meat,205
Medium,Graduation,Has Children,2013,Meat,108
Medium,Graduation,Has Children,2013,Meat,10
Medium,Master,Has Children,2013,Meat,21
High,Graduation,Has Children,2014,Meat,59
Medium,Graduation,Has Children,2014,Meat,52
Medium,Diploma,Has Children,2013,Meat,24
Medium,Master,Has Children,2013,Meat,5
Medium,PhD,Has Children,2012,Meat,24
Medium,PhD,Has Children,2013,Meat,167
Medium,Graduation,Has Children,2012,Meat,38
Medium,Graduation,Has Children,2013,Meat,35
Low,Graduation,Has Children,2013,Meat,14
Medium,Master,Has Children,2013,Meat,18
Medium,Master,Has Children,2013,Meat,65
Medium,Master,Has Children,2014,Meat,64
Medium,Diploma,Has Children,2013,Meat,34
Medium,Graduation,Has Children,2012,Meat,12
Medium,Diploma,Has Children,2014,Meat,9
Low,Graduation,Has Children,2012,Meat,17
High,Graduation,No Children,2014,Meat,694
Medium,PhD,Has Children,2014,Meat,13
Low,Diploma,Has Children,2013,Meat,7
Medium,Graduation,Has Children,2012,Meat,17
High,Graduation,No Children,2014,Meat,374
Medium,Master,Has Children,2013,Meat,76
Low,Graduation,Has Children,2013,Meat,29
Medium,PhD,Has Children,2014,Meat,13
Medium,Diploma,Has Children,2012,Meat,12
Low,PhD,Has Children,2014,Meat,6
High,Master,Has Children,2013,Meat,115
Medium,Graduation,Has Children,2014,Meat,3
Low,Graduation,Has Children,2014,Meat,16
High,Master,Has Children,2013,Meat,100
Medium,PhD,Has Children,2012,Meat,79
High,Graduation,Has Children,2012,Meat,43
High,Graduation,Has Children,2014,Meat,49
Medium,Graduation,Has Children,2014,Meat,41
Medium,Graduation,Has Children,2012,Meat,39
Medium,Master,Has Children,2012,Meat,133
Medium,PhD,Has Children,2012,Meat,21
Medium,Master,Has Children,2013,Meat,112
High,Master,Has Children,2013,Meat,222
Medium,Graduation,Has Children,2012,Meat,104
Medium,PhD,Has Children,2012,Meat,16
High,PhD,Has Children,2012,Meat,238
High,Graduation,Has Children,2013,Meat,272
Medium,Master,Has Children,2014,Meat,7
High,Graduation,No Children,2014,Meat,520
Medium,Graduation,Has Children,2013,Meat,50
Medium,Graduation,Has Children,2013,Meat,139
Low,Basic,No Children,2013,Meat,11
Medium,Graduation,No Children,2014,Meat,39
Medium,Graduation,Has Children,2014,Meat,10
Low,Graduation,Has Children,2014,Meat,16
Medium,PhD,Has Children,2014,Meat,1
High,Diploma,No Children,2013,Meat,74
High,Graduation,Has Children,2012,Meat,253
Medium,PhD,Has Children,2014,Meat,8
Low,Graduation,No Children,2012,Meat,7
Low,Graduation,Has Children,2013,Meat,26
Medium,PhD,Has Children,2013,Meat,2
Medium,PhD,Has Children,2013,Meat,7
Medium,Diploma,Has Children,2014,Meat,17
Medium,Graduation,No Children,2013,Meat,64
Low,Master,Has Children,2013,Meat,13
Medium,Diploma,Has Children,2014,Meat,10
High,Graduation,No Children,2013,Meat,118
Medium,Graduation,Has Children,2013,Meat,15
High,Graduation,Has Children,2013,Meat,67
Medium,Diploma,Has Children,2013,Meat,11
High,Graduation,Has Children,2012,Meat,43
Low,Diploma,No Children,2013,Meat,5
Medium,Graduation,No Children,2014,Meat,11
Medium,Graduation,Has Children,2013,Meat,59
Medium,Graduation,Has Children,2013,Meat,19
Medium,Master,Has Children,2013,Meat,4
Low,Graduation,Has Children,2012,Meat,23
High,Master,No Children,2012,Meat,595
High,Graduation,No Children,2013,Meat,672
Medium,Graduation,No Children,2013,Meat,102
High,Diploma,No Children,2012,Meat,553
Medium,Graduation,Has Children,2012,Meat,99
High,PhD,No Children,2013,Meat,348
High,Diploma,Has Children,2014,Meat,159
Medium,Graduation,Has Children,2013,Meat,92
High,Graduation,No Children,2014,Meat,573
High,Graduation,No Children,2013,Meat,601
Medium,PhD,Has Children,2013,Meat,17
Medium,PhD,No Children,2012,Meat,180
High,Graduation,No Children,2014,Meat,356
Medium,Graduation,Has Children,2012,Meat,52
Low,Graduation,Has Children,2013,Meat,16
High,Graduation,No Children,2014,Meat,731
Medium,PhD,No Children,2012,Meat,123
High,Master,Has Children,2014,Meat,21
Medium,Graduation,Has Children,2013,Meat,177
Medium,PhD,Has Children,2014,Meat,2
Low,Graduation,Has Children,2014,Meat,6
Low,Master,Has Children,2013,Meat,10
Medium,Master,Has Children,2013,Meat,95
Medium,Graduation,Has Children,2013,Meat,75
High,Graduation,No Children,2013,Meat,345
Medium,PhD,Has Children,2014,Meat,3
High,Graduation,Has Children,2013,Meat,352
Low,Diploma,Has Children,2013,Meat,9
Medium,Graduation,Has Children,2013,Meat,58
Medium,Graduation,Has Children,2013,Meat,5
High,PhD,Has Children,2012,Meat,553
High,Graduation,Has Children,2012,Meat,422
Medium,Graduation,Has Children,2013,Meat,26
High,Master,No Children,2012,Meat,717
Medium,PhD,Has Children,2013,Meat,13
Medium,Master,No Children,2013,Meat,54
Medium,PhD,Has Children,2014,Meat,60
High,Graduation,Has Children,2013,Meat,303
High,Graduation,Has Children,2012,Meat,135
Low,Diploma,Has Children,2013,Meat,12
Low,Graduation,Has Children,2013,Meat,9
High,Diploma,Has Children,2012,Meat,259
High,Master,Has Children,2013,Meat,142
High,Master,No Children,2014,Meat,687
High,PhD,Has Children,2014,Meat,30
High,Graduation,Has Children,2013,Meat,161
Medium,Master,Has Children,2013,Meat,171
High,PhD,Has Children,2013,Meat,309
Medium,PhD,Has Children,2013,Meat,40
High,Graduation,No Children,2013,Meat,815
Medium,Graduation,Has Children,2013,Meat,178
Medium,Graduation,Has Children,2013,Meat,30
High,Graduation,No Children,2014,Meat,295
Medium,Graduation,Has Children,2013,Meat,12
Medium,PhD,Has Children,2012,Meat,101
High,Graduation,Has Children,2012,Meat,253
High,Graduation,No Children,2013,Meat,385
Medium,Master,Has Children,2013,Meat,57
Medium,Diploma,Has Children,2014,Meat,10
Medium,Graduation,Has Children,2012,Meat,108
Medium,Master,Has Children,2012,Meat,91
Medium,PhD,No Children,2012,Meat,120
High,Master,No Children,2014,Meat,125
Medium,Master,Has Children,2013,Meat,109
Medium,Diploma,Has Children,2012,Meat,189
High,PhD,No Children,2013,Meat,170
Medium,Graduation,Has Children,2013,Meat,165
High,Graduation,No Children,2014,Meat,400
Medium,Master,Has Children,2012,Meat,27
High,Graduation,Has Children,2012,Meat,428
High,Graduation,No Children,2014,Meat,706
Low,Diploma,No Children,2013,Meat,10
Medium,Graduation,Has Children,2014,Meat,87
Medium,Graduation,Has Children,2012,Meat,85
Medium,Graduation,Has Children,2013,Meat,12
Medium,Master,Has Children,2013,Meat,40
Low,Graduation,Has Children,2012,Meat,26
High,PhD,No Children,2013,Meat,724
High,Graduation,No Children,2013,Meat,827
Medium,Graduation,Has Children,2014,Meat,21
Medium,PhD,Has Children,2014,Meat,19
Low,Graduation,Has Children,2013,Meat,1
Medium,Graduation,Has Children,2012,Meat,184
High,PhD,No Children,2014,Meat,377
Low,Graduation,Has Children,2012,Meat,17
High,PhD,No Children,2014,Meat,560
Low,Graduation,Has Children,2013,Meat,3
Medium,Diploma,Has Children,2012,Meat,219
Medium,Diploma,Has Children,2013,Meat,33
High,PhD,Has Children,2014,Meat,134
Medium,Master,Has Children,2012,Meat,27
Low,Diploma,Has Children,2012,Meat,7
Low,Diploma,Has Children,2012,Meat,101
Low,Graduation,Has Children,2013,Meat,7
High,PhD,No Children,2013,Meat,441
High,PhD,Has Children,2012,Meat,76
Medium,Master,Has Children,2013,Meat,469
Medium,Graduation,Has Children,2014,Meat,24
High,Master,Has Children,2013,Meat,270
High,Graduation,No Children,2012,Meat,701
Medium,PhD,Has Children,2013,Meat,3
Medium,Graduation,Has Children,2012,Meat,115
Medium,Master,Has Children,2013,Meat,16
Medium,Diploma,No Children,2013,Meat,12
Medium,Graduation,No Children,2012,Meat,50
High,Graduation,Has Children,2013,Meat,179
Medium,Diploma,Has Children,2013,Meat,2
Medium,Master,Has Children,2013,Meat,27
High,Diploma,No Children,2014,Meat,255
High,Graduation,Has Children,2012,Meat,368
High,Graduation,No Children,2014,Meat,415
High,Graduation,Has Children,2012,Meat,217
Medium,Master,Has Children,2013,Meat,6
Medium,Master,Has Children,2012,Meat,44
Medium,Graduation,Has Children,2013,Meat,3
Low,Graduation,Has Children,2013,Meat,22
High,PhD,Has Children,2013,Meat,168
Medium,Graduation,Has Children,2013,Meat,59
Medium,Master,Has Children,2013,Meat,26
Low,Graduation,Has Children,2012,Meat,4
High,Graduation,Has Children,2014,Meat,278
Medium,Graduation,Has Children,2014,Meat,40
Medium,Graduation,Has Children,2013,Meat,88
High,Master,Has Children,2012,Meat,254
High,Graduation,Has Children,2014,Meat,171
Medium,PhD,Has Children,2012,Meat,108
High,PhD,Has Children,2013,Meat,180
High,PhD,No Children,2012,Meat,115
Medium,Graduation,Has Children,2012,Meat,14
High,Master,No Children,2014,Meat,915
Low,Master,Has Children,2013,Meat,23
Medium,Graduation,Has Children,2012,Meat,108
Medium,PhD,Has Children,2013,Meat,23
Medium,Graduation,Has Children,2014,Meat,67
High,PhD,No Children,2014,Meat,465
Medium,Graduation,No Children,2013,Meat,66
High,Master,Has Children,2013,Meat,134
Medium,Graduation,Has Children,2014,Meat,5
High,Master,No Children,2013,Meat,639
High,Graduation,No Children,2013,Meat,573
Medium,Master,Has Children,2014,Meat,10
High,Graduation,No Children,2014,Meat,424
Medium,PhD,Has Children,2014,Meat,8
Medium,Master,Has Children,2012,Meat,52
High,Graduation,No Children,2014,Meat,68
Medium,Graduation,Has Children,2013,Meat,45
High,Graduation,No Children,2013,Meat,625
Medium,PhD,Has Children,2012,Meat,28
High,Graduation,No Children,2013,Meat,315
Low,Basic,Has Children,2012,Meat,5
Medium,Master,Has Children,2013,Meat,74
Medium,PhD,Has Children,2014,Meat,3
Medium,PhD,Has Children,2012,Meat,50
Low,Master,Has Children,2014,Meat,19
Medium,Graduation,Has Children,2013,Meat,129
High,Graduation,Has Children,2012,Meat,309
Medium,PhD,Has Children,2014,Meat,6
Medium,Master,Has Children,2013,Meat,88
High,Master,No Children,2012,Meat,649
High,Master,No Children,2013,Meat,215
Medium,Graduation,Has Children,2013,Meat,6
Low,Graduation,Has Children,2014,Meat,21
Medium,PhD,Has Children,2013,Meat,4
High,Graduation,Has Children,2013,Meat,422
Medium,Diploma,Has Children,2013,Meat,230
High,Master,Has Children,2014,Meat,15
High,PhD,Has Children,2014,Meat,69
High,Graduation,No Children,2012,Meat,832
Low,Diploma,No Children,2012,Meat,15
High,Graduation,No Children,2013,Meat,575
Medium,Graduation,Has Children,2013,Meat,128
Medium,Graduation,Has Children,2013,Meat,10
Medium,Graduation,Has Children,2013,Meat,215
Low,Graduation,Has Children,2013,Meat,5
Medium,Graduation,Has Children,2014,Meat,99
High,Graduation,Has Children,2014,Meat,75
Medium,Master,Has Children,2012,Meat,76
Medium,PhD,Has Children,2013,Meat,17
Low,Graduation,Has Children,2013,Meat,20
High,Diploma,No Children,2012,Meat,447
Medium,Graduation,Has Children,2013,Meat,104
Medium,Graduation,Has Children,2013,Meat,16
Medium,PhD,Has Children,2014,Meat,6
Medium,PhD,Has Children,2012,Meat,153
Medium,PhD,No Children,2013,Meat,142
Low,Graduation,Has Children,2014,Meat,23
Medium,Diploma,Has Children,2013,Meat,35
High,PhD,Has Children,2013,Meat,420
Medium,PhD,Has Children,2013,Meat,51
Medium,PhD,Has Children,2014,Meat,10
Low,Graduation,Has Children,2013,Meat,8
Medium,PhD,Has Children,2013,Meat,69
Medium,PhD,Has Children,2013,Meat,70
Medium,Graduation,Has Children,2013,Meat,71
High,Graduation,No Children,2013,Meat,373
Medium,Graduation,Has Children,2014,Meat,10
Medium,Master,Has Children,2013,Meat,5
Medium,Master,Has Children,2014,Meat,14
High,PhD,Has Children,2013,Meat,61
Medium,Graduation,Has Children,2012,Meat,214
Low,Basic,Has Children,2013,Meat,6
High,Diploma,Has Children,2014,Meat,134
Medium,Master,No Children,2013,Meat,6
Medium,Master,Has Children,2013,Meat,68
Medium,Graduation,No Children,2014,Meat,179
Medium,Graduation,No Children,2013,Meat,599
Medium,PhD,Has Children,2014,Meat,32
Low,Graduation,Has Children,2014,Meat,8
High,Graduation,No Children,2012,Meat,265
Medium,Graduation,Has Children,2012,Meat,28
Low,PhD,Has Children,2013,Meat,5
Medium,Master,Has Children,2014,Meat,23
Medium,Master,Has Children,2013,Meat,76
High,PhD,Has Children,2014,Meat,92
Medium,Diploma,Has Children,2013,Meat,160
High,Graduation,No Children,2014,Meat,536
Medium,PhD,Has Children,2013,Meat,143
Medium,Graduation,Has Children,2013,Meat,82
High,Graduation,Has Children,2014,Meat,230
Medium,Graduation,Has Children,2014,Meat,12
Medium,PhD,No Children,2013,Meat,15
Medium,Diploma,Has Children,2013,Meat,20
High,PhD,Has Children,2013,Meat,91
Medium,PhD,Has Children,2013,Meat,3
High,PhD,Has Children,2013,Meat,199
High,PhD,Has Children,2013,Meat,265
Medium,PhD,No Children,2013,Meat,46
High,Graduation,No Children,2013,Meat,768
High,Master,No Children,2013,Meat,673
High,Diploma,No Children,2013,Meat,323
High,Graduation,Has Children,2012,Meat,363
Low,Diploma,No Children,2012,Meat,22
Low,Graduation,Has Children,2013,Meat,110
Low,Basic,Has Children,2013,Meat,4
Medium,PhD,Has Children,2013,Meat,73
Medium,Graduation,Has Children,2014,Meat,31
High,Graduation,No Children,2013,Meat,499
Medium,Graduation,Has Children,2014,Meat,28
Low,PhD,Has Children,2012,Meat,10
Low,PhD,Has Children,2014,Meat,3
Medium,Graduation,Has Children,2013,Meat,41
Medium,Graduation,Has Children,2014,Meat,8
High,Master,No Children,2012,Meat,850
Medium,Graduation,Has Children,2013,Meat,61
Medium,Graduation,Has Children,2013,Meat,206
High,Graduation,No Children,2013,Meat,324
Medium,Graduation,Has Children,2013,Meat,82
High,Master,No Children,2013,Meat,414
Low,PhD,Has Children,2013,Meat,5
Low,Diploma,Has Children,2012,Meat,2
Low,Graduation,No Children,2012,Meat,19
High,Graduation,Has Children,2013,Meat,217
Medium,Diploma,Has Children,2012,Meat,4
High,PhD,No Children,2013,Meat,127
Medium,PhD,Has Children,2012,Meat,2
High,Master,Has Children,2014,Meat,520
High,Graduation,Has Children,2012,Meat,342
Medium,Master,Has Children,2014,Meat,14
Low,Graduation,Has Children,2013,Meat,19
Medium,PhD,Has Children,2014,Meat,65
Low,Basic,Has Children,2012,Meat,16
Medium,PhD,Has Children,2013,Meat,69
Medium,Master,Has Children,2012,Meat,194
Medium,Graduation,Has Children,2012,Meat,107
High,Graduation,Has Children,2014,Meat,124
Medium,PhD,Has Children,2014,Meat,31
High,Graduation,No Children,2014,Meat,835
High,Master,Has Children,2013,Meat,396
Medium,Graduation,Has Children,2013,Meat,11
High,Graduation,No Children,2012,Meat,936
Low,Basic,Has Children,2014,Meat,11
Medium,Graduation,Has Children,2012,Meat,141
High,Graduation,Has Children,2013,Meat,367
Low,Graduation,Has Children,2014,Meat,9
Medium,Graduation,Has Children,2013,Meat,71
Medium,PhD,Has Children,2012,Meat,184
Low,Graduation,Has Children,2013,Meat,1
High,PhD,No Children,2013,Meat,935
High,Graduation,No Children,2013,Meat,853
High,PhD,No Children,2014,Meat,558
Medium,PhD,Has Children,2014,Meat,115
Low,Master,Has Children,2014,Meat,31
Medium,Graduation,Has Children,2012,Meat,56
Low,Basic,Has Children,2013,Meat,13
High,Master,Has Children,2013,Meat,270
High,Graduation,Has Children,2013,Meat,217
Medium,PhD,Has Children,2014,Meat,14
Low,Graduation,No Children,2012,Meat,7
Medium,Graduation,Has Children,2013,Meat,10
High,Graduation,No Children,2014,Meat,509
High,Diploma,Has Children,2013,Meat,97
High,Graduation,Has Children,2013,Meat,250
High,Graduation,Has Children,2014,Meat,223
High,Graduation,No Children,2013,Meat,442
Medium,Graduation,Has Children,2014,Meat,131
Medium,PhD,Has Children,2013,Meat,11
Medium,Graduation,Has Children,2014,Meat,12
Medium,Graduation,Has Children,2013,Meat,86
Medium,PhD,No Children,2014,Meat,29
High,Graduation,No Children,2013,Meat,751
Medium,PhD,Has Children,2013,Meat,62
High,Graduation,No Children,2012,Meat,693
Low,Basic,No Children,2012,Meat,3
High,Master,No Children,2013,Meat,195
High,Graduation,Has Children,2013,Meat,206
High,PhD,No Children,2013,Meat,454
High,PhD,Has Children,2012,Meat,118
Medium,Graduation,Has Children,2012,Meat,106
Medium,Diploma,Has Children,2014,Meat,7
Medium,PhD,Has Children,2013,Meat,47
Medium,Graduation,Has Children,2012,Meat,12
Low,Basic,Has Children,2013,Meat,4
Medium,Graduation,Has Children,2013,Meat,23
Medium,Master,Has Children,2013,Meat,60
Medium,PhD,Has Children,2014,Meat,6
High,Graduation,Has Children,2013,Meat,204
High,Diploma,Has Children,2013,Meat,96
Low,Diploma,Has Children,2013,Meat,8
Medium,Graduation,Has Children,2013,Meat,85
High,Graduation,Has Children,2013,Meat,171
Low,Diploma,Has Children,2013,Meat,7
High,Graduation,Has Children,2013,Meat,250
Medium,PhD,Has Children,2014,Meat,2
High,Graduation,No Children,2013,Meat,413
Low,Basic,No Children,2014,Meat,7
Medium,Master,Has Children,2013,Meat,26
Low,PhD,Has Children,2012,Meat,30
Medium,PhD,No Children,2013,Meat,63
High,Graduation,No Children,2012,Meat,534
High,PhD,No Children,2013,Meat,462
Medium,Graduation,Has Children,2014,Meat,3
Medium,Graduation,Has Children,2012,Meat,56
Low,Graduation,Has Children,2012,Meat,68
Low,PhD,No Children,2012,Meat,46
Medium,PhD,Has Children,2013,Meat,18
High,Diploma,No Children,2013,Meat,112
Low,Basic,Has Children,2012,Meat,7
Medium,PhD,Has Children,2014,Meat,21
High,Graduation,No Children,2012,Meat,168
High,Graduation,Has Children,2013,Meat,170
Medium,Graduation,Has Children,2013,Meat,60
Medium,Graduation,Has Children,2012,Meat,56
Medium,Graduation,Has Children,2012,Meat,38
Medium,Graduation,Has Children,2013,Meat,30
High,Diploma,Has Children,2012,Meat,128
High,Graduation,Has Children,2013,Meat,292
Medium,Graduation,Has Children,2013,Meat,15
Medium,PhD,Has Children,2014,Meat,9
High,Diploma,No Children,2013,Meat,350
Medium,Graduation,Has Children,2014,Meat,21
Medium,Graduation,Has Children,2013,Meat,41
Low,Master,Has Children,2013,Meat,10
High,Graduation,Has Children,2013,Meat,90
Medium,Master,Has Children,2014,Meat,30
High,Graduation,Has Children,2014,Meat,70
High,Diploma,Has Children,2014,Meat,134
High,Graduation,Has Children,2014,Meat,279
High,Graduation,Has Children,2012,Meat,629
Medium,Master,Has Children,2013,Meat,10
Medium,Graduation,Has Children,2013,Meat,137
Medium,Graduation,Has Children,2014,Meat,5
Medium,Graduation,Has Children,2013,Meat,165
Low,PhD,Has Children,2013,Meat,33
Low,Graduation,Has Children,2013,Meat,2
High,Graduation,No Children,2014,Meat,981
High,PhD,No Children,2012,Meat,586
Medium,Graduation,Has Children,2012,Meat,10
Medium,PhD,Has Children,2012,Meat,163
High,Master,No Children,2014,Meat,232
High,Graduation,No Children,2013,Meat,565
High,Graduation,Has Children,2013,Meat,300
Low,PhD,Has Children,2013,Meat,9
Medium,Diploma,Has Children,2013,Meat,106
High,Graduation,No Children,2013,Meat,419
Medium,Graduation,Has Children,2013,Meat,87
Medium,PhD,Has Children,2014,Meat,3
High,Graduation,Has Children,2014,Meat,398
Medium,Master,Has Children,2013,Meat,9
Medium,Master,Has Children,2013,Meat,31
High,Graduation,Has Children,2013,Meat,141
Medium,Diploma,No Children,2012,Meat,241
Low,Graduation,Has Children,2013,Meat,11
Medium,PhD,Has Children,2013,Meat,54
High,Graduation,No Children,2013,Meat,697
High,Master,No Children,2013,Meat,736
Low,Master,Has Children,2013,Meat,36
Low,Graduation,Has Children,2013,Meat,24
Medium,Graduation,Has Children,2013,Meat,22
Medium,PhD,Has Children,2013,Meat,142
Medium,Graduation,Has Children,2014,Meat,66
Medium,Graduation,Has Children,2013,Meat,57
Medium,Graduation,Has Children,2012,Meat,24
High,PhD,No Children,2013,Meat,456
Medium,Graduation,Has Children,2013,Meat,43
High,Diploma,Has Children,2012,Meat,47
Medium,PhD,Has Children,2012,Meat,397
Medium,PhD,Has Children,2013,Meat,56
High,Master,No Children,2013,Meat,602
Low,Master,Has Children,2014,Meat,19
High,Master,No Children,2013,Meat,408
High,Master,Has Children,2013,Meat,119
High,PhD,No Children,2012,Meat,273
Low,PhD,Has Children,2014,Meat,1
Medium,Graduation,No Children,2013,Meat,28
Medium,PhD,Has Children,2014,Meat,53
Low,Graduation,Has Children,2014,Meat,8
High,Diploma,No Children,2012,Meat,590
Low,Graduation,Has Children,2013,Meat,4
High,PhD,No Children,2012,Meat,899
High,Graduation,No Children,2013,Meat,816
High,PhD,No Children,2013,Meat,420
High,Master,Has Children,2013,Meat,72
Medium,Master,Has Children,2012,Meat,13
Low,Master,No Children,2013,Meat,18
High,PhD,No Children,2013,Meat,603
Medium,Graduation,Has Children,2012,Meat,203
High,PhD,Has Children,2012,Meat,124
Low,Diploma,No Children,2013,Meat,0
High,Graduation,Has Children,2013,Meat,100
High,Graduation,Has Children,2013,Meat,239
High,Graduation,No Children,2012,Meat,459
High,Graduation,Has Children,2012,Meat,71
Medium,Master,Has Children,2013,Meat,13
Medium,Graduation,Has Children,2014,Meat,10
Medium,Master,Has Children,2012,Meat,52
High,Diploma,No Children,2014,Meat,754
Low,PhD,Has Children,2014,Meat,15
High,Graduation,Has Children,2013,Meat,153
Medium,Graduation,Has Children,2014,Meat,8
High,PhD,Has Children,2013,Meat,132
Medium,Graduation,Has Children,2014,Meat,3
Low,Diploma,No Children,2014,Meat,6
Medium,Master,No Children,2012,Meat,243
High,Graduation,No Children,2014,Meat,445
High,PhD,Has Children,2013,Meat,240
High,Graduation,Has Children,2013,Meat,338
High,PhD,No Children,2012,Meat,304
Medium,PhD,Has Children,2014,Meat,6
Medium,PhD,Has Children,2014,Meat,16
High,Master,Has Children,2013,Meat,157
Medium,PhD,No Children,2014,Meat,12
Medium,Graduation,Has Children,2012,Meat,133
Medium,PhD,Has Children,2014,Meat,9
High,PhD,No Children,2013,Meat,835
High,Graduation,Has Children,2013,Meat,177
Medium,Graduation,Has Children,2013,Meat,110
High,PhD,No Children,2012,Meat,768
High,Master,No Children,2014,Meat,612
Medium,Graduation,Has Children,2013,Meat,16
High,Graduation,Has Children,2014,Meat,56
High,Graduation,No Children,2014,Meat,208
Medium,Graduation,Has Children,2013,Meat,43
Low,Basic,Has Children,2012,Meat,10
High,PhD,No Children,2014,Meat,430
High,PhD,No Children,2014,Meat,3
Medium,PhD,Has Children,2013,Meat,68
Medium,PhD,Has Children,2013,Meat,18
Low,Graduation,No Children,2014,Meat,14
High,Master,No Children,2014,Meat,80
Low,Graduation,Has Children,2013,Meat,24
Medium,Graduation,Has Children,2014,Meat,18
High,Graduation,No Children,2013,Meat,265
High,PhD,Has Children,2013,Meat,237
Medium,Graduation,Has Children,2014,Meat,16
Medium,Graduation,No Children,2013,Meat,9
Medium,Master,Has Children,2013,Meat,13
High,Diploma,No Children,2014,Meat,352
High,Graduation,Has Children,2012,Meat,175
High,Master,No Children,2012,Meat,430
High,Graduation,Has Children,2012,Meat,500
Medium,PhD,Has Children,2013,Meat,71
Medium,Graduation,Has Children,2012,Meat,120
Low,Graduation,No Children,2013,Meat,8
Medium,PhD,Has Children,2013,Meat,15
Low,Graduation,No Children,2013,Meat,24
Medium,PhD,Has Children,2012,Meat,4
Medium,Diploma,Has Children,2014,Meat,5
High,Diploma,Has Children,2014,Meat,100
High,Graduation,No Children,2012,Meat,119
High,Master,No Children,2013,Meat,281
High,Graduation,Has Children,2013,Meat,401
Low,Master,Has Children,2013,Meat,9
Medium,PhD,Has Children,2012,Meat,45
High,Graduation,No Children,2013,Meat,753
High,Graduation,No Children,2012,Meat,350
High,Master,Has Children,2013,Meat,157
High,PhD,Has Children,2013,Meat,36
High,PhD,Has Children,2013,Meat,127
Low,Master,Has Children,2014,Meat,19
Low,Master,Has Children,2014,Meat,18
High,Graduation,Has Children,2013,Meat,185
Medium,Diploma,Has Children,2012,Meat,15
Medium,PhD,Has Children,2013,Meat,202
Medium,PhD,Has Children,2012,Meat,30
Medium,Master,Has Children,2014,Meat,4
Low,Graduation,Has Children,2013,Meat,4
High,PhD,No Children,2014,Meat,322
Low,Graduation,Has Children,2013,Meat,14
Low,Graduation,Has Children,2012,Meat,6
High,Graduation,No Children,2014,Meat,216
Medium,Master,Has Children,2012,Meat,38
High,Graduation,No Children,2013,Meat,654
High,Graduation,No Children,2012,Meat,459
High,Master,Has Children,2014,Meat,350
Medium,Graduation,Has Children,2013,Meat,34
Medium,Graduation,Has Children,2013,Meat,26
Medium,PhD,No Children,2013,Meat,7
Medium,Graduation,Has Children,2013,Meat,103
High,Graduation,No Children,2014,Meat,567
High,PhD,No Children,2012,Meat,653
High,PhD,No Children,2013,Meat,89
High,PhD,No Children,2014,Meat,345
Low,Graduation,Has Children,2014,Meat,7
Medium,Graduation,Has Children,2012,Meat,86
High,Graduation,No Children,2013,Meat,951
Medium,PhD,Has Children,2014,Meat,32
High,Master,Has Children,2013,Meat,98
High,PhD,No Children,2013,Meat,128
Medium,Graduation,Has Children,2014,Meat,14
Medium,Graduation,Has Children,2013,Meat,44
Medium,Graduation,Has Children,2014,Meat,15
High,Graduation,No Children,2013,Meat,815
High,Graduation,Has Children,2013,Meat,172
High,Graduation,Has Children,2014,Meat,239
High,Graduation,No Children,2013,Meat,553
High,Master,No Children,2014,Meat,376
Medium,Graduation,Has Children,2013,Meat,199
Medium,Graduation,Has Children,2014,Meat,9
Medium,Graduation,Has Children,2013,Meat,60
Medium,Graduation,Has Children,2013,Meat,73
Medium,Diploma,Has Children,2013,Meat,37
Low,Graduation,Has Children,2013,Meat,12
Medium,Diploma,No Children,2012,Meat,137
Medium,PhD,Has Children,2013,Meat,18
Medium,Graduation,Has Children,2014,Meat,17
Medium,Master,Has Children,2012,Meat,12
Low,Graduation,Has Children,2013,Meat,62
Low,PhD,Has Children,2012,Meat,30
High,Graduation,No Children,2014,Meat,797
Medium,Master,Has Children,2013,Meat,44
Medium,Graduation,Has Children,2013,Meat,81
Low,Graduation,Has Children,2012,Meat,6
Medium,Graduation,Has Children,2013,Meat,33
Medium,Graduation,No Children,2013,Meat,101
Low,Graduation,Has Children,2013,Meat,54
Medium,Graduation,Has Children,2014,Meat,130
High,PhD,No Children,2013,Meat,592
Medium,Master,Has Children,2013,Meat,27
High,Master,No Children,2013,Meat,746
High,Graduation,Has Children,2014,Meat,417
Low,Graduation,Has Children,2013,Meat,9
High,Diploma,No Children,2014,Meat,125
High,Graduation,No Children,2012,Meat,117
Medium,PhD,Has Children,2012,Meat,133
Medium,PhD,Has Children,2013,Meat,141
High,Diploma,Has Children,2014,Meat,67
Low,Graduation,Has Children,2013,Meat,8
Low,PhD,Has Children,2013,Meat,5
Low,Graduation,Has Children,2012,Meat,19
Medium,Graduation,No Children,2014,Meat,3
Medium,Master,Has Children,2013,Meat,16
Medium,Graduation,Has Children,2013,Meat,13
High,Graduation,Has Children,2012,Meat,428
Medium,Graduation,Has Children,2013,Meat,31
High,PhD,Has Children,2013,Meat,49
High,PhD,Has Children,2014,Meat,113
High,Graduation,No Children,2013,Meat,932
Medium,Graduation,Has Children,2013,Meat,33
High,Graduation,No Children,2013,Meat,735
Medium,Basic,No Children,2013,Meat,122
High,Graduation,No Children,2012,Meat,417
Medium,Diploma,Has Children,2013,Meat,2
Medium,Graduation,No Children,2013,Meat,14
Low,Graduation,Has Children,2013,Meat,16
Low,Graduation,Has Children,2014,Meat,2
Medium,Graduation,Has Children,2012,Meat,5
Low,Graduation,Has Children,2014,Meat,17
Medium,Master,Has Children,2013,Meat,29
Medium,Graduation,Has Children,2014,Meat,68
High,Master,Has Children,2014,Meat,242
High,PhD,Has Children,2013,Meat,226
Medium,Master,Has Children,2014,Meat,17
Low,Graduation,Has Children,2013,Meat,3
Low,Graduation,No Children,2013,Meat,6
Medium,Master,Has Children,2012,Meat,223
Low,Diploma,Has Children,2012,Meat,17
High,PhD,Has Children,2013,Meat,215
High,Graduation,Has Children,2013,Meat,322
Low,Graduation,Has Children,2013,Meat,23
Medium,Graduation,Has Children,2013,Meat,364
Medium,Graduation,Has Children,2013,Meat,92
High,Graduation,Has Children,2013,Meat,76
High,Graduation,Has Children,2012,Meat,257
High,Graduation,Has Children,2013,Meat,216
Medium,Graduation,Has Children,2013,Meat,36
High,Graduation,No Children,2013,Meat,323
Medium,Graduation,No Children,2013,Meat,197
High,Graduation,Has Children,2012,Meat,650
Low,Graduation,Has Children,2013,Meat,15
Medium,Master,Has Children,2013,Meat,7
Medium,Graduation,Has Children,2012,Meat,64
Medium,Graduation,Has Children,2013,Meat,99
Medium,Graduation,Has Children,2014,Meat,21
High,Graduation,No Children,2013,Meat,264
High,Graduation,Has Children,2012,Meat,426
High,Diploma,No Children,2013,Meat,535
Medium,Graduation,Has Children,2013,Meat,12
Medium,Graduation,Has Children,2013,Meat,51
High,Graduation,Has Children,2014,Meat,214
Medium,Master,Has Children,2014,Meat,16
Medium,Graduation,Has Children,2014,Meat,11
Low,Graduation,No Children,2013,Meat,27
High,Graduation,Has Children,2012,Meat,447
High,PhD,Has Children,2013,Meat,168
Medium,Graduation,Has Children,2013,Meat,143
Medium,Master,Has Children,2013,Meat,48
Medium,Graduation,Has Children,2013,Meat,56
Medium,PhD,Has Children,2013,Meat,15
High,PhD,No Children,2013,Meat,348
Medium,Graduation,Has Children,2013,Meat,11
High,Graduation,Has Children,2012,Meat,217
High,Graduation,Has Children,2013,Meat,133
Medium,Graduation,No Children,2013,Meat,15
High,PhD,Has Children,2012,Meat,332
Medium,Graduation,Has Children,2014,Meat,20
Medium,Graduation,Has Children,2013,Meat,15
Medium,Graduation,Has Children,2013,Meat,94
High,Graduation,Has Children,2013,Meat,178
Low,Graduation,Has Children,2013,Meat,11
Medium,PhD,No Children,2013,Meat,267
High,Graduation,No Children,2013,Meat,414
High,Graduation,Has Children,2014,Meat,241
Low,Master,Has Children,2013,Meat,4
Low,Basic,No Children,2014,Meat,24
Medium,Graduation,Has Children,2013,Meat,16
Medium,Master,Has Children,2013,Meat,22
Low,Graduation,Has Children,2012,Meat,46
Medium,Graduation,Has Children,2013,Meat,21
Medium,Graduation,Has Children,2012,Meat,23
High,Graduation,No Children,2013,Meat,385
Medium,Master,No Children,2013,Meat,490
Medium,Graduation,Has Children,2013,Meat,161
High,Diploma,No Children,2012,Meat,607
High,Graduation,Has Children,2014,Meat,380
Medium,Graduation,Has Children,2013,Meat,15
Medium,Master,Has Children,2013,Meat,5
Medium,Master,Has Children,2013,Meat,140
Low,Basic,No Children,2013,Meat,4
High,Graduation,Has Children,2014,Meat,124
High,Graduation,No Children,2012,Meat,125
Medium,Master,Has Children,2012,Meat,223
Medium,PhD,Has Children,2013,Meat,10
High,Graduation,No Children,2013,Meat,445
Medium,Graduation,Has Children,2013,Meat,26
High,Master,Has Children,2012,Meat,278
High,Graduation,Has Children,2012,Meat,128
Medium,Master,Has Children,2014,Meat,8
High,PhD,Has Children,2014,Meat,356
Low,Diploma,Has Children,2012,Meat,8
High,PhD,Has Children,2014,Meat,230
Low,Basic,No Children,2013,Meat,11
Low,Basic,Has Children,2012,Meat,5
Medium,Master,Has Children,2013,Meat,44
High,Graduation,Has Children,2012,Meat,179
Medium,Master,Has Children,2013,Meat,39
High,Graduation,No Children,2012,Meat,968
Medium,Graduation,Has Children,2013,Meat,253
Medium,PhD,No Children,2012,Meat,133
Medium,Graduation,Has Children,2014,Meat,9
Medium,Master,Has Children,2013,Meat,17
Medium,Master,Has Children,2013,Meat,180
High,Master,Has Children,2013,Meat,152
Low,Diploma,Has Children,2013,Meat,5
High,PhD,Has Children,2014,Meat,174
High,Master,No Children,2013,Meat,450
Low,Graduation,Has Children,2012,Meat,8
Medium,Master,Has Children,2012,Meat,56
Low,Diploma,Has Children,2013,Meat,4
Medium,Graduation,Has Children,2012,Meat,11
Medium,Diploma,Has Children,2012,Meat,98
Medium,Graduation,Has Children,2014,Meat,10
High,Graduation,No Children,2013,Meat,414
High,Graduation,Has Children,2013,Meat,107
High,PhD,No Children,2013,Meat,359
High,PhD,No Children,2012,Meat,292
Medium,Graduation,Has Children,2013,Meat,2
Medium,Graduation,Has Children,2013,Meat,14
High,Master,No Children,2013,Meat,883
Low,Basic,Has Children,2012,Meat,2
High,Master,No Children,2014,Meat,500
Medium,Graduation,Has Children,2014,Meat,61
Medium,Graduation,Has Children,2013,Meat,50
Low,Graduation,Has Children,2014,Meat,6
High,Master,Has Children,2014,Meat,48
Low,Master,Has Children,2012,Meat,37
Low,Graduation,Has Children,2014,Meat,9
Medium,Graduation,Has Children,2014,Meat,11
Medium,Graduation,Has Children,2013,Meat,12
Low,Graduation,No Children,2014,Meat,11
High,Graduation,Has Children,2014,Meat,92
High,Graduation,No Children,2013,Meat,170
Low,PhD,Has Children,2014,Meat,8
Medium,Master,Has Children,2014,Meat,22
High,PhD,Has Children,2013,Meat,114
Medium,PhD,Has Children,2013,Meat,13
Medium,Master,Has Children,2013,Meat,16
High,Graduation,No Children,2012,Meat,849
Low,Graduation,Has Children,2014,Meat,11
Medium,Graduation,Has Children,2013,Meat,50
Medium,Master,Has Children,2013,Meat,5
Medium,Diploma,Has Children,2014,Meat,23
Medium,Diploma,Has Children,2014,Meat,44
Medium,Master,Has Children,2014,Meat,7
Medium,PhD,Has Children,2014,Meat,115
Medium,Graduation,Has Children,2014,Meat,89
High,PhD,Has Children,2012,Meat,399
High,Graduation,Has Children,2014,Meat,48
Medium,Graduation,Has Children,2013,Meat,111
High,Diploma,No Children,2013,Meat,614
Low,Basic,Has Children,2013,Meat,3
Medium,PhD,Has Children,2013,Meat,20
High,Graduation,Has Children,2013,Meat,300
High,Master,No Children,2013,Meat,818
High,Graduation,No Children,2013,Meat,133
Medium,Graduation,Has Children,2013,Meat,10
High,Graduation,Has Children,2014,Meat,32
High,Diploma,No Children,2013,Meat,129
High,Graduation,Has Children,2014,Meat,155
High,Graduation,Has Children,2013,Meat,286
High,Graduation,Has Children,2014,Meat,70
High,PhD,No Children,2013,Meat,518
High,Master,No Children,2012,Meat,689
Medium,PhD,Has Children,2012,Meat,50
Medium,Graduation,Has Children,2013,Meat,44
Medium,Graduation,Has Children,2013,Meat,82
Low,Graduation,Has Children,2013,Meat,18
Medium,PhD,Has Children,2013,Meat,21
Medium,Graduation,No Children,2014,Meat,11
Low,Basic,Has Children,2013,Meat,10
Medium,Diploma,Has Children,2014,Meat,9
High,Graduation,Has Children,2013,Meat,217
High,Master,Has Children,2014,Meat,167
High,PhD,No Children,2014,Meat,749
High,Master,No Children,2014,Meat,500
Low,Basic,Has Children,2014,Meat,12
High,Master,No Children,2013,Meat,655
Medium,Graduation,Has Children,2013,Meat,7
Low,Graduation,No Children,2012,Meat,2
High,Diploma,No Children,2012,Meat,845
High,Graduation,Has Children,2012,Meat,363
Low,Master,Has Children,2013,Meat,13
Medium,Graduation,No Children,2014,Meat,48
Medium,Graduation,Has Children,2013,Meat,124
Medium,Graduation,Has Children,2013,Meat,38
Medium,Graduation,Has Children,2014,Meat,16
Low,Basic,Has Children,2013,Meat,16
Medium,Graduation,Has Children,2012,Meat,300
Medium,PhD,Has Children,2012,Meat,50
High,Graduation,Has Children,2013,Meat,156
Low,Graduation,No Children,2013,Meat,8
Medium,Graduation,Has Children,2012,Meat,23
High,Graduation,Has Children,2012,Meat,495
Medium,Graduation,Has Children,2014,Meat,10
Low,Basic,Has Children,2012,Meat,3
Medium,Graduation,Has Children,2013,Meat,5
Medium,Diploma,Has Children,2013,Meat,131
High,Graduation,No Children,2014,Meat,860
Medium,Master,Has Children,2014,Meat,17
High,Diploma,No Children,2012,Meat,631
Low,Graduation,Has Children,2013,Meat,7
Medium,Graduation,Has Children,2012,Meat,5
Low,Graduation,Has Children,2013,Meat,19
High,PhD,No Children,2014,Meat,377
Low,Graduation,Has Children,2013,Meat,8
Medium,Master,Has Children,2012,Meat,129
Medium,Graduation,Has Children,2013,Meat,88
High,Master,No Children,2013,Meat,538
Low,Diploma,Has Children,2013,Meat,11
Medium,Master,Has Children,2014,Meat,12
Medium,PhD,Has Children,2014,Meat,58
Medium,Graduation,Has Children,2012,Meat,68
High,Graduation,Has Children,2013,Meat,106
Medium,Graduation,Has Children,2013,Meat,137
Medium,Diploma,No Children,2012,Meat,1607
Low,Graduation,Has Children,2014,Meat,8
Low,Graduation,Has Children,2013,Meat,26
Medium,Master,No Children,2012,Meat,143
Low,Graduation,No Children,2012,Meat,6
Medium,Graduation,Has Children,2013,Meat,7
High,Graduation,Has Children,2013,Meat,182
High,PhD,Has Children,2014,Meat,30
Medium,Graduation,No Children,2014,Meat,217
High,Master,Has Children,2014,Meat,214
Medium,PhD,Has Children,2012,Meat,61
Medium,Graduation,No Children,2012,Fish,172
Medium,Graduation,Has Children,2014,Fish,2
High,Graduation,No Children,2013,Fish,111
Low,Graduation,Has Children,2014,Fish,10
Medium,PhD,Has Children,2014,Fish,46
High,Master,Has Children,2013,Fish,0
Medium,Graduation,Has Children,2012,Fish,50
Medium,PhD,Has Children,2013,Fish,3
Medium,PhD,Has Children,2013,Fish,3
Low,PhD,Has Children,2014,Fish,1
Medium,Graduation,Has Children,2013,Fish,0
Low,Basic,No Children,2012,Fish,11
High,Graduation,No Children,2013,Fish,225
Medium,Master,Has Children,2013,Fish,3
Low,Graduation,No Children,2012,Fish,6
High,PhD,No Children,2012,Fish,59
Medium,Graduation,Has Children,2012,Fish,2
Medium,Graduation,No Children,2012,Fish,150
High,Master,Has Children,2013,Fish,0
Medium,Diploma,Has Children,2012,Fish,30
Medium,Graduation,No Children,2012,Fish,69
Low,Graduation,Has Children,2013,Fish,1
Medium,PhD,Has Children,2012,Fish,0
High,PhD,Has Children,2014,Fish,21
Medium,Graduation,Has Children,2013,Fish,39
Low,Graduation,No Children,2013,Fish,15
Medium,Graduation,Has Children,2013,Fish,3
Medium,Graduation,Has Children,2013,Fish,3
Medium,Graduation,Has Children,2013,Fish,20
High,PhD,No Children,2013,Fish,21
Low,Master,No Children,2014,Fish,2
Medium,Master,No Children,2013,Fish,34
Medium,Graduation,Has Children,2012,Fish,2
Medium,PhD,Has Children,2012,Fish,33
High,Master,No Children,2013,Fish,119
Medium,Master,Has Children,2013,Fish,2
High,PhD,Has Children,2013,Fish,0
Low,Diploma,Has Children,2013,Fish,15
Medium,Graduation,Has Children,2014,Fish,2
Medium,PhD,No Children,2013,Fish,160
High,Graduation,Has Children,2013,Fish,82
Low,Master,Has Children,2013,Fish,3
Low,Graduation,Has Children,2012,Fish,3
Medium,PhD,No Children,2013,Fish,3
Low,Master,Has Children,2013,Fish,3
High,Graduation,No Children,2014,Fish,227
Low,Diploma,No Children,2012,Fish,15
Medium,Graduation,Has Children,2013,Fish,3
Medium,Graduation,Has Children,2014,Fish,6
High,PhD,Has Children,2012,Fish,50
High,Graduation,Has Children,2014,Fish,37
High,Master,No Children,2012,Fish,27
Medium,Graduation,Has Children,2013,Fish,30
High,Graduation,No Children,2014,Fish,156
High,Graduation,Has Children,2013,Fish,12
High,Master,No Children,2012,Fish,180
High,Graduation,No Children,2013,Fish,121
Low,Graduation,Has Children,2014,Fish,2
Medium,Graduation,Has Children,2013,Fish,2
Medium,PhD,Has Children,2014,Fish,0
High,Master,No Children,2013,Fish,69
High,Graduation,Has Children,2012,Fish,16
High,Graduation,Has Children,2013,Fish,37
High,PhD,Has Children,2013,Fish,0
High,Graduation,No Children,2013,Fish,119
Low,Graduation,Has Children,2013,Fish,3
Medium,Graduation,Has Children,2014,Fish,0
High,Diploma,Has Children,2014,Fish,201
High,Graduation,Has Children,2013,Fish,7
High,Graduation,Has Children,2013,Fish,58
High,Master,No Children,2012,Fish,189
Medium,Diploma,Has Children,2012,Fish,17
High,Graduation,Has Children,2013,Fish,84
High,PhD,Has Children,2013,Fish,0
Low,Graduation,No Children,2014,Fish,4
Medium,Graduation,Has Children,2012,Fish,2
High,Master,No Children,2012,Fish,97
High,Graduation,No Children,2012,Fish,137
Low,Diploma,No Children,2013,Fish,0
Medium,Graduation,No Children,2013,Fish,0
Low,Graduation,Has Children,2012,Fish,7
Low,Graduation,Has Children,2013,Fish,2
Low,Diploma,Has Children,2013,Fish,7
Medium,Master,No Children,2013,Fish,34
High,Graduation,No Children,2014,Fish,27
Low,Graduation,Has Children,2013,Fish,10
Medium,Master,Has Children,2013,Fish,0
Medium,Graduation,Has Children,2014,Fish,0
High,Graduation,No Children,2014,Fish,110
Medium,Graduation,Has Children,2014,Fish,4
Medium,PhD,Has Children,2012,Fish,49
Medium,Graduation,Has Children,2014,Fish,2
Medium,Master,No Children,2013,Fish,98
Medium,Master,Has Children,2014,Fish,0
Low,PhD,Has Children,2014,Fish,0
Medium,Graduation,Has Children,2014,Fish,12
Medium,Graduation,Has Children,2012,Fish,0
Medium,Graduation,Has Children,2013,Fish,0
High,Diploma,No Children,2013,Fish,75
Medium,PhD,No Children,2013,Fish,65
Medium,Diploma,Has Children,2013,Fish,2
Medium,PhD,Has Children,2014,Fish,2
High,Graduation,Has Children,2013,Fish,185
High,PhD,No Children,2013,Fish,80
High,Graduation,No Children,2014,Fish,50
Low,Basic,Has Children,2013,Fish,10
Medium,Graduation,Has Children,2013,Fish,2
Medium,Graduation,Has Children,2013,Fish,75
Medium,Graduation,Has Children,2012,Fish,4
High,Master,No Children,2012,Fish,31
High,Graduation,Has Children,2013,Fish,23
High,PhD,No Children,2012,Fish,23
Medium,Master,Has Children,2014,Fish,0
High,Graduation,No Children,2013,Fish,29
Medium,PhD,Has Children,2012,Fish,0
Medium,Graduation,Has Children,2013,Fish,0
High,Graduation,No Children,2014,Fish,151
Medium,Diploma,Has Children,2013,Fish,123
Medium,Diploma,Has Children,2013,Fish,0
Low,Graduation,Has Children,2013,Fish,11
Medium,Master,Has Children,2013,Fish,39
Medium,Master,Has Children,2014,Fish,0
Low,Master,Has Children,2013,Fish,3
Medium,Graduation,Has Children,2013,Fish,7
High,Graduation,No Children,2013,Fish,44
High,Diploma,No Children,2013,Fish,40
High,Graduation,No Children,2013,Fish,173
Medium,Master,Has Children,2014,Fish,0
Medium,PhD,Has Children,2013,Fish,10
High,PhD,Has Children,2014,Fish,16
High,Graduation,Has Children,2013,Fish,65
High,Master,Has Children,2013,Fish,0
High,Graduation,No Children,2014,Fish,23
Medium,Graduation,Has Children,2013,Fish,38
Medium,PhD,Has Children,2013,Fish,3
High,PhD,No Children,2013,Fish,38
Low,Basic,Has Children,2012,Fish,10
Medium,PhD,Has Children,2013,Fish,2
Medium,PhD,Has Children,2014,Fish,4
Medium,PhD,Has Children,2013,Fish,3
High,Master,No Children,2012,Fish,52
High,Master,Has Children,2013,Fish,13
High,Graduation,No Children,2013,Fish,36
High,PhD,Has Children,2013,Fish,43
Medium,Graduation,Has Children,2013,Fish,73
Medium,Graduation,Has Children,2012,Fish,32
Low,Graduation,Has Children,2012,Fish,20
Medium,Graduation,Has Children,2013,Fish,0
Medium,Diploma,Has Children,2012,Fish,12
Medium,Master,No Children,2014,Fish,12
Medium,Master,Has Children,2014,Fish,39
High,Graduation,Has Children,2014,Fish,23
Medium,Diploma,Has Children,2012,Fish,8
Medium,Graduation,Has Children,2014,Fish,19
High,PhD,Has Children,2012,Fish,0
High,Graduation,No Children,2013,Fish,34
Medium,Graduation,Has Children,2013,Fish,4
High,Graduation,Has Children,2013,Fish,2
Medium,Graduation,Has Children,2013,Fish,10
High,Graduation,No Children,2013,Fish,149
Medium,Master,Has Children,2013,Fish,0
High,PhD,No Children,2012,Fish,43
Low,Graduation,Has Children,2014,Fish,7
High,PhD,No Children,2013,Fish,16
Medium,Graduation,Has Children,2013,Fish,6
High,Graduation,No Children,2013,Fish,134
Medium,Graduation,No Children,2013,Fish,7
High,Graduation,No Children,2013,Fish,173
Low,Graduation,Has Children,2014,Fish,8
Medium,Graduation,Has Children,2014,Fish,8
Low,Graduation,Has Children,2013,Fish,11
Medium,Graduation,Has Children,2014,Fish,2
Medium,PhD,Has Children,2014,Fish,0
Medium,Graduation,Has Children,2014,Fish,0
High,PhD,Has Children,2012,Fish,69
High,PhD,No Children,2012,Fish,86
Medium,PhD,Has Children,2014,Fish,0
Medium,Graduation,Has Children,2014,Fish,2
High,Diploma,No Children,2013,Fish,75
Medium,PhD,Has Children,2014,Fish,2
Low,Diploma,Has Children,2014,Fish,3
High,Master,No Children,2013,Fish,34
Medium,Master,Has Children,2014,Fish,0
Low,Basic,No Children,2014,Fish,2
Low,Graduation,Has Children,2012,Fish,10
Medium,PhD,Has Children,2014,Fish,0
High,Graduation,Has Children,2013,Fish,19
High,Graduation,No Children,2013,Fish,140
Medium,PhD,Has Children,2013,Fish,3
Low,Basic,Has Children,2012,Fish,29
High,PhD,No Children,2013,Fish,147
Medium,Graduation,Has Children,2013,Fish,3
Medium,Graduation,Has Children,2013,Fish,8
Medium,Graduation,Has Children,2013,Fish,3
High,Master,No Children,2014,Fish,32
High,Graduation,No Children,2013,Fish,27
High,Graduation,No Children,2013,Fish,50
Medium,PhD,Has Children,2014,Fish,7
High,Graduation,Has Children,2014,Fish,6
High,Graduation,No Children,2013,Fish,224
High,Graduation,Has Children,2013,Fish,42
High,PhD,No Children,2012,Fish,76
Medium,PhD,Has Children,2013,Fish,0
Low,Master,No Children,2012,Fish,7
Low,Graduation,Has Children,2013,Fish,7
Medium,Master,Has Children,2013,Fish,47
Medium,Graduation,Has Children,2014,Fish,0
High,Graduation,Has Children,2012,Fish,42
Medium,Graduation,Has Children,2013,Fish,65
High,Graduation,No Children,2014,Fish,33
Medium,PhD,Has Children,2012,Fish,0
Medium,Master,Has Children,2013,Fish,19
High,Graduation,No Children,2013,Fish,254
Medium,Graduation,Has Children,2014,Fish,25
Medium,Diploma,Has Children,2014,Fish,0
High,Master,No Children,2013,Fish,42
Medium,Master,Has Children,2013,Fish,0
High,Graduation,Has Children,2012,Fish,42
Medium,Diploma,Has Children,2014,Fish,29
High,Graduation,No Children,2013,Fish,80
High,PhD,Has Children,2014,Fish,19
Medium,PhD,Has Children,2013,Fish,0
High,Graduation,Has Children,2012,Fish,15
Medium,Graduation,Has Children,2013,Fish,2
Medium,Graduation,Has Children,2012,Fish,0
Medium,Graduation,Has Children,2012,Fish,0
High,PhD,No Children,2012,Fish,67
Medium,PhD,Has Children,2014,Fish,3
Medium,Graduation,Has Children,2013,Fish,4
High,Diploma,Has Children,2013,Fish,180
Medium,Graduation,Has Children,2013,Fish,4
Low,Graduation,No Children,2014,Fish,6
High,PhD,Has Children,2013,Fish,28
Low,Diploma,Has Children,2013,Fish,6
Low,Master,Has Children,2013,Fish,0
High,PhD,Has Children,2013,Fish,15
Low,Graduation,Has Children,2013,Fish,12
High,Graduation,No Children,2013,Fish,186
High,Graduation,Has Children,2012,Fish,75
Low,Graduation,Has Children,2013,Fish,2
High,Graduation,No Children,2013,Fish,218
High,Graduation,Has Children,2012,Fish,0
Medium,PhD,Has Children,2014,Fish,0
High,Graduation,Has Children,2013,Fish,104
High,Graduation,Has Children,2013,Fish,133
High,PhD,No Children,2012,Fish,150
High,Master,Has Children,2012,Fish,220
Medium,Master,Has Children,2013,Fish,6
Low,Graduation,Has Children,2013,Fish,0
High,Graduation,No Children,2013,Fish,32
Low,Diploma,No Children,2012,Fish,21
High,Graduation,Has Children,2012,Fish,45
Medium,PhD,Has Children,2012,Fish,0
High,PhD,Has Children,2012,Fish,13
Medium,Graduation,Has Children,2012,Fish,28
Low,Graduation,Has Children,2013,Fish,10
Medium,PhD,Has Children,2013,Fish,0
Low,Graduation,Has Children,2012,Fish,4
High,PhD,Has Children,2013,Fish,11
Medium,Master,Has Children,2014,Fish,24
Medium,PhD,Has Children,2012,Fish,4
Medium,Master,Has Children,2013,Fish,3
Medium,Master,Has Children,2013,Fish,4
High,Graduation,No Children,2014,Fish,205
Medium,PhD,Has Children,2012,Fish,0
High,Graduation,No Children,2013,Fish,162
Low,Graduation,Has Children,2013,Fish,8
High,Graduation,No Children,2012,Fish,95
Medium,Master,Has Children,2014,Fish,0
High,PhD,Has Children,2014,Fish,6
Low,Graduation,Has Children,2014,Fish,8
Medium,Graduation,Has Children,2013,Fish,3
High,PhD,Has Children,2013,Fish,10
High,Graduation,No Children,2013,Fish,101
High,Master,No Children,2014,Fish,188
High,PhD,No Children,2013,Fish,33
High,Master,Has Children,2013,Fish,20
Low,Basic,Has Children,2013,Fish,28
Medium,Graduation,Has Children,2012,Fish,0
Medium,Graduation,No Children,2012,Fish,150
High,PhD,Has Children,2014,Fish,20
Medium,Master,Has Children,2014,Fish,0
Medium,Graduation,Has Children,2013,Fish,4
High,Graduation,No Children,2013,Fish,150
Medium,Master,Has Children,2013,Fish,55
High,Graduation,No Children,2014,Fish,166
Medium,Master,No Children,2013,Fish,4
Medium,Diploma,No Children,2013,Fish,0
Medium,Graduation,Has Children,2013,Fish,20
High,Graduation,No Children,2012,Fish,216
Low,Graduation,Has Children,2014,Fish,21
Low,Graduation,Has Children,2013,Fish,0
Medium,Master,Has Children,2012,Fish,0
Medium,Diploma,Has Children,2013,Fish,4
Medium,Master,Has Children,2013,Fish,0
High,Graduation,No Children,2013,Fish,60
Medium,PhD,Has Children,2014,Fish,0
Medium,Graduation,Has Children,2014,Fish,2
Medium,Diploma,Has Children,2013,Fish,19
Medium,PhD,Has Children,2014,Fish,4
Medium,Graduation,Has Children,2014,Fish,20
Low,Graduation,Has Children,2013,Fish,2
High,Master,No Children,2013,Fish,219
Low,Graduation,No Children,2012,Fish,17
High,Graduation,No Children,2014,Fish,15
High,Master,Has Children,2013,Fish,0
Medium,Master,No Children,2013,Fish,20
Low,Graduation,Has Children,2014,Fish,2
Low,Graduation,Has Children,2013,Fish,2
Medium,Graduation,No Children,2013,Fish,60
High,Master,No Children,2013,Fish,77
Medium,Graduation,Has Children,2013,Fish,3
Low,Master,Has Children,2014,Fish,0
Medium,Graduation,Has Children,2013,Fish,6
High,Graduation,Has Children,2012,Fish,65
Medium,Graduation,Has Children,2013,Fish,3
Medium,Graduation,Has Children,2013,Fish,52
High,Graduation,Has Children,2013,Fish,38
Medium,Graduation,Has Children,2013,Fish,6
Medium,PhD,Has Children,2014,Fish,0
High,PhD,Has Children,2013,Fish,78
Medium,Graduation,Has Children,2013,Fish,7
High,Graduation,No Children,2013,Fish,45
Low,PhD,Has Children,2013,Fish,3
Low,Graduation,Has Children,2013,Fish,0
Medium,PhD,Has Children,2013,Fish,0
Low,PhD,Has Children,2013,Fish,10
Low,Graduation,Has Children,2013,Fish,3
Medium,PhD,No Children,2013,Fish,8
High,PhD,Has Children,2013,Fish,0
Medium,Master,Has Children,2013,Fish,2
Low,Graduation,Has Children,2013,Fish,3
High,Graduation,Has Children,2012,Fish,151
High,Graduation,No Children,2012,Fish,72
Medium,Graduation,Has Children,2012,Fish,11
High,Graduation,No Children,2013,Fish,40
High,Graduation,No Children,2012,Fish,75
Medium,Graduation,No Children,2013,Fish,11
Medium,PhD,Has Children,2012,Fish,0
Medium,PhD,Has Children,2013,Fish,19
Low,Basic,Has Children,2013,Fish,0
High,Graduation,No Children,2013,Fish,172
Medium,Graduation,Has Children,2013,Fish,0
High,Graduation,No Children,2014,Fish,111
Medium,Graduation,Has Children,2012,Fish,7
Medium,Master,Has Children,2014,Fish,0
High,Graduation,Has Children,2013,Fish,11
High,Graduation,Has Children,2013,Fish,52
High,PhD,No Children,2013,Fish,13
High,Graduation,No Children,2012,Fish,119
Medium,PhD,Has Children,2012,Fish,0
Medium,Graduation,Has Children,2013,Fish,0
Medium,Graduation,Has Children,2013,Fish,0
High,PhD,No Children,2012,Fish,84
High,Master,No Children,2013,Fish,69
Medium,PhD,Has Children,2013,Fish,15
High,Graduation,No Children,2012,Fish,212
High,PhD,Has Children,2014,Fish,0
Low,Graduation,Has Children,2014,Fish,11
Medium,PhD,Has Children,2012,Fish,4
Medium,Graduation,Has Children,2012,Fish,6
Medium,Graduation,Has Children,2012,Fish,28
High,Graduation,No Children,2013,Fish,129
Medium,Graduation,Has Children,2013,Fish,6
High,Graduation,No Children,2012,Fish,151
Medium,PhD,Has Children,2012,Fish,12
Medium,Diploma,Has Children,2014,Fish,0
Medium,Graduation,Has Children,2012,Fish,6
Low,Master,Has Children,2013,Fish,3
High,Graduation,Has Children,2012,Fish,16
Medium,PhD,Has Children,2013,Fish,3
Medium,Master,Has Children,2012,Fish,0
Low,Graduation,No Children,2013,Fish,13
Medium,Graduation,Has Children,2012,Fish,4
High,PhD,Has Children,2013,Fish,32
Medium,Graduation,Has Children,2013,Fish,2
Medium,PhD,Has Children,2013,Fish,0
Low,Graduation,Has Children,2013,Fish,0
Low,Graduation,No Children,2012,Fish,78
Medium,Diploma,Has Children,2012,Fish,12
Medium,Master,Has Children,2014,Fish,0
Low,Graduation,Has Children,2013,Fish,6
Medium,Master,Has Children,2013,Fish,4
High,Graduation,Has Children,2012,Fish,33
Medium,Graduation,Has Children,2012,Fish,2
High,PhD,Has Children,2013,Fish,28
High,Graduation,No Children,2014,Fish,33
High,Master,Has Children,2013,Fish,0
High,Graduation,No Children,2014,Fish,93
Medium,PhD,No Children,2013,Fish,2
High,Master,Has Children,2014,Fish,0
High,PhD,No Children,2013,Fish,99
Medium,Graduation,Has Children,2012,Fish,12
Low,Graduation,Has Children,2012,Fish,3
Low,Graduation,Has Children,2012,Fish,8
Low,Diploma,Has Children,2012,Fish,6
Medium,Diploma,Has Children,2013,Fish,0
High,Graduation,No Children,2012,Fish,137
Medium,Graduation,Has Children,2013,Fish,3
Medium,Graduation,No Children,2013,Fish,38
Medium,PhD,Has Children,2013,Fish,0
Medium,Graduation,Has Children,2014,Fish,3
Low,PhD,Has Children,2012,Fish,10
High,PhD,Has Children,2014,Fish,13
Medium,PhD,Has Children,2013,Fish,3
Medium,Graduation,Has Children,2012,Fish,6
Low,Diploma,Has Children,2012,Fish,3
Medium,Graduation,Has Children,2012,Fish,58
High,PhD,Has Children,2013,Fish,38
Medium,Graduation,Has Children,2012,Fish,102
High,Graduation,Has Children,2013,Fish,0
High,PhD,No Children,2014,Fish,156
Low,Diploma,Has Children,2013,Fish,28
High,Graduation,No Children,2014,Fish,52
High,Graduation,No Children,2013,Fish,179
Medium,Master,Has Children,2013,Fish,19
Medium,PhD,Has Children,2014,Fish,3
Medium,Graduation,Has Children,2014,Fish,12
Low,Master,Has Children,2014,Fish,2
High,Master,No Children,2013,Fish,29
High,PhD,No Children,2013,Fish,55
Medium,Graduation,Has Children,2013,Fish,2
High,Graduation,No Children,2014,Fish,179
High,Graduation,Has Children,2014,Fish,0
Low,Diploma,Has Children,2014,Fish,10
High,Graduation,Has Children,2013,Fish,97
High,PhD,No Children,2013,Fish,43
Medium,Graduation,Has Children,2012,Fish,19
High,Diploma,Has Children,2013,Fish,149
High,Graduation,Has Children,2013,Fish,12
Medium,Graduation,Has Children,2014,Fish,2
Medium,Master,Has Children,2013,Fish,2
High,Graduation,Has Children,2013,Fish,28
Medium,Master,Has Children,2013,Fish,6
Medium,PhD,Has Children,2013,Fish,2
Low,Diploma,Has Children,2013,Fish,4
Low,Graduation,Has Children,2013,Fish,8
Medium,PhD,Has Children,2013,Fish,16
Low,Graduation,No Children,2013,Fish,4
Medium,Graduation,Has Children,2012,Fish,4
Low,Diploma,No Children,2014,Fish,7
Low,Graduation,No Children,2013,Fish,2
Medium,Master,Has Children,2013,Fish,13
High,Graduation,No Children,2013,Fish,61
Low,Graduation,Has Children,2013,Fish,11
Medium,PhD,Has Children,2013,Fish,30
Medium,Graduation,Has Children,2013,Fish,43
Medium,Graduation,Has Children,2013,Fish,62
Medium,Master,Has Children,2013,Fish,8
High,Diploma,Has Children,2013,Fish,72
High,Graduation,Has Children,2012,Fish,25
Medium,Graduation,Has Children,2012,Fish,12
High,Diploma,No Children,2012,Fish,197
Medium,Master,Has Children,2013,Fish,3
Medium,Graduation,Has Children,2014,Fish,24
High,Diploma,No Children,2012,Fish,220
High,Graduation,Has Children,2014,Fish,32
High,Graduation,No Children,2013,Fish,199
Medium,PhD,Has Children,2014,Fish,2
High,Graduation,No Children,2014,Fish,205
Medium,Graduation,Has Children,2014,Fish,17
High,PhD,No Children,2014,Fish,16
High,PhD,No Children,2013,Fish,23
Medium,Graduation,Has Children,2012,Fish,2
Medium,Graduation,Has Children,2014,Fish,28
Medium,PhD,Has Children,2012,Fish,11
High,Graduation,Has Children,2013,Fish,84
Medium,Graduation,Has Children,2013,Fish,2
Medium,PhD,Has Children,2012,Fish,11
Medium,Graduation,Has Children,2013,Fish,4
Low,Graduation,Has Children,2014,Fish,4
High,Graduation,Has Children,2013,Fish,110
Medium,PhD,Has Children,2014,Fish,2
Medium,Master,Has Children,2014,Fish,0
High,PhD,Has Children,2012,Fish,6
Medium,Graduation,Has Children,2012,Fish,15
Medium,Master,Has Children,2013,Fish,0
Medium,Master,Has Children,2013,Fish,2
Medium,Graduation,Has Children,2012,Fish,25
Medium,Graduation,Has Children,2013,Fish,0
High,Master,No Children,2012,Fish,120
High,PhD,No Children,2012,Fish,169
High,Master,Has Children,2013,Fish,13
High,Graduation,Has Children,2013,Fish,16
Low,Graduation,Has Children,2014,Fish,2
Low,Diploma,No Children,2012,Fish,29
High,PhD,Has Children,2012,Fish,99
Medium,Graduation,Has Children,2012,Fish,15
High,Graduation,No Children,2013,Fish,240
Medium,Master,Has Children,2013,Fish,10
Medium,PhD,No Children,2013,Fish,8
Medium,Master,Has Children,2013,Fish,25
Medium,Graduation,Has Children,2014,Fish,2
High,PhD,Has Children,2013,Fish,46
High,PhD,Has Children,2014,Fish,63
High,Graduation,No Children,2013,Fish,91
Low,Graduation,Has Children,2012,Fish,4
Medium,Master,Has Children,2013,Fish,0
Low,Basic,No Children,2012,Fish,20
High,PhD,Has Children,2012,Fish,67
Medium,Master,Has Children,2013,Fish,2
Medium,Graduation,No Children,2012,Fish,28
High,Graduation,Has Children,2013,Fish,106
High,Graduation,No Children,2013,Fish,146
Medium,Graduation,No Children,2013,Fish,3
High,Graduation,Has Children,2012,Fish,60
Medium,PhD,Has Children,2013,Fish,0
High,Graduation,Has Children,2013,Fish,86
Medium,Graduation,Has Children,2013,Fish,8
High,Master,No Children,2014,Fish,72
Medium,PhD,Has Children,2013,Fish,0
High,Master,No Children,2013,Fish,80
Medium,Graduation,Has Children,2013,Fish,4
Low,Graduation,Has Children,2013,Fish,3
High,Graduation,No Children,2013,Fish,42
High,Master,No Children,2014,Fish,25
Medium,Graduation,Has Children,2014,Fish,2
High,Master,No Children,2014,Fish,56
Medium,Graduation,No Children,2013,Fish,38
High,Graduation,No Children,2012,Fish,0
Low,Graduation,Has Children,2012,Fish,16
Medium,Graduation,Has Children,2012,Fish,7
High,PhD,No Children,2013,Fish,16
Medium,Master,No Children,2014,Fish,67
High,Graduation,No Children,2012,Fish,224
Medium,PhD,Has Children,2013,Fish,30
Medium,Diploma,Has Children,2013,Fish,97
High,Graduation,Has Children,2013,Fish,127
Medium,Master,Has Children,2014,Fish,0
High,Graduation,Has Children,2013,Fish,3
Low,Graduation,Has Children,2013,Fish,2
Medium,Master,Has Children,2013,Fish,8
Medium,Graduation,Has Children,2014,Fish,0
High,Graduation,No Children,2014,Fish,65
Medium,Diploma,Has Children,2013,Fish,37
Low,Master,Has Children,2013,Fish,4
Low,Diploma,Has Children,2013,Fish,11
Medium,Graduation,Has Children,2012,Fish,7
Medium,PhD,Has Children,2012,Fish,4
High,PhD,No Children,2013,Fish,0
Medium,Graduation,Has Children,2013,Fish,32
Low,Diploma,Has Children,2014,Fish,6
High,Graduation,No Children,2014,Fish,60
Medium,Graduation,Has Children,2013,Fish,20
Low,Graduation,Has Children,2014,Fish,2
Low,Master,Has Children,2014,Fish,0
Medium,Diploma,Has Children,2014,Fish,3
Low,Graduation,Has Children,2014,Fish,11
High,PhD,Has Children,2014,Fish,6
Low,Graduation,No Children,2013,Fish,19
High,Master,No Children,2013,Fish,111
Medium,Graduation,Has Children,2012,Fish,15
Medium,PhD,Has Children,2013,Fish,102
High,Graduation,No Children,2013,Fish,29
Low,Diploma,No Children,2013,Fish,15
High,Graduation,Has Children,2013,Fish,50
Medium,Graduation,Has Children,2013,Fish,8
High,Graduation,No Children,2013,Fish,58
High,Master,Has Children,2013,Fish,136
High,Diploma,Has Children,2014,Fish,168
Medium,PhD,Has Children,2013,Fish,28
Medium,PhD,Has Children,2014,Fish,3
High,Graduation,Has Children,2012,Fish,65
Low,Master,Has Children,2013,Fish,2
Medium,Graduation,Has Children,2013,Fish,0
Medium,Graduation,Has Children,2012,Fish,0
Medium,Graduation,Has Children,2012,Fish,49
Medium,PhD,Has Children,2014,Fish,0
Medium,Diploma,Has Children,2013,Fish,17
High,PhD,Has Children,2013,Fish,0
Medium,Master,Has Children,2013,Fish,6
High,PhD,Has Children,2013,Fish,0
Medium,Graduation,Has Children,2014,Fish,13
Low,Graduation,Has Children,2013,Fish,10
Medium,PhD,Has Children,2013,Fish,0
Medium,Master,Has Children,2013,Fish,17
Medium,PhD,Has Children,2012,Fish,0
Medium,Graduation,Has Children,2013,Fish,39
Medium,Diploma,Has Children,2013,Fish,6
Low,Master,No Children,2013,Fish,8
Medium,Graduation,Has Children,2014,Fish,0
Low,Diploma,Has Children,2014,Fish,7
High,Graduation,No Children,2012,Fish,32
High,Master,Has Children,2013,Fish,54
Medium,Graduation,Has Children,2014,Fish,6
Low,Graduation,No Children,2013,Fish,2
Medium,PhD,Has Children,2012,Fish,6
High,Master,No Children,2012,Fish,106
High,Master,No Children,2013,Fish,132
Medium,Graduation,Has Children,2014,Fish,11
Medium,PhD,No Children,2013,Fish,20
Low,Master,Has Children,2013,Fish,3
Low,Graduation,Has Children,2012,Fish,7
Medium,Master,Has Children,2013,Fish,0
Low,Diploma,Has Children,2013,Fish,13
Medium,Graduation,Has Children,2012,Fish,2
Medium,Graduation,Has Children,2013,Fish,0
High,Graduation,Has Children,2012,Fish,10
High,Graduation,No Children,2013,Fish,71
High,PhD,Has Children,2012,Fish,0
Medium,Master,Has Children,2013,Fish,4
Low,Master,Has Children,2012,Fish,2
Medium,Graduation,Has Children,2014,Fish,2
Low,Graduation,Has Children,2013,Fish,3
Medium,Basic,Has Children,2012,Fish,15
High,Graduation,No Children,2014,Fish,147
Low,Master,No Children,2013,Fish,20
Medium,Master,No Children,2013,Fish,16
Low,Basic,Has Children,2012,Fish,4
Low,Graduation,Has Children,2013,Fish,2
Medium,PhD,No Children,2012,Fish,64
Medium,Graduation,Has Children,2013,Fish,17
Medium,Master,Has Children,2013,Fish,0
Medium,Graduation,Has Children,2013,Fish,6
Medium,Master,Has Children,2012,Fish,19
Medium,PhD,Has Children,2013,Fish,10
Medium,Graduation,No Children,2013,Fish,11
High,Graduation,No Children,2014,Fish,58
Medium,Diploma,Has Children,2013,Fish,0
High,Diploma,No Children,2013,Fish,104
Low,Graduation,Has Children,2013,Fish,2
High,Graduation,Has Children,2013,Fish,231
High,Graduation,Has Children,2012,Fish,93
Medium,PhD,Has Children,2012,Fish,24
Low,Graduation,Has Children,2012,Fish,10
High,PhD,Has Children,2013,Fish,39
High,PhD,No Children,2014,Fish,36
High,Diploma,Has Children,2014,Fish,168
Medium,Diploma,No Children,2014,Fish,13
High,Graduation,No Children,2013,Fish,42
Medium,Graduation,Has Children,2014,Fish,0
High,Graduation,No Children,2013,Fish,38
Medium,Graduation,Has Children,2013,Fish,8
High,Master,Has Children,2012,Fish,54
High,Graduation,Has Children,2013,Fish,85
High,Graduation,Has Children,2012,Fish,33
High,PhD,No Children,2014,Fish,17
High,PhD,Has Children,2012,Fish,16
Medium,Graduation,Has Children,2013,Fish,4
High,Master,No Children,2013,Fish,0
Medium,PhD,Has Children,2013,Fish,8
High,Graduation,No Children,2013,Fish,202
Medium,Master,Has Children,2013,Fish,8
High,Master,Has Children,2014,Fish,119
High,Graduation,Has Children,2013,Fish,41
High,Master,No Children,2014,Fish,125
Low,Graduation,Has Children,2012,Fish,6
High,Graduation,Has Children,2012,Fish,29
Medium,PhD,Has Children,2014,Fish,0
Medium,Graduation,Has Children,2012,Fish,26
High,Graduation,Has Children,2014,Fish,2
Low,Diploma,No Children,2012,Fish,21
High,PhD,Has Children,2013,Fish,0
Medium,PhD,Has Children,2013,Fish,6
Medium,Graduation,Has Children,2012,Fish,7
Low,Graduation,Has Children,2013,Fish,0
Medium,Graduation,Has Children,2013,Fish,104
Low,Basic,No Children,2012,Fish,41
Low,Master,No Children,2013,Fish,6
Low,Graduation,No Children,2012,Fish,23
Medium,PhD,Has Children,2013,Fish,0
Low,Basic,Has Children,2013,Fish,19
Low,PhD,Has Children,2013,Fish,0
Medium,Diploma,Has Children,2013,Fish,7
Medium,PhD,Has Children,2013,Fish,80
Medium,Master,Has Children,2013,Fish,19
High,Graduation,Has Children,2012,Fish,58
High,Graduation,Has Children,2013,Fish,69
Medium,PhD,Has Children,2012,Fish,12
Low,Graduation,Has Children,2014,Fish,0
High,PhD,Has Children,2012,Fish,32
High,Graduation,No Children,2014,Fish,25
Medium,Diploma,Has Children,2013,Fish,17
High,PhD,No Children,2013,Fish,34
High,Graduation,Has Children,2013,Fish,10
High,Graduation,No Children,2012,Fish,175
Medium,Diploma,No Children,2013,Fish,179
Medium,Graduation,Has Children,2013,Fish,6
High,Graduation,No Children,2013,Fish,28
High,PhD,Has Children,2013,Fish,47
High,PhD,No Children,2012,Fish,133
High,PhD,No Children,2014,Fish,0
High,PhD,No Children,2013,Fish,63
Medium,PhD,Has Children,2012,Fish,6
High,Graduation,No Children,2013,Fish,119
Medium,Master,Has Children,2013,Fish,17
Low,Basic,No Children,2013,Fish,3
Medium,Master,Has Children,2013,Fish,0
High,Master,Has Children,2013,Fish,3
Medium,Graduation,No Children,2014,Fish,2
Low,PhD,Has Children,2013,Fish,3
Medium,Graduation,No Children,2013,Fish,62
High,Graduation,No Children,2014,Fish,104
High,Graduation,Has Children,2013,Fish,33
High,Graduation,Has Children,2014,Fish,15
High,Graduation,Has Children,2014,Fish,0
High,Master,No Children,2014,Fish,21
Medium,Master,Has Children,2013,Fish,16
High,Graduation,Has Children,2013,Fish,52
Medium,PhD,Has Children,2014,Fish,6
Medium,Graduation,Has Children,2013,Fish,16
High,PhD,Has Children,2013,Fish,0
Medium,Master,Has Children,2013,Fish,2
Low,Graduation,Has Children,2013,Fish,2
Medium,Master,Has Children,2012,Fish,32
Medium,Graduation,Has Children,2013,Fish,19
Medium,Graduation,No Children,2013,Fish,21
Medium,Graduation,Has Children,2013,Fish,43
High,PhD,No Children,2012,Fish,121
High,Diploma,No Children,2012,Fish,63
Low,Graduation,Has Children,2013,Fish,7
Medium,Graduation,Has Children,2013,Fish,0
Medium,Graduation,Has Children,2014,Fish,3
High,Master,Has Children,2012,Fish,0
Medium,Graduation,No Children,2013,Fish,28
Low,PhD,Has Children,2014,Fish,2
High,Graduation,No Children,2013,Fish,172
Low,Graduation,Has Children,2012,Fish,13
Medium,Graduation,Has Children,2014,Fish,0
High,Graduation,No Children,2013,Fish,80
High,Master,No Children,2014,Fish,164
Medium,Master,Has Children,2013,Fish,10
High,Graduation,No Children,2013,Fish,59
Medium,PhD,Has Children,2013,Fish,0
Medium,PhD,Has Children,2012,Fish,6
High,Graduation,Has Children,2013,Fish,12
Medium,PhD,Has Children,2013,Fish,7
High,Graduation,Has Children,2013,Fish,37
High,Graduation,No Children,2014,Fish,43
High,Graduation,Has Children,2013,Fish,177
High,Master,Has Children,2014,Fish,55
Low,Basic,Has Children,2013,Fish,7
High,Graduation,Has Children,2012,Fish,78
High,PhD,Has Children,2013,Fish,13
Medium,Master,Has Children,2013,Fish,4
Medium,PhD,Has Children,2014,Fish,3
Medium,Diploma,Has Children,2013,Fish,13
High,Graduation,No Children,2014,Fish,138
High,Graduation,No Children,2013,Fish,75
Low,Diploma,Has Children,2013,Fish,4
High,Graduation,No Children,2014,Fish,138
Medium,Graduation,Has Children,2013,Fish,0
High,Diploma,No Children,2014,Fish,15
High,PhD,No Children,2013,Fish,55
Medium,PhD,Has Children,2013,Fish,17
Medium,Graduation,Has Children,2013,Fish,104
High,Graduation,No Children,2013,Fish,41
High,Graduation,No Children,2014,Fish,104
High,Diploma,No Children,2013,Fish,93
High,PhD,Has Children,2012,Fish,16
Medium,Graduation,Has Children,2013,Fish,13
Medium,Master,Has Children,2013,Fish,0
Medium,PhD,Has Children,2014,Fish,0
Medium,Diploma,Has Children,2013,Fish,12
High,Graduation,Has Children,2014,Fish,21
High,Master,No Children,2013,Fish,175
Medium,PhD,Has Children,2013,Fish,2
High,Graduation,No Children,2014,Fish,46
Medium,Graduation,Has Children,2013,Fish,4
High,Graduation,No Children,2012,Fish,247
High,Graduation,No Children,2012,Fish,127
Medium,Diploma,Has Children,2013,Fish,29
High,Master,Has Children,2013,Fish,10
High,Graduation,Has Children,2013,Fish,76
High,PhD,No Children,2013,Fish,150
Medium,Graduation,Has Children,2013,Fish,28
Medium,Graduation,Has Children,2013,Fish,3
Low,PhD,Has Children,2012,Fish,2
Medium,Graduation,Has Children,2013,Fish,0
Medium,PhD,Has Children,2013,Fish,0
High,PhD,No Children,2014,Fish,75
Medium,Master,Has Children,2013,Fish,0
High,Graduation,Has Children,2013,Fish,227
High,PhD,No Children,2014,Fish,78
Medium,Graduation,Has Children,2014,Fish,8
Low,Graduation,Has Children,2014,Fish,4
Medium,Graduation,Has Children,2014,Fish,2
Medium,Graduation,Has Children,2013,Fish,6
Low,Basic,Has Children,2012,Fish,3
Low,Master,Has Children,2014,Fish,0
Medium,PhD,Has Children,2013,Fish,39
Medium,Master,Has Children,2014,Fish,25
Medium,Graduation,Has Children,2012,Fish,13
High,Master,No Children,2013,Fish,80
High,PhD,No Children,2012,Fish,30
Low,Graduation,No Children,2013,Fish,12
Medium,Graduation,Has Children,2013,Fish,7
Medium,Graduation,Has Children,2013,Fish,26
Medium,Master,No Children,2013,Fish,12
High,PhD,Has Children,2014,Fish,75
High,Diploma,Has Children,2012,Fish,46
High,Graduation,No Children,2013,Fish,159
Low,Graduation,Has Children,2013,Fish,12
High,Master,Has Children,2013,Fish,36
Medium,Graduation,Has Children,2013,Fish,2
Medium,Graduation,Has Children,2013,Fish,29
High,PhD,No Children,2013,Fish,15
Medium,Graduation,No Children,2013,Fish,153
Medium,Master,Has Children,2013,Fish,0
Medium,Master,Has Children,2014,Fish,2
Medium,Graduation,Has Children,2013,Fish,32
Medium,Graduation,Has Children,2013,Fish,23
High,Graduation,Has Children,2013,Fish,123
Low,Graduation,No Children,2013,Fish,3
Low,Graduation,Has Children,2013,Fish,6
High,Graduation,No Children,2014,Fish,50
Medium,Master,Has Children,2013,Fish,90
High,PhD,No Children,2013,Fish,76
High,PhD,Has Children,2014,Fish,19
Medium,Graduation,Has Children,2014,Fish,2
Low,Graduation,No Children,2012,Fish,51
High,Graduation,Has Children,2014,Fish,0
Low,Diploma,Has Children,2013,Fish,13
High,PhD,No Children,2013,Fish,23
Low,Graduation,Has Children,2013,Fish,3
Medium,Graduation,No Children,2014,Fish,7
Low,Graduation,No Children,2013,Fish,19
High,Graduation,Has Children,2013,Fish,50
High,Diploma,Has Children,2013,Fish,39
High,Graduation,Has Children,2013,Fish,20
Medium,Graduation,Has Children,2013,Fish,2
High,PhD,Has Children,2013,Fish,73
Low,Graduation,Has Children,2014,Fish,13
Medium,PhD,Has Children,2013,Fish,11
Medium,Graduation,No Children,2012,Fish,7
Medium,PhD,Has Children,2013,Fish,0
Low,Diploma,Has Children,2013,Fish,0
Medium,Graduation,Has Children,2013,Fish,2
High,Graduation,Has Children,2013,Fish,46
Medium,Master,Has Children,2013,Fish,0
High,Graduation,No Children,2012,Fish,28
Medium,Diploma,Has Children,2013,Fish,0
Medium,Graduation,Has Children,2014,Fish,7
Medium,Graduation,Has Children,2013,Fish,12
Medium,Graduation,Has Children,2012,Fish,10
Medium,Graduation,Has Children,2014,Fish,19
Low,Graduation,Has Children,2012,Fish,16
High,Diploma,No Children,2013,Fish,134
High,Graduation,No Children,2014,Fish,97
High,Diploma,No Children,2012,Fish,0
Medium,Master,Has Children,2012,Fish,0
Medium,Graduation,Has Children,2013,Fish,13
Low,Graduation,Has Children,2013,Fish,0
Medium,Graduation,Has Children,2013,Fish,7
High,PhD,Has Children,2014,Fish,21
High,Diploma,No Children,2012,Fish,202
Medium,PhD,Has Children,2014,Fish,0
Medium,PhD,Has Children,2014,Fish,0
High,Graduation,Has Children,2013,Fish,234
Medium,Master,Has Children,2014,Fish,0
Medium,Graduation,Has Children,2013,Fish,84
Medium,Graduation,Has Children,2012,Fish,0
High,Diploma,No Children,2013,Fish,29
Low,Graduation,Has Children,2014,Fish,6
Medium,Master,Has Children,2014,Fish,0
Low,Graduation,No Children,2013,Fish,4
Medium,Diploma,Has Children,2012,Fish,84
Medium,Diploma,Has Children,2013,Fish,58
Medium,PhD,Has Children,2013,Fish,10
Medium,Master,Has Children,2013,Fish,25
Low,Master,Has Children,2013,Fish,0
Medium,Graduation,Has Children,2013,Fish,68
Medium,Graduation,Has Children,2012,Fish,19
High,PhD,No Children,2013,Fish,23
High,Graduation,Has Children,2014,Fish,62
Low,Graduation,Has Children,2014,Fish,17
Medium,Diploma,Has Children,2014,Fish,24
High,Master,Has Children,2013,Fish,43
High,Graduation,No Children,2013,Fish,210
Medium,Master,Has Children,2013,Fish,12
Medium,Graduation,Has Children,2013,Fish,19
High,Master,No Children,2014,Fish,89
Low,Diploma,Has Children,2013,Fish,30
Low,Graduation,Has Children,2014,Fish,3
Medium,Graduation,Has Children,2012,Fish,4
Medium,Graduation,Has Children,2013,Fish,0
Medium,Diploma,Has Children,2014,Fish,6
High,PhD,No Children,2012,Fish,133
High,PhD,No Children,2013,Fish,168
Medium,PhD,Has Children,2012,Fish,0
Medium,Graduation,Has Children,2013,Fish,0
Medium,Graduation,Has Children,2013,Fish,82
High,Master,No Children,2013,Fish,78
Medium,Graduation,Has Children,2013,Fish,4
Medium,Master,Has Children,2012,Fish,23
High,Graduation,No Children,2014,Fish,40
Low,Basic,Has Children,2014,Fish,8
Medium,PhD,No Children,2013,Fish,160
Medium,PhD,Has Children,2012,Fish,11
High,Graduation,Has Children,2013,Fish,76
High,Graduation,Has Children,2014,Fish,160
Medium,PhD,Has Children,2013,Fish,15
Low,Graduation,Has Children,2013,Fish,6
High,Graduation,No Children,2013,Fish,59
Medium,Graduation,Has Children,2013,Fish,0
High,Graduation,No Children,2013,Fish,29
Medium,Graduation,No Children,2013,Fish,39
Medium,Graduation,Has Children,2013,Fish,0
High,Graduation,No Children,2014,Fish,194
High,Graduation,No Children,2013,Fish,29
Medium,Graduation,Has Children,2013,Fish,10
Medium,Graduation,Has Children,2014,Fish,0
Medium,PhD,No Children,2014,Fish,24
High,PhD,No Children,2013,Fish,91
High,Graduation,No Children,2013,Fish,63
Medium,PhD,Has Children,2013,Fish,0
Medium,Master,Has Children,2013,Fish,8
High,Graduation,No Children,2012,Fish,250
High,Graduation,No Children,2013,Fish,138
High,Master,No Children,2013,Fish,50
High,PhD,No Children,2013,Fish,0
Medium,Diploma,Has Children,2013,Fish,30
High,PhD,No Children,2013,Fish,146
Medium,PhD,Has Children,2014,Fish,0
High,Graduation,No Children,2013,Fish,220
Medium,Master,Has Children,2013,Fish,2
Medium,PhD,Has Children,2014,Fish,0
High,Graduation,Has Children,2014,Fish,237
Low,Master,No Children,2012,Fish,10
High,Graduation,No Children,2014,Fish,250
High,Diploma,No Children,2013,Fish,145
High,Graduation,No Children,2014,Fish,93
High,PhD,Has Children,2013,Fish,17
High,PhD,No Children,2014,Fish,99
Medium,Graduation,Has Children,2014,Fish,16
High,PhD,Has Children,2012,Fish,12
Low,Basic,Has Children,2012,Fish,8
High,Graduation,No Children,2014,Fish,46
Medium,PhD,Has Children,2014,Fish,2
High,Graduation,No Children,2013,Fish,167
High,PhD,Has Children,2013,Fish,23
Medium,Graduation,Has Children,2013,Fish,23
High,PhD,Has Children,2013,Fish,110
High,Diploma,Has Children,2013,Fish,75
Medium,PhD,Has Children,2013,Fish,16
High,Graduation,No Children,2013,Fish,48
High,Graduation,No Children,2013,Fish,160
Low,Basic,No Children,2012,Fish,7
Medium,PhD,No Children,2012,Fish,0
Medium,Diploma,Has Children,2014,Fish,55
High,Graduation,Has Children,2013,Fish,23
Medium,Graduation,Has Children,2013,Fish,2
High,Diploma,Has Children,2012,Fish,49
Low,PhD,Has Children,2014,Fish,2
Medium,PhD,Has Children,2014,Fish,0
Medium,Master,Has Children,2013,Fish,6
Medium,PhD,Has Children,2013,Fish,19
Medium,Master,Has Children,2014,Fish,2
Low,PhD,Has Children,2013,Fish,3
Medium,Graduation,Has Children,2012,Fish,4
Medium,Graduation,Has Children,2012,Fish,69
Medium,Graduation,Has Children,2014,Fish,2
Medium,PhD,Has Children,2013,Fish,4
High,Graduation,Has Children,2012,Fish,25
Medium,PhD,Has Children,2014,Fish,7
Medium,Master,Has Children,2012,Fish,6
Medium,PhD,Has Children,2013,Fish,0
Medium,Graduation,Has Children,2014,Fish,13
Medium,Graduation,Has Children,2013,Fish,7
High,Graduation,No Children,2013,Fish,31
Medium,Graduation,Has Children,2012,Fish,0
Medium,PhD,Has Children,2013,Fish,0
Medium,Graduation,Has Children,2012,Fish,86
High,Graduation,No Children,2014,Fish,45
Medium,PhD,Has Children,2013,Fish,4
Low,Diploma,Has Children,2012,Fish,8
Medium,Diploma,Has Children,2013,Fish,63
High,Master,No Children,2012,Fish,60
High,Graduation,No Children,2014,Fish,150
High,Master,No Children,2012,Fish,168
Medium,Master,Has Children,2013,Fish,10
Medium,Graduation,Has Children,2014,Fish,2
Medium,Graduation,Has Children,2013,Fish,11
Medium,Diploma,Has Children,2013,Fish,0
Low,Graduation,No Children,2014,Fish,1
Medium,Master,Has Children,2013,Fish,0
High,Graduation,Has Children,2013,Fish,42
High,Graduation,No Children,2013,Fish,192
High,PhD,Has Children,2013,Fish,4
High,PhD,No Children,2013,Fish,49
High,Graduation,No Children,2013,Fish,89
High,Diploma,No Children,2013,Fish,180
Medium,PhD,Has Children,2014,Fish,0
High,Graduation,No Children,2014,Fish,45
Low,Diploma,Has Children,2012,Fish,0
Medium,Master,Has Children,2012,Fish,7
High,Graduation,Has Children,2014,Fish,137
High,Graduation,Has Children,2014,Fish,0
Medium,Graduation,No Children,2014,Fish,2
High,Graduation,No Children,2013,Fish,95
Low,Graduation,Has Children,2014,Fish,8
Medium,Graduation,Has Children,2013,Fish,130
Medium,Graduation,Has Children,2013,Fish,7
High,PhD,Has Children,2012,Fish,25
High,PhD,No Children,2013,Fish,106
Medium,Diploma,Has Children,2013,Fish,28
Low,Graduation,Has Children,2013,Fish,3
Medium,PhD,Has Children,2013,Fish,0
Medium,Graduation,Has Children,2013,Fish,68
High,Master,Has Children,2012,Fish,20
High,Graduation,No Children,2013,Fish,75
Low,Graduation,Has Children,2014,Fish,2
Medium,PhD,Has Children,2013,Fish,0
High,Graduation,Has Children,2012,Fish,232
Medium,PhD,Has Children,2014,Fish,2
Medium,Graduation,Has Children,2013,Fish,0
Medium,Master,Has Children,2012,Fish,7
Medium,Master,Has Children,2014,Fish,0
Medium,Master,No Children,2014,Fish,30
High,Diploma,No Children,2014,Fish,132
Medium,Graduation,No Children,2013,Fish,15
Medium,Graduation,Has Children,2013,Fish,6
Low,Graduation,No Children,2013,Fish,15
Medium,Graduation,Has Children,2014,Fish,4
Low,PhD,Has Children,2013,Fish,0
High,PhD,Has Children,2013,Fish,16
Medium,Master,Has Children,2014,Fish,0
Low,Graduation,Has Children,2012,Fish,17
Medium,PhD,Has Children,2013,Fish,116
Low,Graduation,Has Children,2013,Fish,0
Low,Basic,Has Children,2013,Fish,19
Medium,PhD,Has Children,2013,Fish,0
High,Diploma,Has Children,2012,Fish,120
High,Graduation,No Children,2013,Fish,110
High,Graduation,No Children,2013,Fish,125
High,Graduation,No Children,2014,Fish,106
Medium,Diploma,Has Children,2013,Fish,3
High,Graduation,No Children,2014,Fish,110
Low,Graduation,No Children,2012,Fish,41
Medium,PhD,Has Children,2014,Fish,2
Medium,Master,Has Children,2013,Fish,0
Medium,PhD,Has Children,2014,Fish,4
Medium,Graduation,Has Children,2013,Fish,13
High,Graduation,Has Children,2014,Fish,6
Medium,Graduation,Has Children,2012,Fish,0
Low,Graduation,No Children,2012,Fish,7
High,Graduation,No Children,2014,Fish,63
Medium,Graduation,Has Children,2013,Fish,0
Medium,Master,Has Children,2012,Fish,0
Medium,Master,Has Children,2013,Fish,13
High,PhD,Has Children,2013,Fish,168
Medium,Graduation,Has Children,2012,Fish,43
Medium,Graduation,Has Children,2013,Fish,17
High,Diploma,No Children,2014,Fish,132
Low,PhD,Has Children,2014,Fish,0
High,PhD,No Children,2013,Fish,145
Low,Diploma,Has Children,2013,Fish,7
Low,Master,Has Children,2013,Fish,2
High,Graduation,No Children,2012,Fish,17
Medium,Graduation,Has Children,2012,Fish,0
Medium,PhD,No Children,2013,Fish,0
High,Graduation,No Children,2012,Fish,30
High,Graduation,No Children,2013,Fish,184
High,Master,Has Children,2012,Fish,0
High,Graduation,Has Children,2013,Fish,12
Medium,PhD,No Children,2013,Fish,85
Medium,PhD,Has Children,2014,Fish,4
High,PhD,Has Children,2014,Fish,12
Low,Graduation,Has Children,2012,Fish,3
High,Graduation,No Children,2014,Fish,134
High,Diploma,Has Children,2012,Fish,64
Low,Graduation,No Children,2012,Fish,0
High,Graduation,No Children,2014,Fish,11
Medium,PhD,Has Children,2014,Fish,2
High,Graduation,Has Children,2012,Fish,82
Medium,Graduation,Has Children,2012,Fish,19
Medium,Graduation,Has Children,2014,Fish,2
Medium,Graduation,No Children,2013,Fish,4
High,Graduation,No Children,2013,Fish,77
High,PhD,No Children,2013,Fish,58
Low,Diploma,Has Children,2013,Fish,0
Medium,Master,Has Children,2014,Fish,19
Medium,PhD,Has Children,2013,Fish,2
High,Graduation,No Children,2014,Fish,65
Medium,Graduation,Has Children,2012,Fish,21
High,Graduation,No Children,2012,Fish,64
Medium,Graduation,Has Children,2013,Fish,2
High,Master,No Children,2013,Fish,99
Medium,Graduation,Has Children,2013,Fish,21
Low,Graduation,Has Children,2013,Fish,2
High,PhD,No Children,2013,Fish,106
Medium,Graduation,Has Children,2014,Fish,2
High,PhD,No Children,2014,Fish,240
High,PhD,No Children,2014,Fish,25
Medium,PhD,Has Children,2014,Fish,19
High,Graduation,No Children,2013,Fish,42
Medium,PhD,Has Children,2013,Fish,3
Medium,PhD,Has Children,2014,Fish,2
High,Graduation,Has Children,2013,Fish,55
High,Graduation,Has Children,2014,Fish,21
High,Diploma,No Children,2012,Fish,67
Low,Master,Has Children,2013,Fish,0
Medium,Graduation,Has Children,2013,Fish,58
High,Graduation,No Children,2013,Fish,186
Medium,Diploma,Has Children,2013,Fish,80
Medium,Graduation,Has Children,2013,Fish,25
Medium,Graduation,Has Children,2013,Fish,7
Medium,Graduation,Has Children,2014,Fish,7
High,PhD,No Children,2013,Fish,17
Medium,PhD,Has Children,2014,Fish,0
Low,Diploma,No Children,2013,Fish,15
High,Diploma,Has Children,2014,Fish,21
High,Graduation,Has Children,2014,Fish,20
High,Graduation,No Children,2013,Fish,86
High,Diploma,No Children,2013,Fish,30
Medium,PhD,Has Children,2014,Fish,0
High,Master,No Children,2014,Fish,125
Low,PhD,Has Children,2013,Fish,3
High,Graduation,Has Children,2013,Fish,0
Medium,PhD,Has Children,2013,Fish,3
Medium,Master,No Children,2013,Fish,64
Low,Basic,No Children,2013,Fish,8
Medium,Diploma,Has Children,2013,Fish,23
High,Graduation,Has Children,2013,Fish,84
Medium,PhD,Has Children,2012,Fish,2
Medium,Master,Has Children,2013,Fish,7
Medium,Graduation,Has Children,2013,Fish,43
Medium,Graduation,Has Children,2012,Fish,26
Medium,Graduation,Has Children,2012,Fish,4
High,Graduation,Has Children,2012,Fish,82
Medium,Graduation,Has Children,2014,Fish,3
Low,Basic,No Children,2013,Fish,2
High,Diploma,No Children,2013,Fish,0
High,Master,Has Children,2013,Fish,11
Low,Graduation,Has Children,2013,Fish,2
Medium,Graduation,Has Children,2014,Fish,6
High,Graduation,Has Children,2012,Fish,219
High,Graduation,No Children,2013,Fish,0
Medium,Diploma,Has Children,2014,Fish,11
Medium,PhD,Has Children,2012,Fish,2
High,PhD,No Children,2013,Fish,116
Low,Master,No Children,2014,Fish,2
Medium,Graduation,Has Children,2013,Fish,3
Medium,Master,Has Children,2013,Fish,39
Medium,Graduation,Has Children,2013,Fish,7
Low,Diploma,Has Children,2014,Fish,4
Medium,PhD,Has Children,2013,Fish,0
High,Graduation,No Children,2013,Fish,50
Low,Master,Has Children,2014,Fish,2
Medium,Graduation,Has Children,2013,Fish,2
Medium,Graduation,Has Children,2012,Fish,8
Medium,PhD,Has Children,2013,Fish,0
Low,Graduation,Has Children,2012,Fish,0
Medium,PhD,No Children,2013,Fish,52
High,Graduation,Has Children,2012,Fish,91
Low,Graduation,Has Children,2012,Fish,3
High,Graduation,No Children,2012,Fish,39
Medium,Master,Has Children,2014,Fish,6
Low,PhD,Has Children,2014,Fish,0
Medium,Graduation,Has Children,2013,Fish,19
Medium,Graduation,No Children,2012,Fish,237
High,Graduation,No Children,2014,Fish,123
Medium,Graduation,Has Children,2013,Fish,138
Medium,Graduation,Has Children,2014,Fish,7
Medium,Graduation,Has Children,2012,Fish,8
Medium,Graduation,Has Children,2012,Fish,0
High,Graduation,No Children,2012,Fish,34
Medium,PhD,Has Children,2013,Fish,0
High,Graduation,Has Children,2013,Fish,7
Medium,Diploma,Has Children,2013,Fish,10
Medium,Graduation,Has Children,2012,Fish,12
High,Graduation,No Children,2013,Fish,29
High,Graduation,No Children,2014,Fish,158
Low,Basic,No Children,2014,Fish,3
Low,Diploma,No Children,2014,Fish,7
High,PhD,No Children,2012,Fish,86
High,Master,Has Children,2014,Fish,0
Low,Basic,Has Children,2013,Fish,0
Medium,Master,Has Children,2013,Fish,8
Medium,Master,Has Children,2012,Fish,0
Medium,Graduation,Has Children,2013,Fish,62
Low,Graduation,Has Children,2013,Fish,0
High,Master,No Children,2014,Fish,94
Medium,Graduation,Has Children,2013,Fish,6
Medium,Graduation,Has Children,2013,Fish,6
Medium,PhD,Has Children,2013,Fish,0
Low,Basic,Has Children,2013,Fish,21
Low,Graduation,Has Children,2014,Fish,0
Low,Graduation,Has Children,2013,Fish,2
Medium,Graduation,Has Children,2013,Fish,2
High,PhD,Has Children,2013,Fish,0
Medium,PhD,Has Children,2012,Fish,13
Medium,Diploma,Has Children,2014,Fish,0
High,Master,No Children,2012,Fish,216
High,Master,Has Children,2012,Fish,37
Medium,Graduation,Has Children,2014,Fish,17
High,Graduation,Has Children,2014,Fish,10
Medium,Master,Has Children,2013,Fish,4
High,Master,Has Children,2013,Fish,20
Medium,Diploma,Has Children,2013,Fish,29
High,Master,Has Children,2013,Fish,15
High,PhD,No Children,2014,Fish,34
Medium,Diploma,Has Children,2012,Fish,259
Medium,Graduation,Has Children,2013,Fish,13
Medium,Graduation,Has Children,2013,Fish,102
Medium,Master,Has Children,2013,Fish,4
Low,Graduation,Has Children,2012,Fish,4
High,Master,No Children,2013,Fish,84
Medium,Master,Has Children,2013,Fish,8
High,PhD,No Children,2013,Fish,21
Low,Graduation,No Children,2013,Fish,0
Medium,PhD,Has Children,2014,Fish,0
Medium,Graduation,Has Children,2013,Fish,3
Medium,Graduation,Has Children,2013,Fish,4
High,Graduation,Has Children,2013,Fish,95
High,Graduation,Has Children,2013,Fish,50
High,Graduation,No Children,2013,Fish,25
Medium,Graduation,Has Children,2012,Fish,6
Medium,Graduation,Has Children,2013,Fish,3
High,Graduation,Has Children,2013,Fish,32
Medium,PhD,Has Children,2012,Fish,0
High,PhD,No Children,2013,Fish,99
Medium,Graduation,Has Children,2013,Fish,3
Low,Basic,Has Children,2012,Fish,4
Low,Graduation,Has Children,2013,Fish,3
High,Diploma,No Children,2013,Fish,48
Medium,Graduation,Has Children,2013,Fish,2
Medium,PhD,Has Children,2013,Fish,3
High,PhD,Has Children,2013,Fish,47
High,PhD,No Children,2013,Fish,20
Low,Graduation,Has Children,2012,Fish,2
Medium,Master,Has Children,2013,Fish,4
Medium,Master,Has Children,2014,Fish,0
Medium,Graduation,Has Children,2013,Fish,7
Medium,PhD,Has Children,2013,Fish,2
Medium,Graduation,Has Children,2014,Fish,8
Low,Graduation,Has Children,2013,Fish,3
Medium,PhD,Has Children,2014,Fish,0
High,Graduation,Has Children,2014,Fish,60
Medium,Master,Has Children,2014,Fish,2
High,Graduation,No Children,2013,Fish,99
Low,Graduation,Has Children,2013,Fish,8
Medium,Graduation,Has Children,2013,Fish,0
Low,Basic,Has Children,2014,Fish,3
Medium,PhD,Has Children,2013,Fish,3
High,Graduation,Has Children,2014,Fish,54
High,Master,No Children,2014,Fish,101
Low,PhD,Has Children,2012,Fish,12
Low,Graduation,No Children,2014,Fish,1
Low,Basic,Has Children,2012,Fish,8
Medium,Graduation,Has Children,2013,Fish,0
Low,PhD,Has Children,2014,Fish,0
High,Graduation,Has Children,2014,Fish,12
High,PhD,No Children,2013,Fish,38
High,Graduation,Has Children,2013,Fish,12
High,PhD,Has Children,2013,Fish,115
High,Graduation,Has Children,2013,Fish,13
High,Graduation,Has Children,2013,Fish,10
Medium,PhD,Has Children,2012,Fish,4
High,Diploma,Has Children,2012,Fish,20
High,Graduation,Has Children,2014,Fish,168
Medium,Graduation,Has Children,2014,Fish,0
High,Graduation,No Children,2013,Fish,219
Medium,PhD,Has Children,2014,Fish,4
High,PhD,No Children,2013,Fish,23
High,Master,No Children,2013,Fish,90
Medium,Graduation,Has Children,2013,Fish,0
Medium,Graduation,Has Children,2014,Fish,0
High,Graduation,No Children,2013,Fish,186
Medium,PhD,Has Children,2012,Fish,8
Low,Graduation,Has Children,2013,Fish,6
Medium,PhD,Has Children,2013,Fish,2
High,Diploma,No Children,2014,Fish,44
Medium,Graduation,No Children,2014,Fish,50
High,Master,Has Children,2013,Fish,151
Medium,Graduation,Has Children,2012,Fish,3
Medium,Master,Has Children,2013,Fish,7
Low,Master,Has Children,2012,Fish,12
High,Graduation,Has Children,2013,Fish,16
Medium,Master,Has Children,2013,Fish,2
Medium,Graduation,Has Children,2013,Fish,8
High,Graduation,No Children,2012,Fish,55
Medium,Graduation,Has Children,2013,Fish,4
High,Graduation,No Children,2012,Fish,145
Medium,Diploma,No Children,2012,Fish,99
Medium,PhD,Has Children,2012,Fish,0
Medium,Master,No Children,2013,Fish,34
Low,Basic,No Children,2012,Fish,133
Medium,Graduation,Has Children,2013,Fish,2
Medium,PhD,Has Children,2012,Fish,6
Medium,Diploma,Has Children,2013,Fish,6
High,Master,No Children,2013,Fish,137
Medium,Graduation,No Children,2012,Fish,51
Low,Graduation,No Children,2013,Fish,6
Low,Graduation,Has Children,2013,Fish,2
Medium,Diploma,Has Children,2014,Fish,6
Medium,PhD,Has Children,2013,Fish,0
Medium,PhD,Has Children,2014,Fish,0
High,Master,Has Children,2014,Fish,19
Medium,PhD,Has Children,2013,Fish,3
Medium,Graduation,Has Children,2013,Fish,37
High,Graduation,No Children,2014,Fish,207
Low,Graduation,Has Children,2012,Fish,13
High,Graduation,No Children,2013,Fish,160
Low,Diploma,No Children,2014,Fish,6
Medium,Graduation,Has Children,2013,Fish,3
High,Graduation,No Children,2012,Fish,94
High,Graduation,Has Children,2013,Fish,10
Medium,Graduation,Has Children,2013,Fish,8
High,PhD,No Children,2014,Fish,38
High,Graduation,No Children,2014,Fish,0
Medium,Graduation,Has Children,2013,Fish,54
High,PhD,Has Children,2014,Fish,0
High,Master,No Children,2012,Fish,210
Medium,Master,Has Children,2013,Fish,11
High,Diploma,Has Children,2013,Fish,41
Medium,Diploma,Has Children,2014,Fish,36
Low,PhD,Has Children,2013,Fish,0
Medium,Graduation,Has Children,2013,Fish,59
Medium,Diploma,Has Children,2014,Fish,3
Medium,Graduation,Has Children,2013,Fish,6
Medium,Graduation,Has Children,2014,Fish,4
High,Master,No Children,2013,Fish,34
Medium,Master,Has Children,2013,Fish,24
High,Graduation,Has Children,2014,Fish,112
Medium,Graduation,Has Children,2012,Fish,7
Low,Basic,Has Children,2014,Fish,16
High,Master,Has Children,2013,Fish,19
Low,Graduation,No Children,2014,Fish,6
Medium,PhD,Has Children,2013,Fish,6
Low,Master,No Children,2013,Fish,4
High,PhD,No Children,2013,Fish,98
Low,Graduation,Has Children,2014,Fish,3
Medium,Graduation,Has Children,2012,Fish,71
High,Graduation,Has Children,2013,Fish,172
High,Graduation,No Children,2013,Fish,182
High,Master,Has Children,2012,Fish,0
Medium,Graduation,Has Children,2013,Fish,71
High,Graduation,No Children,2013,Fish,141
Medium,Master,No Children,2014,Fish,4
Medium,Graduation,Has Children,2013,Fish,0
Medium,Graduation,Has Children,2012,Fish,20
Medium,Graduation,Has Children,2014,Fish,4
Medium,Master,Has Children,2012,Fish,0
High,Master,Has Children,2012,Fish,0
Low,Graduation,No Children,2013,Fish,23
Low,Basic,Has Children,2013,Fish,0
Medium,Graduation,Has Children,2013,Fish,19
Low,Diploma,Has Children,2013,Fish,3
Medium,PhD,No Children,2013,Fish,65
High,Graduation,Has Children,2013,Fish,0
High,PhD,No Children,2013,Fish,116
High,PhD,No Children,2013,Fish,0
High,Graduation,No Children,2013,Fish,182
Low,Graduation,Has Children,2012,Fish,4
High,Graduation,Has Children,2014,Fish,33
High,Graduation,No Children,2012,Fish,124
High,Graduation,Has Children,2013,Fish,171
Medium,Graduation,Has Children,2013,Fish,0
High,PhD,No Children,2014,Fish,77
High,Graduation,No Children,2013,Fish,193
Medium,Master,Has Children,2013,Fish,4
Medium,Graduation,Has Children,2012,Fish,38
Low,Basic,Has Children,2013,Fish,8
Medium,Graduation,Has Children,2013,Fish,15
Medium,Diploma,No Children,2012,Fish,56
Medium,Diploma,Has Children,2013,Fish,0
High,Master,Has Children,2012,Fish,160
Medium,Graduation,Has Children,2013,Fish,20
Medium,Graduation,Has Children,2013,Fish,2
Medium,Master,Has Children,2013,Fish,16
High,Graduation,Has Children,2014,Fish,15
Medium,Graduation,Has Children,2014,Fish,11
Medium,Diploma,Has Children,2013,Fish,4
Medium,Master,Has Children,2013,Fish,0
Medium,PhD,Has Children,2012,Fish,6
Medium,PhD,Has Children,2013,Fish,11
Medium,Graduation,Has Children,2012,Fish,0
Medium,Graduation,Has Children,2013,Fish,4
Low,Graduation,Has Children,2013,Fish,0
Medium,Master,Has Children,2013,Fish,0
Medium,Master,Has Children,2013,Fish,26
Medium,Master,Has Children,2014,Fish,2
Medium,Diploma,Has Children,2013,Fish,11
Medium,Graduation,Has Children,2012,Fish,2
Medium,Diploma,Has Children,2014,Fish,2
Low,Graduation,Has Children,2012,Fish,3
High,Graduation,No Children,2014,Fish,51
Medium,PhD,Has Children,2014,Fish,0
Low,Diploma,Has Children,2013,Fish,0
Medium,Graduation,Has Children,2012,Fish,2
High,Graduation,No Children,2014,Fish,104
Medium,Master,Has Children,2013,Fish,13
Low,Graduation,Has Children,2013,Fish,4
Medium,PhD,Has Children,2014,Fish,0
Medium,Diploma,Has Children,2012,Fish,15
Low,PhD,Has Children,2014,Fish,0
High,Master,Has Children,2013,Fish,30
Medium,Graduation,Has Children,2014,Fish,0
Low,Graduation,Has Children,2014,Fish,8
High,Master,Has Children,2013,Fish,20
Medium,PhD,Has Children,2012,Fish,65
High,Graduation,Has Children,2012,Fish,3
High,Graduation,Has Children,2014,Fish,0
Medium,Graduation,Has Children,2014,Fish,6
Medium,Graduation,Has Children,2012,Fish,17
Medium,Master,Has Children,2012,Fish,46
Medium,PhD,Has Children,2012,Fish,4
Medium,Master,Has Children,2013,Fish,8
High,Master,Has Children,2013,Fish,130
Medium,Graduation,Has Children,2012,Fish,11
Medium,PhD,Has Children,2012,Fish,2
High,PhD,Has Children,2012,Fish,69
High,Graduation,Has Children,2013,Fish,104
Medium,Master,Has Children,2014,Fish,2
High,Graduation,No Children,2014,Fish,242
Medium,Graduation,Has Children,2013,Fish,4
Medium,Graduation,Has Children,2013,Fish,51
Low,Basic,No Children,2013,Fish,8
Medium,Graduation,No Children,2014,Fish,16
Medium,Graduation,Has Children,2014,Fish,6
Low,Graduation,Has Children,2014,Fish,0
Medium,PhD,Has Children,2014,Fish,0
High,Diploma,No Children,2013,Fish,38
High,Graduation,Has Children,2012,Fish,16
Medium,PhD,Has Children,2014,Fish,0
Low,Graduation,No Children,2012,Fish,23
Low,Graduation,Has Children,2013,Fish,11
Medium,PhD,Has Children,2013,Fish,0
Medium,PhD,Has Children,2013,Fish,0
Medium,Diploma,Has Children,2014,Fish,8
Medium,Graduation,No Children,2013,Fish,175
Low,Master,Has Children,2013,Fish,2
Medium,Diploma,Has Children,2014,Fish,11
High,Graduation,No Children,2013,Fish,110
Medium,Graduation,Has Children,2013,Fish,2
High,Graduation,Has Children,2013,Fish,3
Medium,Diploma,Has Children,2013,Fish,3
High,Graduation,Has Children,2012,Fish,3
Low,Diploma,No Children,2013,Fish,4
Medium,Graduation,No Children,2014,Fish,3
Medium,Graduation,Has Children,2013,Fish,19
Medium,Graduation,Has Children,2013,Fish,10
Medium,Master,Has Children,2013,Fish,3
Low,Graduation,Has Children,2012,Fish,4
High,Master,No Children,2012,Fish,180
High,Graduation,No Children,2013,Fish,246
Medium,Graduation,No Children,2013,Fish,28
High,Diploma,No Children,2012,Fish,72
Medium,Graduation,Has Children,2012,Fish,11
High,PhD,No Children,2013,Fish,71
High,Diploma,Has Children,2014,Fish,58
Medium,Graduation,Has Children,2013,Fish,19
High,Graduation,No Children,2014,Fish,98
High,Graduation,No Children,2013,Fish,0
Medium,PhD,Has Children,2013,Fish,0
Medium,PhD,No Children,2012,Fish,86
High,Graduation,No Children,2014,Fish,106
Medium,Graduation,Has Children,2012,Fish,2
Low,Graduation,Has Children,2013,Fish,11
High,Graduation,No Children,2014,Fish,89
Medium,PhD,No Children,2012,Fish,116
High,Master,Has Children,2014,Fish,7
Medium,Graduation,Has Children,2013,Fish,77
Medium,PhD,Has Children,2014,Fish,0
Low,Graduation,Has Children,2014,Fish,7
Low,Master,Has Children,2013,Fish,2
Medium,Master,Has Children,2013,Fish,54
Medium,Graduation,Has Children,2013,Fish,0
High,Graduation,No Children,2013,Fish,75
Medium,PhD,Has Children,2014,Fish,0
High,Graduation,Has Children,2013,Fish,91
Low,Diploma,Has Children,2013,Fish,19
Medium,Graduation,Has Children,2013,Fish,13
Medium,Graduation,Has Children,2013,Fish,0
High,PhD,Has Children,2012,Fish,188
High,Graduation,Has Children,2012,Fish,33
Medium,Graduation,Has Children,2013,Fish,12
High,Master,No Children,2012,Fish,210
Medium,PhD,Has Children,2013,Fish,0
Medium,Master,No Children,2013,Fish,7
Medium,PhD,Has Children,2014,Fish,0
High,Graduation,Has Children,2013,Fish,234
High,Graduation,Has Children,2012,Fish,10
Low,Diploma,Has Children,2013,Fish,3
Low,Graduation,Has Children,2013,Fish,10
High,Diploma,Has Children,2012,Fish,197
High,Master,Has Children,2013,Fish,65
High,Master,No Children,2014,Fish,20
High,PhD,Has Children,2014,Fish,0
High,Graduation,Has Children,2013,Fish,69
Medium,Master,Has Children,2013,Fish,39
High,PhD,Has Children,2013,Fish,55
Medium,PhD,Has Children,2013,Fish,3
High,Graduation,No Children,2013,Fish,97
Medium,Graduation,Has Children,2013,Fish,15
Medium,Graduation,Has Children,2013,Fish,0
High,Graduation,No Children,2014,Fish,210
Medium,Graduation,Has Children,2013,Fish,3
Medium,PhD,Has Children,2012,Fish,13
High,Graduation,Has Children,2012,Fish,91
High,Graduation,No Children,2013,Fish,33
Medium,Master,Has Children,2013,Fish,20
Medium,Diploma,Has Children,2014,Fish,11
Medium,Graduation,Has Children,2012,Fish,4
Medium,Master,Has Children,2012,Fish,8
Medium,PhD,No Children,2012,Fish,17
High,Master,No Children,2014,Fish,11
Medium,Master,Has Children,2013,Fish,21
Medium,Diploma,Has Children,2012,Fish,197
High,PhD,No Children,2013,Fish,58
Medium,Graduation,Has Children,2013,Fish,0
High,Graduation,No Children,2014,Fish,45
Medium,Master,Has Children,2012,Fish,0
High,Graduation,Has Children,2012,Fish,99
High,Graduation,No Children,2014,Fish,73
Low,Diploma,No Children,2013,Fish,6
Medium,Graduation,Has Children,2014,Fish,6
Medium,Graduation,Has Children,2012,Fish,10
Medium,Graduation,Has Children,2013,Fish,8
Medium,Master,Has Children,2013,Fish,4
Low,Graduation,Has Children,2012,Fish,20
High,PhD,No Children,2013,Fish,49
High,Graduation,No Children,2013,Fish,219
Medium,Graduation,Has Children,2014,Fish,11
Medium,PhD,Has Children,2014,Fish,3
Low,Graduation,Has Children,2013,Fish,0
Medium,Graduation,Has Children,2012,Fish,10
High,PhD,No Children,2014,Fish,149
Low,Graduation,Has Children,2012,Fish,13
High,PhD,No Children,2014,Fish,42
Low,Graduation,Has Children,2013,Fish,10
Medium,Diploma,Has Children,2012,Fish,19
Medium,Diploma,Has Children,2013,Fish,3
High,PhD,Has Children,2014,Fish,0
Medium,Master,Has Children,2012,Fish,0
Low,Diploma,Has Children,2012,Fish,0
Low,Diploma,Has Children,2012,Fish,24
Low,Graduation,Has Children,2013,Fish,2
High,PhD,No Children,2013,Fish,80
High,PhD,Has Children,2012,Fish,0
Medium,Master,Has Children,2013,Fish,80
Medium,Graduation,Has Children,2014,Fish,4
High,Master,Has Children,2013,Fish,36
High,Graduation,No Children,2012,Fish,149
Medium,PhD,Has Children,2013,Fish,0
Medium,Graduation,Has Children,2012,Fish,10
Medium,Master,Has Children,2013,Fish,0
Medium,Diploma,No Children,2013,Fish,25
Medium,Graduation,No Children,2012,Fish,12
High,Graduation,Has Children,2013,Fish,46
Medium,Diploma,Has Children,2013,Fish,2
Medium,Master,Has Children,2013,Fish,6
High,Diploma,No Children,2014,Fish,35
High,Graduation,Has Children,2012,Fish,13
High,Graduation,No Children,2014,Fish,63
High,Graduation,Has Children,2012,Fish,29
Medium,Master,Has Children,2013,Fish,0
Medium,Master,Has Children,2012,Fish,6
Medium,Graduation,Has Children,2013,Fish,8
Low,Graduation,Has Children,2013,Fish,8
High,PhD,Has Children,2013,Fish,69
Medium,Graduation,Has Children,2013,Fish,19
Medium,Master,Has Children,2013,Fish,0
Low,Graduation,Has Children,2012,Fish,4
High,Graduation,Has Children,2014,Fish,185
Medium,Graduation,Has Children,2014,Fish,3
Medium,Graduation,Has Children,2013,Fish,15
High,Master,Has Children,2012,Fish,0
High,Graduation,Has Children,2014,Fish,142
Medium,PhD,Has Children,2012,Fish,0
High,PhD,Has Children,2013,Fish,12
High,PhD,No Children,2012,Fish,59
Medium,Graduation,Has Children,2012,Fish,0
High,Master,No Children,2014,Fish,94
Low,Master,Has Children,2013,Fish,7
Medium,Graduation,Has Children,2012,Fish,4
Medium,PhD,Has Children,2013,Fish,0
Medium,Graduation,Has Children,2014,Fish,10
High,PhD,No Children,2014,Fish,46
Medium,Graduation,No Children,2013,Fish,3
High,Master,Has Children,2013,Fish,37
Medium,Graduation,Has Children,2014,Fish,0
High,Master,No Children,2013,Fish,13
High,Graduation,No Children,2013,Fish,52
Medium,Master,Has Children,2014,Fish,2
High,Graduation,No Children,2014,Fish,27
Medium,PhD,Has Children,2014,Fish,4
Medium,Master,Has Children,2012,Fish,25
High,Graduation,No Children,2014,Fish,16
Medium,Graduation,Has Children,2013,Fish,8
High,Graduation,No Children,2013,Fish,63
Medium,PhD,Has Children,2012,Fish,13
High,Graduation,No Children,2013,Fish,97
Low,Basic,Has Children,2012,Fish,2
Medium,Master,Has Children,2013,Fish,11
Medium,PhD,Has Children,2014,Fish,0
Medium,PhD,Has Children,2012,Fish,4
Low,Master,Has Children,2014,Fish,0
Medium,Graduation,Has Children,2013,Fish,3
High,Graduation,Has Children,2012,Fish,140
Medium,PhD,Has Children,2014,Fish,3
Medium,Master,Has Children,2013,Fish,19
High,Master,No Children,2012,Fish,253
High,Master,No Children,2013,Fish,16
Medium,Graduation,Has Children,2013,Fish,0
Low,Graduation,Has Children,2014,Fish,2
Medium,PhD,Has Children,2013,Fish,0
High,Graduation,Has Children,2013,Fish,0
Medium,Diploma,Has Children,2013,Fish,34
High,Master,Has Children,2014,Fish,4
High,PhD,Has Children,2014,Fish,12
High,Graduation,No Children,2012,Fish,75
Low,Diploma,No Children,2012,Fish,11
High,Graduation,No Children,2013,Fish,24
Medium,Graduation,Has Children,2013,Fish,23
Medium,Graduation,Has Children,2013,Fish,3
Medium,Graduation,Has Children,2013,Fish,169
Low,Graduation,Has Children,2013,Fish,2
Medium,Graduation,Has Children,2014,Fish,15
High,Graduation,Has Children,2014,Fish,33
Medium,Master,Has Children,2012,Fish,12
Medium,PhD,Has Children,2013,Fish,0
Low,Graduation,Has Children,2013,Fish,0
High,Diploma,No Children,2012,Fish,220
Medium,Graduation,Has Children,2013,Fish,6
Medium,Graduation,Has Children,2013,Fish,24
Medium,PhD,Has Children,2014,Fish,0
Medium,PhD,Has Children,2012,Fish,120
Medium,PhD,No Children,2013,Fish,71
Low,Graduation,Has Children,2014,Fish,3
Medium,Diploma,Has Children,2013,Fish,3
High,PhD,Has Children,2013,Fish,0
Medium,PhD,Has Children,2013,Fish,6
Medium,PhD,Has Children,2014,Fish,0
Low,Graduation,Has Children,2013,Fish,0
Medium,PhD,Has Children,2013,Fish,15
Medium,PhD,Has Children,2013,Fish,0
Medium,Graduation,Has Children,2013,Fish,21
High,Graduation,No Children,2013,Fish,111
Medium,Graduation,Has Children,2014,Fish,2
Medium,Master,Has Children,2013,Fish,4
Medium,Master,Has Children,2014,Fish,2
High,PhD,Has Children,2013,Fish,0
Medium,Graduation,Has Children,2012,Fish,13
Low,Basic,Has Children,2013,Fish,10
High,Diploma,Has Children,2014,Fish,258
Medium,Master,No Children,2013,Fish,0
Medium,Master,Has Children,2013,Fish,4
Medium,Graduation,No Children,2014,Fish,28
Medium,Graduation,No Children,2013,Fish,34
Medium,PhD,Has Children,2014,Fish,17
Low,Graduation,Has Children,2014,Fish,23
High,Graduation,No Children,2012,Fish,35
Medium,Graduation,Has Children,2012,Fish,6
Low,PhD,Has Children,2013,Fish,0
Medium,Master,Has Children,2014,Fish,4
Medium,Master,Has Children,2013,Fish,4
High,PhD,Has Children,2014,Fish,80
Medium,Diploma,Has Children,2013,Fish,84
High,Graduation,No Children,2014,Fish,134
Medium,PhD,Has Children,2013,Fish,45
Medium,Graduation,Has Children,2013,Fish,33
High,Graduation,Has Children,2014,Fish,32
Medium,Graduation,Has Children,2014,Fish,10
Medium,PhD,No Children,2013,Fish,8
Medium,Diploma,Has Children,2013,Fish,15
High,PhD,Has Children,2013,Fish,29
Medium,PhD,Has Children,2013,Fish,10
High,PhD,Has Children,2013,Fish,39
High,PhD,Has Children,2013,Fish,115
Medium,PhD,No Children,2013,Fish,3
High,Graduation,No Children,2013,Fish,33
High,Master,No Children,2013,Fish,52
High,Diploma,No Children,2013,Fish,104
High,Graduation,Has Children,2012,Fish,123
Low,Diploma,No Children,2012,Fish,24
Low,Graduation,Has Children,2013,Fish,39
Low,Basic,Has Children,2013,Fish,11
Medium,PhD,Has Children,2013,Fish,0
Medium,Graduation,Has Children,2014,Fish,7
High,Graduation,No Children,2013,Fish,76
Medium,Graduation,Has Children,2014,Fish,7
Low,PhD,Has Children,2012,Fish,0
Low,PhD,Has Children,2014,Fish,0
Medium,Graduation,Has Children,2013,Fish,3
Medium,Graduation,Has Children,2014,Fish,0
High,Master,No Children,2012,Fish,21
Medium,Graduation,Has Children,2013,Fish,10
Medium,Graduation,Has Children,2013,Fish,116
High,Graduation,No Children,2013,Fish,146
Medium,Graduation,Has Children,2013,Fish,7
High,Master,No Children,2013,Fish,78
Low,PhD,Has Children,2013,Fish,0
Low,Diploma,Has Children,2012,Fish,8
Low,Graduation,No Children,2012,Fish,12
High,Graduation,Has Children,2013,Fish,85
Medium,Diploma,Has Children,2012,Fish,2
High,PhD,No Children,2013,Fish,26
Medium,PhD,Has Children,2012,Fish,0
High,Master,Has Children,2014,Fish,258
High,Graduation,Has Children,2012,Fish,0
Medium,Master,Has Children,2014,Fish,0
Low,Graduation,Has Children,2013,Fish,16
Medium,PhD,Has Children,2014,Fish,0
Low,Basic,Has Children,2012,Fish,6
Medium,PhD,Has Children,2013,Fish,2
Medium,Master,Has Children,2012,Fish,16
Medium,Graduation,Has Children,2012,Fish,30
High,Graduation,Has Children,2014,Fish,179
Medium,PhD,Has Children,2014,Fish,3
High,Graduation,No Children,2014,Fish,80
High,Master,Has Children,2013,Fish,0
Medium,Graduation,Has Children,2013,Fish,2
High,Graduation,No Children,2012,Fish,207
Low,Basic,Has Children,2014,Fish,12
Medium,Graduation,Has Children,2012,Fish,43
High,Graduation,Has Children,2013,Fish,39
Low,Graduation,Has Children,2014,Fish,6
Medium,Graduation,Has Children,2013,Fish,7
Medium,PhD,Has Children,2012,Fish,10
Low,Graduation,Has Children,2013,Fish,3
High,PhD,No Children,2013,Fish,29
High,Graduation,No Children,2013,Fish,120
High,PhD,No Children,2014,Fish,62
Medium,PhD,Has Children,2014,Fish,16
Low,Master,Has Children,2014,Fish,15
Medium,Graduation,Has Children,2012,Fish,0
Low,Basic,Has Children,2013,Fish,3
High,Master,Has Children,2013,Fish,36
High,Graduation,Has Children,2013,Fish,198
Medium,PhD,Has Children,2014,Fish,0
Low,Graduation,No Children,2012,Fish,23
Medium,Graduation,Has Children,2013,Fish,0
High,Graduation,No Children,2014,Fish,104
High,Diploma,Has Children,2013,Fish,21
High,Graduation,Has Children,2013,Fish,153
High,Graduation,Has Children,2014,Fish,21
High,Graduation,No Children,2013,Fish,29
Medium,Graduation,Has Children,2014,Fish,32
Medium,PhD,Has Children,2013,Fish,0
Medium,Graduation,Has Children,2014,Fish,0
Medium,Graduation,Has Children,2013,Fish,10
Medium,PhD,No Children,2014,Fish,2
High,Graduation,No Children,2013,Fish,82
Medium,PhD,Has Children,2013,Fish,0
High,Graduation,No Children,2012,Fish,27
Low,Basic,No Children,2012,Fish,7
High,Master,No Children,2013,Fish,34
High,Graduation,Has Children,2013,Fish,102
High,PhD,No Children,2013,Fish,112
High,PhD,Has Children,2012,Fish,13
Medium,Graduation,Has Children,2012,Fish,49
Medium,Diploma,Has Children,2014,Fish,15
Medium,PhD,Has Children,2013,Fish,6
Medium,Graduation,Has Children,2012,Fish,7
Low,Basic,Has Children,2013,Fish,7
Medium,Graduation,Has Children,2013,Fish,0
Medium,Master,Has Children,2013,Fish,4
Medium,PhD,Has Children,2014,Fish,2
High,Graduation,Has Children,2013,Fish,16
High,Diploma,Has Children,2013,Fish,119
Low,Diploma,Has Children,2013,Fish,8
Medium,Graduation,Has Children,2013,Fish,71
High,Graduation,Has Children,2013,Fish,65
Low,Diploma,Has Children,2013,Fish,17
High,Graduation,Has Children,2013,Fish,93
Medium,PhD,Has Children,2014,Fish,0
High,Graduation,No Children,2013,Fish,141
Low,Basic,No Children,2014,Fish,2
Medium,Master,Has Children,2013,Fish,2
Low,PhD,Has Children,2012,Fish,10
Medium,PhD,No Children,2013,Fish,2
High,Graduation,No Children,2012,Fish,17
High,PhD,No Children,2013,Fish,168
Medium,Graduation,Has Children,2014,Fish,0
Medium,Graduation,Has Children,2012,Fish,0
Low,Graduation,Has Children,2012,Fish,7
Low,PhD,No Children,2012,Fish,3
Medium,PhD,Has Children,2013,Fish,0
High,Diploma,No Children,2013,Fish,138
Low,Basic,Has Children,2012,Fish,11
Medium,PhD,Has Children,2014,Fish,0
High,Graduation,No Children,2012,Fish,36
High,Graduation,Has Children,2013,Fish,34
Medium,Graduation,Has Children,2013,Fish,8
Medium,Graduation,Has Children,2012,Fish,0
Medium,Graduation,Has Children,2012,Fish,11
Medium,Graduation,Has Children,2013,Fish,12
High,Diploma,Has Children,2012,Fish,223
High,Graduation,Has Children,2013,Fish,23
Medium,Graduation,Has Children,2013,Fish,12
Medium,PhD,Has Children,2014,Fish,0
High,Diploma,No Children,2013,Fish,151
Medium,Graduation,Has Children,2014,Fish,11
Medium,Graduation,Has Children,2013,Fish,10
Low,Master,Has Children,2013,Fish,0
High,Graduation,Has Children,2013,Fish,0
Medium,Master,Has Children,2014,Fish,3
High,Graduation,Has Children,2014,Fish,11
High,Diploma,Has Children,2014,Fish,258
High,Graduation,Has Children,2014,Fish,188
High,Graduation,Has Children,2012,Fish,145
Medium,Master,Has Children,2013,Fish,0
Medium,Graduation,Has Children,2013,Fish,4
Medium,Graduation,Has Children,2014,Fish,0
Medium,Graduation,Has Children,2013,Fish,0
Low,PhD,Has Children,2013,Fish,5
Low,Graduation,Has Children,2013,Fish,10
High,Graduation,No Children,2014,Fish,224
High,PhD,No Children,2012,Fish,89
Medium,Graduation,Has Children,2012,Fish,0
Medium,PhD,Has Children,2012,Fish,0
High,Master,No Children,2014,Fish,23
High,Graduation,No Children,2013,Fish,91
High,Graduation,Has Children,2013,Fish,150
Low,PhD,Has Children,2013,Fish,0
Medium,Diploma,Has Children,2013,Fish,101
High,Graduation,No Children,2013,Fish,90
Medium,Graduation,Has Children,2013,Fish,12
Medium,PhD,Has Children,2014,Fish,0
High,Graduation,Has Children,2014,Fish,80
Medium,Master,Has Children,2013,Fish,0
Medium,Master,Has Children,2013,Fish,4
High,Graduation,Has Children,2013,Fish,73
Medium,Diploma,No Children,2012,Fish,104
Low,Graduation,Has Children,2013,Fish,0
Medium,PhD,Has Children,2013,Fish,8
High,Graduation,No Children,2013,Fish,216
High,Master,No Children,2013,Fish,39
Low,Master,Has Children,2013,Fish,37
Low,Graduation,Has Children,2013,Fish,16
Medium,Graduation,Has Children,2013,Fish,2
Medium,PhD,Has Children,2013,Fish,23
Medium,Graduation,Has Children,2014,Fish,12
Medium,Graduation,Has Children,2013,Fish,13
Medium,Graduation,Has Children,2012,Fish,4
High,PhD,No Children,2013,Fish,160
Medium,Graduation,Has Children,2013,Fish,0
High,Diploma,Has Children,2012,Fish,20
Medium,PhD,Has Children,2012,Fish,76
Medium,PhD,Has Children,2013,Fish,2
High,Master,No Children,2013,Fish,63
Low,Master,Has Children,2014,Fish,0
High,Master,No Children,2013,Fish,37
High,Master,Has Children,2013,Fish,4
High,PhD,No Children,2012,Fish,0
Low,PhD,Has Children,2014,Fish,1
Medium,Graduation,No Children,2013,Fish,13
Medium,PhD,Has Children,2014,Fish,6
Low,Graduation,Has Children,2014,Fish,6
High,Diploma,No Children,2012,Fish,38
Low,Graduation,Has Children,2013,Fish,3
High,PhD,No Children,2012,Fish,34
High,Graduation,No Children,2013,Fish,20
High,PhD,No Children,2013,Fish,65
High,Master,Has Children,2013,Fish,0
Medium,Master,Has Children,2012,Fish,3
Low,Master,No Children,2013,Fish,6
High,PhD,No Children,2013,Fish,95
Medium,Graduation,Has Children,2012,Fish,6
High,PhD,Has Children,2012,Fish,69
Low,Diploma,No Children,2013,Fish,6
High,Graduation,Has Children,2013,Fish,55
High,Graduation,Has Children,2013,Fish,103
High,Graduation,No Children,2012,Fish,124
High,Graduation,Has Children,2012,Fish,15
Medium,Master,Has Children,2013,Fish,4
Medium,Graduation,Has Children,2014,Fish,3
Medium,Master,Has Children,2012,Fish,8
High,Diploma,No Children,2014,Fish,159
Low,PhD,Has Children,2014,Fish,2
High,Graduation,Has Children,2013,Fish,150
Medium,Graduation,Has Children,2014,Fish,0
High,PhD,Has Children,2013,Fish,0
Medium,Graduation,Has Children,2014,Fish,3
Low,Diploma,No Children,2014,Fish,4
Medium,Master,No Children,2012,Fish,108
High,Graduation,No Children,2014,Fish,181
High,PhD,Has Children,2013,Fish,50
High,Graduation,Has Children,2013,Fish,60
High,PhD,No Children,2012,Fish,23
Medium,PhD,Has Children,2014,Fish,0
Medium,PhD,Has Children,2014,Fish,0
High,Master,Has Children,2013,Fish,43
Medium,PhD,No Children,2014,Fish,6
Medium,Graduation,Has Children,2012,Fish,56
Medium,PhD,Has Children,2014,Fish,0
High,PhD,No Children,2013,Fish,65
High,Graduation,Has Children,2013,Fish,90
Medium,Graduation,Has Children,2013,Fish,54
High,PhD,No Children,2012,Fish,150
High,Master,No Children,2014,Fish,99
Medium,Graduation,Has Children,2013,Fish,20
High,Graduation,Has Children,2014,Fish,0
High,Graduation,No Children,2014,Fish,177
Medium,Graduation,Has Children,2013,Fish,25
Low,Basic,Has Children,2012,Fish,29
High,PhD,No Children,2014,Fish,62
High,PhD,No Children,2014,Fish,1
Medium,PhD,Has Children,2013,Fish,19
Medium,PhD,Has Children,2013,Fish,3
Low,Graduation,No Children,2014,Fish,0
High,Master,No Children,2014,Fish,20
Low,Graduation,Has Children,2013,Fish,2
Medium,Graduation,Has Children,2014,Fish,0
High,Graduation,No Children,2013,Fish,138
High,PhD,Has Children,2013,Fish,12
Medium,Graduation,Has Children,2014,Fish,2
Medium,Graduation,No Children,2013,Fish,7
Medium,Master,Has Children,2013,Fish,0
High,Diploma,No Children,2014,Fish,184
High,Graduation,Has Children,2012,Fish,158
High,Master,No Children,2012,Fish,60
High,Graduation,Has Children,2012,Fish,65
Medium,PhD,Has Children,2013,Fish,0
Medium,Graduation,Has Children,2012,Fish,0
Low,Graduation,No Children,2013,Fish,23
Medium,PhD,Has Children,2013,Fish,0
Low,Graduation,No Children,2013,Fish,15
Medium,PhD,Has Children,2012,Fish,0
Medium,Diploma,Has Children,2014,Fish,10
High,Diploma,Has Children,2014,Fish,46
High,Graduation,No Children,2012,Fish,71
High,Master,No Children,2013,Fish,129
High,Graduation,Has Children,2013,Fish,104
Low,Master,Has Children,2013,Fish,0
Medium,PhD,Has Children,2012,Fish,0
High,Graduation,No Children,2013,Fish,40
High,Graduation,No Children,2012,Fish,94
High,Master,Has Children,2013,Fish,25
High,PhD,Has Children,2013,Fish,2
High,PhD,Has Children,2013,Fish,8
Low,Master,Has Children,2014,Fish,3
Low,Master,Has Children,2014,Fish,3
High,Graduation,Has Children,2013,Fish,130
Medium,Diploma,Has Children,2012,Fish,3
Medium,PhD,Has Children,2013,Fish,39
Medium,PhD,Has Children,2012,Fish,20
Medium,Master,Has Children,2014,Fish,0
Low,Graduation,Has Children,2013,Fish,13
High,PhD,No Children,2014,Fish,0
Low,Graduation,Has Children,2013,Fish,3
Low,Graduation,Has Children,2012,Fish,6
High,Graduation,No Children,2014,Fish,151
Medium,Master,Has Children,2012,Fish,3
High,Graduation,No Children,2013,Fish,104
High,Graduation,No Children,2012,Fish,205
High,Master,Has Children,2014,Fish,111
Medium,Graduation,Has Children,2013,Fish,10
Medium,Graduation,Has Children,2013,Fish,12
Medium,PhD,No Children,2013,Fish,0
Medium,Graduation,Has Children,2013,Fish,90
High,Graduation,No Children,2014,Fish,94
High,PhD,No Children,2012,Fish,28
High,PhD,No Children,2013,Fish,11
High,PhD,No Children,2014,Fish,84
Low,Graduation,Has Children,2014,Fish,3
Medium,Graduation,Has Children,2012,Fish,45
High,Graduation,No Children,2013,Fish,40
Medium,PhD,Has Children,2014,Fish,17
High,Master,Has Children,2013,Fish,81
High,PhD,No Children,2013,Fish,0
Medium,Graduation,Has Children,2014,Fish,7
Medium,Graduation,Has Children,2013,Fish,10
Medium,Graduation,Has Children,2014,Fish,2
High,Graduation,No Children,2013,Fish,173
High,Graduation,Has Children,2013,Fish,56
High,Graduation,Has Children,2014,Fish,128
High,Graduation,No Children,2013,Fish,123
High,Master,No Children,2014,Fish,17
Medium,Graduation,Has Children,2013,Fish,37
Medium,Graduation,Has Children,2014,Fish,0
Medium,Graduation,Has Children,2013,Fish,8
Medium,Graduation,Has Children,2013,Fish,4
Medium,Diploma,Has Children,2013,Fish,7
Low,Graduation,Has Children,2013,Fish,2
Medium,Diploma,No Children,2012,Fish,153
Medium,PhD,Has Children,2013,Fish,2
Medium,Graduation,Has Children,2014,Fish,0
Medium,Master,Has Children,2012,Fish,0
Low,Graduation,Has Children,2013,Fish,11
Low,PhD,Has Children,2012,Fish,10
High,Graduation,No Children,2014,Fish,106
Medium,Master,Has Children,2013,Fish,6
Medium,Graduation,Has Children,2013,Fish,20
Low,Graduation,Has Children,2012,Fish,3
Medium,Graduation,Has Children,2013,Fish,0
Medium,Graduation,No Children,2013,Fish,64
Low,Graduation,Has Children,2013,Fish,3
Medium,Graduation,Has Children,2014,Fish,4
High,PhD,No Children,2013,Fish,145
Medium,Master,Has Children,2013,Fish,13
High,Master,No Children,2013,Fish,94
High,Graduation,Has Children,2014,Fish,108
Low,Graduation,Has Children,2013,Fish,2
High,Diploma,No Children,2014,Fish,52
High,Graduation,No Children,2012,Fish,179
Medium,PhD,Has Children,2012,Fish,41
Medium,PhD,Has Children,2013,Fish,0
High,Diploma,Has Children,2014,Fish,33
Low,Graduation,Has Children,2013,Fish,3
Low,PhD,Has Children,2013,Fish,2
Low,Graduation,Has Children,2012,Fish,20
Medium,Graduation,No Children,2014,Fish,0
Medium,Master,Has Children,2013,Fish,0
Medium,Graduation,Has Children,2013,Fish,2
High,Graduation,Has Children,2012,Fish,208
Medium,Graduation,Has Children,2013,Fish,4
High,PhD,Has Children,2013,Fish,17
High,PhD,Has Children,2014,Fish,10
High,Graduation,No Children,2013,Fish,180
Medium,Graduation,Has Children,2013,Fish,13
High,Graduation,No Children,2013,Fish,40
Medium,Basic,No Children,2013,Fish,208
High,Graduation,No Children,2012,Fish,42
Medium,Diploma,Has Children,2013,Fish,2
Medium,Graduation,No Children,2013,Fish,15
Low,Graduation,Has Children,2013,Fish,4
Low,Graduation,Has Children,2014,Fish,0
Medium,Graduation,Has Children,2012,Fish,0
Low,Graduation,Has Children,2014,Fish,12
Medium,Master,Has Children,2013,Fish,4
Medium,Graduation,Has Children,2014,Fish,52
High,Master,Has Children,2014,Fish,45
High,PhD,Has Children,2013,Fish,69
Medium,Master,Has Children,2014,Fish,7
Low,Graduation,Has Children,2013,Fish,0
Low,Graduation,No Children,2013,Fish,4
Medium,Master,Has Children,2012,Fish,32
Low,Diploma,Has Children,2012,Fish,13
High,PhD,Has Children,2013,Fish,0
High,Graduation,Has Children,2013,Fish,46
Low,Graduation,Has Children,2013,Fish,0
Medium,Graduation,Has Children,2013,Fish,119
Medium,Graduation,Has Children,2013,Fish,28
High,Graduation,Has Children,2013,Fish,36
High,Graduation,Has Children,2012,Fish,93
High,Graduation,Has Children,2013,Fish,63
Medium,Graduation,Has Children,2013,Fish,15
High,Graduation,No Children,2013,Fish,201
Medium,Graduation,No Children,2013,Fish,55
High,Graduation,Has Children,2012,Fish,16
Low,Graduation,Has Children,2013,Fish,10
Medium,Master,Has Children,2013,Fish,3
Medium,Graduation,Has Children,2012,Fish,49
Medium,Graduation,Has Children,2013,Fish,4
Medium,Graduation,Has Children,2014,Fish,0
High,Graduation,No Children,2013,Fish,120
High,Graduation,Has Children,2012,Fish,210
High,Diploma,No Children,2013,Fish,73
Medium,Graduation,Has Children,2013,Fish,0
Medium,Graduation,Has Children,2013,Fish,6
High,Graduation,Has Children,2014,Fish,69
Medium,Master,Has Children,2014,Fish,0
Medium,Graduation,Has Children,2014,Fish,3
Low,Graduation,No Children,2013,Fish,12
High,Graduation,Has Children,2012,Fish,20
High,PhD,Has Children,2013,Fish,69
Medium,Graduation,Has Children,2013,Fish,0
Medium,Master,Has Children,2013,Fish,94
Medium,Graduation,Has Children,2013,Fish,20
Medium,PhD,Has Children,2013,Fish,0
High,PhD,No Children,2013,Fish,71
Medium,Graduation,Has Children,2013,Fish,0
High,Graduation,Has Children,2012,Fish,29
High,Graduation,Has Children,2013,Fish,23
Medium,Graduation,No Children,2013,Fish,17
High,PhD,Has Children,2012,Fish,21
Medium,Graduation,Has Children,2014,Fish,16
Medium,Graduation,Has Children,2013,Fish,2
Medium,Graduation,Has Children,2013,Fish,12
High,Graduation,Has Children,2013,Fish,103
Low,Graduation,Has Children,2013,Fish,0
Medium,PhD,No Children,2013,Fish,85
High,Graduation,No Children,2013,Fish,121
High,Graduation,Has Children,2014,Fish,13
Low,Master,Has Children,2013,Fish,0
Low,Basic,No Children,2014,Fish,34
Medium,Graduation,Has Children,2013,Fish,0
Medium,Master,Has Children,2013,Fish,0
Low,Graduation,Has Children,2012,Fish,38
Medium,Graduation,Has Children,2013,Fish,12
Medium,Graduation,Has Children,2012,Fish,13
High,Graduation,No Children,2013,Fish,33
Medium,Master,No Children,2013,Fish,164
Medium,Graduation,Has Children,2013,Fish,62
High,Diploma,No Children,2012,Fish,67
High,Graduation,Has Children,2014,Fish,114
Medium,Graduation,Has Children,2013,Fish,2
Medium,Master,Has Children,2013,Fish,2
Medium,Master,Has Children,2013,Fish,10
Low,Basic,No Children,2013,Fish,15
High,Graduation,Has Children,2014,Fish,24
High,Graduation,No Children,2012,Fish,212
Medium,Master,Has Children,2012,Fish,32
Medium,PhD,Has Children,2013,Fish,2
High,Graduation,No Children,2013,Fish,250
Medium,Graduation,Has Children,2013,Fish,8
High,Master,Has Children,2012,Fish,49
High,Graduation,Has Children,2012,Fish,33
Medium,Master,Has Children,2014,Fish,2
High,PhD,Has Children,2014,Fish,63
Low,Diploma,Has Children,2012,Fish,7
High,PhD,Has Children,2014,Fish,16
Low,Basic,No Children,2013,Fish,16
Low,Basic,Has Children,2012,Fish,3
Medium,Master,Has Children,2013,Fish,6
High,Graduation,Has Children,2012,Fish,0
Medium,Master,Has Children,2013,Fish,3
High,Graduation,No Children,2012,Fish,51
Medium,Graduation,Has Children,2013,Fish,56
Medium,PhD,No Children,2012,Fish,11
Medium,Graduation,Has Children,2014,Fish,2
Medium,Master,Has Children,2013,Fish,7
Medium,Master,Has Children,2013,Fish,20
High,Master,Has Children,2013,Fish,25
Low,Diploma,Has Children,2013,Fish,26
High,PhD,Has Children,2014,Fish,13
High,Master,No Children,2013,Fish,55
Low,Graduation,Has Children,2012,Fish,2
Medium,Master,Has Children,2012,Fish,12
Low,Diploma,Has Children,2013,Fish,0
Medium,Graduation,Has Children,2012,Fish,4
Medium,Diploma,Has Children,2012,Fish,136
Medium,Graduation,Has Children,2014,Fish,0
High,Graduation,No Children,2013,Fish,99
High,Graduation,Has Children,2013,Fish,19
High,PhD,No Children,2013,Fish,46
High,PhD,No Children,2012,Fish,0
Medium,Graduation,Has Children,2013,Fish,0
Medium,Graduation,Has Children,2013,Fish,7
High,Master,No Children,2013,Fish,50
Low,Basic,Has Children,2012,Fish,20
High,Master,No Children,2014,Fish,199
Medium,Graduation,Has Children,2014,Fish,4
Medium,Graduation,Has Children,2013,Fish,6
Low,Graduation,Has Children,2014,Fish,4
High,Master,Has Children,2014,Fish,4
Low,Master,Has Children,2012,Fish,4
Low,Graduation,Has Children,2014,Fish,3
Medium,Graduation,Has Children,2014,Fish,3
Medium,Graduation,Has Children,2013,Fish,8
Low,Graduation,No Children,2014,Fish,16
High,Graduation,Has Children,2014,Fish,0
High,Graduation,No Children,2013,Fish,47
Low,PhD,Has Children,2014,Fish,0
Medium,Master,Has Children,2014,Fish,0
High,PhD,Has Children,2013,Fish,15
Medium,PhD,Has Children,2013,Fish,3
Medium,Master,Has Children,2013,Fish,0
High,Graduation,No Children,2012,Fish,229
Low,Graduation,Has Children,2014,Fish,13
Medium,Graduation,Has Children,2013,Fish,6
Medium,Master,Has Children,2013,Fish,4
Medium,Diploma,Has Children,2014,Fish,4
Medium,Diploma,Has Children,2014,Fish,10
Medium,Master,Has Children,2014,Fish,4
Medium,PhD,Has Children,2014,Fish,19
Medium,Graduation,Has Children,2014,Fish,34
High,PhD,Has Children,2012,Fish,60
High,Graduation,Has Children,2014,Fish,4
Medium,Graduation,Has Children,2013,Fish,50
High,Diploma,No Children,2013,Fish,133
Low,Basic,Has Children,2013,Fish,8
Medium,PhD,Has Children,2013,Fish,4
High,Graduation,Has Children,2013,Fish,150
High,Master,No Children,2013,Fish,0
High,Graduation,No Children,2013,Fish,94
Medium,Graduation,Has Children,2013,Fish,0
High,Graduation,Has Children,2014,Fish,13
High,Diploma,No Children,2013,Fish,13
High,Graduation,Has Children,2014,Fish,192
High,Graduation,Has Children,2013,Fish,50
High,Graduation,Has Children,2014,Fish,0
High,PhD,No Children,2013,Fish,193
High,Master,No Children,2012,Fish,224
Medium,PhD,Has Children,2012,Fish,4
Medium,Graduation,Has Children,2013,Fish,30
Medium,Graduation,Has Children,2013,Fish,6
Low,Graduation,Has Children,2013,Fish,0
Medium,PhD,Has Children,2013,Fish,0
Medium,Graduation,No Children,2014,Fish,3
Low,Basic,Has Children,2013,Fish,12
Medium,Diploma,Has Children,2014,Fish,3
High,Graduation,Has Children,2013,Fish,62
High,Master,Has Children,2014,Fish,130
High,PhD,No Children,2014,Fish,59
High,Master,No Children,2014,Fish,199
Low,Basic,Has Children,2014,Fish,11
High,Master,No Children,2013,Fish,145
Medium,Graduation,Has Children,2013,Fish,0
Low,Graduation,No Children,2012,Fish,3
High,Diploma,No Children,2012,Fish,202
High,Graduation,Has Children,2012,Fish,52
Low,Master,Has Children,2013,Fish,4
Medium,Graduation,No Children,2014,Fish,10
Medium,Graduation,Has Children,2013,Fish,11
Medium,Graduation,Has Children,2013,Fish,13
Medium,Graduation,Has Children,2014,Fish,2
Low,Basic,Has Children,2013,Fish,21
Medium,Graduation,Has Children,2012,Fish,65
Medium,PhD,Has Children,2012,Fish,4
High,Graduation,Has Children,2013,Fish,71
Low,Graduation,No Children,2013,Fish,23
Medium,Graduation,Has Children,2012,Fish,0
High,Graduation,Has Children,2012,Fish,182
Medium,Graduation,Has Children,2014,Fish,0
Low,Basic,Has Children,2012,Fish,15
Medium,Graduation,Has Children,2013,Fish,0
Medium,Diploma,Has Children,2013,Fish,32
High,Graduation,No Children,2014,Fish,93
Medium,Master,Has Children,2014,Fish,2
High,Diploma,No Children,2012,Fish,72
Low,Graduation,Has Children,2013,Fish,1
Medium,Graduation,Has Children,2012,Fish,0
Low,Graduation,Has Children,2013,Fish,3
High,PhD,No Children,2014,Fish,149
Low,Graduation,Has Children,2013,Fish,0
Medium,Master,Has Children,2012,Fish,26
Medium,Graduation,Has Children,2013,Fish,11
High,Master,No Children,2013,Fish,69
Low,Diploma,Has Children,2013,Fish,3
Medium,Master,Has Children,2014,Fish,0
Medium,PhD,Has Children,2014,Fish,8
Medium,Graduation,Has Children,2012,Fish,38
High,Graduation,Has Children,2013,Fish,15
Medium,Graduation,Has Children,2013,Fish,4
Medium,Diploma,No Children,2012,Fish,12
Low,Graduation,Has Children,2014,Fish,20
Low,Graduation,Has Children,2013,Fish,7
Medium,Master,No Children,2012,Fish,13
Low,Graduation,No Children,2012,Fish,3
Medium,Graduation,Has Children,2013,Fish,6
High,Graduation,Has Children,2013,Fish,42
High,PhD,Has Children,2014,Fish,0
Medium,Graduation,No Children,2014,Fish,32
High,Master,Has Children,2014,Fish,80
Medium,PhD,Has Children,2012,Fish,2
Medium,Graduation,No Children,2012,Sweets,88
Medium,Graduation,Has Children,2014,Sweets,1
High,Graduation,No Children,2013,Sweets,21
Low,Graduation,Has Children,2014,Sweets,3
Medium,PhD,Has Children,2014,Sweets,27
High,Master,Has Children,2013,Sweets,42
Medium,Graduation,Has Children,2012,Sweets,49
Medium,PhD,Has Children,2013,Sweets,1
Medium,PhD,Has Children,2013,Sweets,3
Low,PhD,Has Children,2014,Sweets,1
Medium,Graduation,Has Children,2013,Sweets,2
Low,Basic,No Children,2012,Sweets,1
High,Graduation,No Children,2013,Sweets,112
Medium,Master,Has Children,2013,Sweets,5
Low,Graduation,No Children,2012,Sweets,1
High,PhD,No Children,2012,Sweets,68
Medium,Graduation,Has Children,2012,Sweets,13
Medium,Graduation,No Children,2012,Sweets,12
High,Master,Has Children,2013,Sweets,16
Medium,Diploma,Has Children,2012,Sweets,24
Medium,Graduation,No Children,2012,Sweets,38
Low,Graduation,Has Children,2013,Sweets,1
Medium,PhD,Has Children,2012,Sweets,0
High,PhD,Has Children,2014,Sweets,32
Medium,Graduation,Has Children,2013,Sweets,6
Low,Graduation,No Children,2013,Sweets,12
Medium,Graduation,Has Children,2013,Sweets,6
Medium,Graduation,Has Children,2013,Sweets,263
Medium,Graduation,Has Children,2013,Sweets,21
High,PhD,No Children,2013,Sweets,66
Low,Master,No Children,2014,Sweets,2
Medium,Master,No Children,2013,Sweets,22
Medium,Graduation,Has Children,2012,Sweets,0
Medium,PhD,Has Children,2012,Sweets,22
High,Master,No Children,2013,Sweets,68
Medium,Master,Has Children,2013,Sweets,1
High,PhD,Has Children,2013,Sweets,8
Low,Diploma,Has Children,2013,Sweets,7
Medium,Graduation,Has Children,2014,Sweets,0
Medium,PhD,No Children,2013,Sweets,49
High,Graduation,Has Children,2013,Sweets,178
Low,Master,Has Children,2013,Sweets,0
Low,Graduation,Has Children,2012,Sweets,1
Medium,PhD,No Children,2013,Sweets,2
Low,Master,Has Children,2013,Sweets,2
High,Graduation,No Children,2014,Sweets,30
Low,Diploma,No Children,2012,Sweets,22
Medium,Graduation,Has Children,2013,Sweets,5
Medium,Graduation,Has Children,2014,Sweets,10
High,PhD,Has Children,2012,Sweets,38
High,Graduation,Has Children,2014,Sweets,67
High,Master,No Children,2012,Sweets,167
Medium,Graduation,Has Children,2013,Sweets,1
High,Graduation,No Children,2014,Sweets,40
High,Graduation,Has Children,2013,Sweets,24
High,Master,No Children,2012,Sweets,120
High,Graduation,No Children,2013,Sweets,120
Low,Graduation,Has Children,2014,Sweets,1
Medium,Graduation,Has Children,2013,Sweets,2
Medium,PhD,Has Children,2014,Sweets,0
High,Master,No Children,2013,Sweets,13
High,Graduation,Has Children,2012,Sweets,18
High,Graduation,Has Children,2013,Sweets,14
High,PhD,Has Children,2013,Sweets,6
High,Graduation,No Children,2013,Sweets,122
Low,Graduation,Has Children,2013,Sweets,6
Medium,Graduation,Has Children,2014,Sweets,0
High,Diploma,Has Children,2014,Sweets,24
High,Graduation,Has Children,2013,Sweets,82
High,Graduation,Has Children,2013,Sweets,29
High,Master,No Children,2012,Sweets,60
Medium,Diploma,Has Children,2012,Sweets,4
High,Graduation,Has Children,2013,Sweets,37
High,PhD,Has Children,2013,Sweets,6
Low,Graduation,No Children,2014,Sweets,15
Medium,Graduation,Has Children,2012,Sweets,1
High,Master,No Children,2012,Sweets,18
High,Graduation,No Children,2012,Sweets,105
Low,Diploma,No Children,2013,Sweets,3
Medium,Graduation,No Children,2013,Sweets,0
Low,Graduation,Has Children,2012,Sweets,5
Low,Graduation,Has Children,2013,Sweets,0
Low,Diploma,Has Children,2013,Sweets,0
Medium,Master,No Children,2013,Sweets,22
High,Graduation,No Children,2014,Sweets,65
Low,Graduation,Has Children,2013,Sweets,4
Medium,Master,Has Children,2013,Sweets,0
Medium,Graduation,Has Children,2014,Sweets,3
High,Graduation,No Children,2014,Sweets,133
Medium,Graduation,Has Children,2014,Sweets,0
Medium,PhD,Has Children,2012,Sweets,37
Medium,Graduation,Has Children,2014,Sweets,0
Medium,Master,No Children,2013,Sweets,28
Medium,Master,Has Children,2014,Sweets,1
Low,PhD,Has Children,2014,Sweets,0
Medium,Graduation,Has Children,2014,Sweets,5
Medium,Graduation,Has Children,2012,Sweets,0
Medium,Graduation,Has Children,2013,Sweets,1
High,Diploma,No Children,2013,Sweets,0
Medium,PhD,No Children,2013,Sweets,61
Medium,Diploma,Has Children,2013,Sweets,1
Medium,PhD,Has Children,2014,Sweets,0
High,Graduation,Has Children,2013,Sweets,132
High,PhD,No Children,2013,Sweets,40
High,Graduation,No Children,2014,Sweets,26
Low,Basic,Has Children,2013,Sweets,0
Medium,Graduation,Has Children,2013,Sweets,1
Medium,Graduation,Has Children,2013,Sweets,98
Medium,Graduation,Has Children,2012,Sweets,4
High,Master,No Children,2012,Sweets,22
High,Graduation,Has Children,2013,Sweets,35
High,PhD,No Children,2012,Sweets,51
Medium,Master,Has Children,2014,Sweets,0
High,Graduation,No Children,2013,Sweets,20
Medium,PhD,Has Children,2012,Sweets,0
Medium,Graduation,Has Children,2013,Sweets,1
High,Graduation,No Children,2014,Sweets,82
Medium,Diploma,Has Children,2013,Sweets,103
Medium,Diploma,Has Children,2013,Sweets,9
Low,Graduation,Has Children,2013,Sweets,5
Medium,Master,Has Children,2013,Sweets,72
Medium,Master,Has Children,2014,Sweets,4
Low,Master,Has Children,2013,Sweets,4
Medium,Graduation,Has Children,2013,Sweets,3
High,Graduation,No Children,2013,Sweets,72
High,Diploma,No Children,2013,Sweets,28
High,Graduation,No Children,2013,Sweets,0
Medium,Master,Has Children,2014,Sweets,0
Medium,PhD,Has Children,2013,Sweets,0
High,PhD,Has Children,2014,Sweets,12
High,Graduation,Has Children,2013,Sweets,89
High,Master,Has Children,2013,Sweets,5
High,Graduation,No Children,2014,Sweets,41
Medium,Graduation,Has Children,2013,Sweets,71
Medium,PhD,Has Children,2013,Sweets,0
High,PhD,No Children,2013,Sweets,44
Low,Basic,Has Children,2012,Sweets,6
Medium,PhD,Has Children,2013,Sweets,0
Medium,PhD,Has Children,2014,Sweets,2
Medium,PhD,Has Children,2013,Sweets,1
High,Master,No Children,2012,Sweets,61
High,Master,Has Children,2013,Sweets,20
High,Graduation,No Children,2013,Sweets,40
High,PhD,Has Children,2013,Sweets,33
Medium,Graduation,Has Children,2013,Sweets,16
Medium,Graduation,Has Children,2012,Sweets,41
Low,Graduation,Has Children,2012,Sweets,11
Medium,Graduation,Has Children,2013,Sweets,1
Medium,Diploma,Has Children,2012,Sweets,1
Medium,Master,No Children,2014,Sweets,20
Medium,Master,Has Children,2014,Sweets,13
High,Graduation,Has Children,2014,Sweets,13
Medium,Diploma,Has Children,2012,Sweets,20
Medium,Graduation,Has Children,2014,Sweets,14
High,PhD,Has Children,2012,Sweets,0
High,Graduation,No Children,2013,Sweets,13
Medium,Graduation,Has Children,2013,Sweets,12
High,Graduation,Has Children,2013,Sweets,0
Medium,Graduation,Has Children,2013,Sweets,28
High,Graduation,No Children,2013,Sweets,91
Medium,Master,Has Children,2013,Sweets,0
High,PhD,No Children,2012,Sweets,16
Low,Graduation,Has Children,2014,Sweets,4
High,PhD,No Children,2013,Sweets,12
Medium,Graduation,Has Children,2013,Sweets,3
High,Graduation,No Children,2013,Sweets,21
Medium,Graduation,No Children,2013,Sweets,0
High,Graduation,No Children,2013,Sweets,76
Low,Graduation,Has Children,2014,Sweets,17
Medium,Graduation,Has Children,2014,Sweets,1
Low,Graduation,Has Children,2013,Sweets,8
Medium,Graduation,Has Children,2014,Sweets,3
Medium,PhD,Has Children,2014,Sweets,0
Medium,Graduation,Has Children,2014,Sweets,0
High,PhD,Has Children,2012,Sweets,71
High,PhD,No Children,2012,Sweets,89
Medium,PhD,Has Children,2014,Sweets,0
Medium,Graduation,Has Children,2014,Sweets,0
High,Diploma,No Children,2013,Sweets,0
Medium,PhD,Has Children,2014,Sweets,5
Low,Diploma,Has Children,2014,Sweets,12
High,Master,No Children,2013,Sweets,17
Medium,Master,Has Children,2014,Sweets,0
Low,Basic,No Children,2014,Sweets,14
Low,Graduation,Has Children,2012,Sweets,4
Medium,PhD,Has Children,2014,Sweets,0
High,Graduation,Has Children,2013,Sweets,9
High,Graduation,No Children,2013,Sweets,76
Medium,PhD,Has Children,2013,Sweets,0
Low,Basic,Has Children,2012,Sweets,0
High,PhD,No Children,2013,Sweets,113
Medium,Graduation,Has Children,2013,Sweets,19
Medium,Graduation,Has Children,2013,Sweets,9
Medium,Graduation,Has Children,2013,Sweets,1
High,Master,No Children,2014,Sweets,16
High,Graduation,No Children,2013,Sweets,173
High,Graduation,No Children,2013,Sweets,33
Medium,PhD,Has Children,2014,Sweets,1
High,Graduation,Has Children,2014,Sweets,4
High,Graduation,No Children,2013,Sweets,23
High,Graduation,Has Children,2013,Sweets,87
High,PhD,No Children,2012,Sweets,176
Medium,PhD,Has Children,2013,Sweets,0
Low,Master,No Children,2012,Sweets,2
Low,Graduation,Has Children,2013,Sweets,6
Medium,Master,Has Children,2013,Sweets,13
Medium,Graduation,Has Children,2014,Sweets,0
High,Graduation,Has Children,2012,Sweets,32
Medium,Graduation,Has Children,2013,Sweets,4
High,Graduation,No Children,2014,Sweets,102
Medium,PhD,Has Children,2012,Sweets,0
Medium,Master,Has Children,2013,Sweets,9
High,Graduation,No Children,2013,Sweets,87
Medium,Graduation,Has Children,2014,Sweets,19
Medium,Diploma,Has Children,2014,Sweets,0
High,Master,No Children,2013,Sweets,48
Medium,Master,Has Children,2013,Sweets,0
High,Graduation,Has Children,2012,Sweets,32
Medium,Diploma,Has Children,2014,Sweets,1
High,Graduation,No Children,2013,Sweets,30
High,PhD,Has Children,2014,Sweets,0
Medium,PhD,Has Children,2013,Sweets,1
High,Graduation,Has Children,2012,Sweets,11
Medium,Graduation,Has Children,2013,Sweets,1
Medium,Graduation,Has Children,2012,Sweets,11
Medium,Graduation,Has Children,2012,Sweets,0
High,PhD,No Children,2012,Sweets,51
Medium,PhD,Has Children,2014,Sweets,0
Medium,Graduation,Has Children,2013,Sweets,15
High,Diploma,Has Children,2013,Sweets,138
Medium,Graduation,Has Children,2013,Sweets,3
Low,Graduation,No Children,2014,Sweets,0
High,PhD,Has Children,2013,Sweets,10
Low,Diploma,Has Children,2013,Sweets,8
Low,Master,Has Children,2013,Sweets,0
High,PhD,Has Children,2013,Sweets,35
Low,Graduation,Has Children,2013,Sweets,7
High,Graduation,No Children,2013,Sweets,163
High,Graduation,Has Children,2012,Sweets,124
Low,Graduation,Has Children,2013,Sweets,1
High,Graduation,No Children,2013,Sweets,13
High,Graduation,Has Children,2012,Sweets,28
Medium,PhD,Has Children,2014,Sweets,0
High,Graduation,Has Children,2013,Sweets,0
High,Graduation,Has Children,2013,Sweets,12
High,PhD,No Children,2012,Sweets,38
High,Master,Has Children,2012,Sweets,70
Medium,Master,Has Children,2013,Sweets,1
Low,Graduation,Has Children,2013,Sweets,2
High,Graduation,No Children,2013,Sweets,172
Low,Diploma,No Children,2012,Sweets,20
High,Graduation,Has Children,2012,Sweets,42
Medium,PhD,Has Children,2012,Sweets,0
High,PhD,Has Children,2012,Sweets,10
Medium,Graduation,Has Children,2012,Sweets,24
Low,Graduation,Has Children,2013,Sweets,6
Medium,PhD,Has Children,2013,Sweets,0
Low,Graduation,Has Children,2012,Sweets,3
High,PhD,Has Children,2013,Sweets,0
Medium,Master,Has Children,2014,Sweets,13
Medium,PhD,Has Children,2012,Sweets,1
Medium,Master,Has Children,2013,Sweets,2
Medium,Master,Has Children,2013,Sweets,2
High,Graduation,No Children,2014,Sweets,84
Medium,PhD,Has Children,2012,Sweets,1
High,Graduation,No Children,2013,Sweets,149
Low,Graduation,Has Children,2013,Sweets,2
High,Graduation,No Children,2012,Sweets,73
Medium,Master,Has Children,2014,Sweets,8
High,PhD,Has Children,2014,Sweets,2
Low,Graduation,Has Children,2014,Sweets,7
Medium,Graduation,Has Children,2013,Sweets,7
High,PhD,Has Children,2013,Sweets,22
High,Graduation,No Children,2013,Sweets,92
High,Master,No Children,2014,Sweets,22
High,PhD,No Children,2013,Sweets,130
High,Master,Has Children,2013,Sweets,7
Low,Basic,Has Children,2013,Sweets,25
Medium,Graduation,Has Children,2012,Sweets,11
Medium,Graduation,No Children,2012,Sweets,12
High,PhD,Has Children,2014,Sweets,15
Medium,Master,Has Children,2014,Sweets,0
Medium,Graduation,Has Children,2013,Sweets,5
High,Graduation,No Children,2013,Sweets,74
Medium,Master,Has Children,2013,Sweets,114
High,Graduation,No Children,2014,Sweets,141
Medium,Master,No Children,2013,Sweets,3
Medium,Diploma,No Children,2013,Sweets,9
Medium,Graduation,Has Children,2013,Sweets,8
High,Graduation,No Children,2012,Sweets,21
Low,Graduation,Has Children,2014,Sweets,1
Low,Graduation,Has Children,2013,Sweets,4
Medium,Master,Has Children,2012,Sweets,13
Medium,Diploma,Has Children,2013,Sweets,3
Medium,Master,Has Children,2013,Sweets,4
High,Graduation,No Children,2013,Sweets,54
Medium,PhD,Has Children,2014,Sweets,0
Medium,Graduation,Has Children,2014,Sweets,2
Medium,Diploma,Has Children,2013,Sweets,0
Medium,PhD,Has Children,2014,Sweets,3
Medium,Graduation,Has Children,2014,Sweets,13
Low,Graduation,Has Children,2013,Sweets,3
High,Master,No Children,2013,Sweets,147
Low,Graduation,No Children,2012,Sweets,23
High,Graduation,No Children,2014,Sweets,45
High,Master,Has Children,2013,Sweets,0
Medium,Master,No Children,2013,Sweets,4
Low,Graduation,Has Children,2014,Sweets,12
Low,Graduation,Has Children,2013,Sweets,0
Medium,Graduation,No Children,2013,Sweets,30
High,Master,No Children,2013,Sweets,44
Medium,Graduation,Has Children,2013,Sweets,2
Low,Master,Has Children,2014,Sweets,0
Medium,Graduation,Has Children,2013,Sweets,0
High,Graduation,Has Children,2012,Sweets,3
Medium,Graduation,Has Children,2013,Sweets,1
Medium,Graduation,Has Children,2013,Sweets,50
High,Graduation,Has Children,2013,Sweets,29
Medium,Graduation,Has Children,2013,Sweets,2
Medium,PhD,Has Children,2014,Sweets,0
High,PhD,Has Children,2013,Sweets,12
Medium,Graduation,Has Children,2013,Sweets,23
High,Graduation,No Children,2013,Sweets,45
Low,PhD,Has Children,2013,Sweets,2
Low,Graduation,Has Children,2013,Sweets,1
Medium,PhD,Has Children,2013,Sweets,0
Low,PhD,Has Children,2013,Sweets,5
Low,Graduation,Has Children,2013,Sweets,0
Medium,PhD,No Children,2013,Sweets,0
High,PhD,Has Children,2013,Sweets,0
Medium,Master,Has Children,2013,Sweets,2
Low,Graduation,Has Children,2013,Sweets,0
High,Graduation,Has Children,2012,Sweets,46
High,Graduation,No Children,2012,Sweets,97
Medium,Graduation,Has Children,2012,Sweets,2
High,Graduation,No Children,2013,Sweets,25
High,Graduation,No Children,2012,Sweets,118
Medium,Graduation,No Children,2013,Sweets,3
Medium,PhD,Has Children,2012,Sweets,0
Medium,PhD,Has Children,2013,Sweets,14
Low,Basic,Has Children,2013,Sweets,1
High,Graduation,No Children,2013,Sweets,153
Medium,Graduation,Has Children,2013,Sweets,0
High,Graduation,No Children,2014,Sweets,189
Medium,Graduation,Has Children,2012,Sweets,3
Medium,Master,Has Children,2014,Sweets,0
High,Graduation,Has Children,2013,Sweets,33
High,Graduation,Has Children,2013,Sweets,107
High,PhD,No Children,2013,Sweets,30
High,Graduation,No Children,2012,Sweets,0
Medium,PhD,Has Children,2012,Sweets,0
Medium,Graduation,Has Children,2013,Sweets,1
Medium,Graduation,Has Children,2013,Sweets,0
High,PhD,No Children,2012,Sweets,128
High,Master,No Children,2013,Sweets,0
Medium,PhD,Has Children,2013,Sweets,19
High,Graduation,No Children,2012,Sweets,163
High,PhD,Has Children,2014,Sweets,0
Low,Graduation,Has Children,2014,Sweets,8
Medium,PhD,Has Children,2012,Sweets,1
Medium,Graduation,Has Children,2012,Sweets,8
Medium,Graduation,Has Children,2012,Sweets,27
High,Graduation,No Children,2013,Sweets,42
Medium,Graduation,Has Children,2013,Sweets,11
High,Graduation,No Children,2012,Sweets,133
Medium,PhD,Has Children,2012,Sweets,9
Medium,Diploma,Has Children,2014,Sweets,6
Medium,Graduation,Has Children,2012,Sweets,2
Low,Master,Has Children,2013,Sweets,1
High,Graduation,Has Children,2012,Sweets,12
Medium,PhD,Has Children,2013,Sweets,3
Medium,Master,Has Children,2012,Sweets,0
Low,Graduation,No Children,2013,Sweets,2
Medium,Graduation,Has Children,2012,Sweets,4
High,PhD,Has Children,2013,Sweets,24
Medium,Graduation,Has Children,2013,Sweets,12
Medium,PhD,Has Children,2013,Sweets,0
Low,Graduation,Has Children,2013,Sweets,2
Low,Graduation,No Children,2012,Sweets,40
Medium,Diploma,Has Children,2012,Sweets,1
Medium,Master,Has Children,2014,Sweets,0
Low,Graduation,Has Children,2013,Sweets,4
Medium,Master,Has Children,2013,Sweets,3
High,Graduation,Has Children,2012,Sweets,50
Medium,Graduation,Has Children,2012,Sweets,8
High,PhD,Has Children,2013,Sweets,21
High,Graduation,No Children,2014,Sweets,134
High,Master,Has Children,2013,Sweets,13
High,Graduation,No Children,2014,Sweets,91
Medium,PhD,No Children,2013,Sweets,9
High,Master,Has Children,2014,Sweets,7
High,PhD,No Children,2013,Sweets,30
Medium,Graduation,Has Children,2012,Sweets,3
Low,Graduation,Has Children,2012,Sweets,2
Low,Graduation,Has Children,2012,Sweets,6
Low,Diploma,Has Children,2012,Sweets,36
Medium,Diploma,Has Children,2013,Sweets,8
High,Graduation,No Children,2012,Sweets,42
Medium,Graduation,Has Children,2013,Sweets,8
Medium,Graduation,No Children,2013,Sweets,20
Medium,PhD,Has Children,2013,Sweets,0
Medium,Graduation,Has Children,2014,Sweets,2
Low,PhD,Has Children,2012,Sweets,9
High,PhD,Has Children,2014,Sweets,7
Medium,PhD,Has Children,2013,Sweets,3
Medium,Graduation,Has Children,2012,Sweets,9
Low,Diploma,Has Children,2012,Sweets,7
Medium,Graduation,Has Children,2012,Sweets,150
High,PhD,Has Children,2013,Sweets,29
Medium,Graduation,Has Children,2012,Sweets,78
High,Graduation,Has Children,2013,Sweets,22
High,PhD,No Children,2014,Sweets,0
Low,Diploma,Has Children,2013,Sweets,6
High,Graduation,No Children,2014,Sweets,26
High,Graduation,No Children,2013,Sweets,137
Medium,Master,Has Children,2013,Sweets,0
Medium,PhD,Has Children,2014,Sweets,1
Medium,Graduation,Has Children,2014,Sweets,5
Low,Master,Has Children,2014,Sweets,1
High,Master,No Children,2013,Sweets,91
High,PhD,No Children,2013,Sweets,0
Medium,Graduation,Has Children,2013,Sweets,0
High,Graduation,No Children,2014,Sweets,103
High,Graduation,Has Children,2014,Sweets,34
Low,Diploma,Has Children,2014,Sweets,6
High,Graduation,Has Children,2013,Sweets,172
High,PhD,No Children,2013,Sweets,16
Medium,Graduation,Has Children,2012,Sweets,4
High,Diploma,Has Children,2013,Sweets,95
High,Graduation,Has Children,2013,Sweets,38
Medium,Graduation,Has Children,2014,Sweets,3
Medium,Master,Has Children,2013,Sweets,0
High,Graduation,Has Children,2013,Sweets,28
Medium,Master,Has Children,2013,Sweets,0
Medium,PhD,Has Children,2013,Sweets,1
Low,Diploma,Has Children,2013,Sweets,6
Low,Graduation,Has Children,2013,Sweets,0
Medium,PhD,Has Children,2013,Sweets,0
Low,Graduation,No Children,2013,Sweets,3
Medium,Graduation,Has Children,2012,Sweets,4
Low,Diploma,No Children,2014,Sweets,6
Low,Graduation,No Children,2013,Sweets,12
Medium,Master,Has Children,2013,Sweets,5
High,Graduation,No Children,2013,Sweets,156
Low,Graduation,Has Children,2013,Sweets,0
Medium,PhD,Has Children,2013,Sweets,66
Medium,Graduation,Has Children,2013,Sweets,24
Medium,Graduation,Has Children,2013,Sweets,47
Medium,Master,Has Children,2013,Sweets,2
High,Diploma,Has Children,2013,Sweets,19
High,Graduation,Has Children,2012,Sweets,47
Medium,Graduation,Has Children,2012,Sweets,3
High,Diploma,No Children,2012,Sweets,194
Medium,Master,Has Children,2013,Sweets,17
Medium,Graduation,Has Children,2014,Sweets,23
High,Diploma,No Children,2012,Sweets,96
High,Graduation,Has Children,2014,Sweets,16
High,Graduation,No Children,2013,Sweets,191
Medium,PhD,Has Children,2014,Sweets,1
High,Graduation,No Children,2014,Sweets,84
Medium,Graduation,Has Children,2014,Sweets,15
High,PhD,No Children,2014,Sweets,38
High,PhD,No Children,2013,Sweets,34
Medium,Graduation,Has Children,2012,Sweets,0
Medium,Graduation,Has Children,2014,Sweets,5
Medium,PhD,Has Children,2012,Sweets,8
High,Graduation,Has Children,2013,Sweets,192
Medium,Graduation,Has Children,2013,Sweets,2
Medium,PhD,Has Children,2012,Sweets,8
Medium,Graduation,Has Children,2013,Sweets,0
Low,Graduation,Has Children,2014,Sweets,1
High,Graduation,Has Children,2013,Sweets,75
Medium,PhD,Has Children,2014,Sweets,0
Medium,Master,Has Children,2014,Sweets,4
High,PhD,Has Children,2012,Sweets,0
Medium,Graduation,Has Children,2012,Sweets,0
Medium,Master,Has Children,2013,Sweets,1
Medium,Master,Has Children,2013,Sweets,10
Medium,Graduation,Has Children,2012,Sweets,11
Medium,Graduation,Has Children,2013,Sweets,2
High,Master,No Children,2012,Sweets,74
High,PhD,No Children,2012,Sweets,37
High,Master,Has Children,2013,Sweets,20
High,Graduation,Has Children,2013,Sweets,6
Low,Graduation,Has Children,2014,Sweets,1
Low,Diploma,No Children,2012,Sweets,29
High,PhD,Has Children,2012,Sweets,76
Medium,Graduation,Has Children,2012,Sweets,5
High,Graduation,No Children,2013,Sweets,50
Medium,Master,Has Children,2013,Sweets,0
Medium,PhD,No Children,2013,Sweets,0
Medium,Master,Has Children,2013,Sweets,19
Medium,Graduation,Has Children,2014,Sweets,0
High,PhD,Has Children,2013,Sweets,35
High,PhD,Has Children,2014,Sweets,28
High,Graduation,No Children,2013,Sweets,14
Low,Graduation,Has Children,2012,Sweets,0
Medium,Master,Has Children,2013,Sweets,0
Low,Basic,No Children,2012,Sweets,62
High,PhD,Has Children,2012,Sweets,38
Medium,Master,Has Children,2013,Sweets,0
Medium,Graduation,No Children,2012,Sweets,10
High,Graduation,Has Children,2013,Sweets,36
High,Graduation,No Children,2013,Sweets,40
Medium,Graduation,No Children,2013,Sweets,10
High,Graduation,Has Children,2012,Sweets,26
Medium,PhD,Has Children,2013,Sweets,1
High,Graduation,Has Children,2013,Sweets,58
Medium,Graduation,Has Children,2013,Sweets,10
High,Master,No Children,2014,Sweets,129
Medium,PhD,Has Children,2013,Sweets,6
High,Master,No Children,2013,Sweets,61
Medium,Graduation,Has Children,2013,Sweets,3
Low,Graduation,Has Children,2013,Sweets,1
High,Graduation,No Children,2013,Sweets,21
High,Master,No Children,2014,Sweets,38
Medium,Graduation,Has Children,2014,Sweets,0
High,Master,No Children,2014,Sweets,14
Medium,Graduation,No Children,2013,Sweets,17
High,Graduation,No Children,2012,Sweets,33
Low,Graduation,Has Children,2012,Sweets,12
Medium,Graduation,Has Children,2012,Sweets,6
High,PhD,No Children,2013,Sweets,25
Medium,Master,No Children,2014,Sweets,31
High,Graduation,No Children,2012,Sweets,17
Medium,PhD,Has Children,2013,Sweets,27
Medium,Diploma,Has Children,2013,Sweets,57
High,Graduation,Has Children,2013,Sweets,54
Medium,Master,Has Children,2014,Sweets,0
High,Graduation,Has Children,2013,Sweets,9
Low,Graduation,Has Children,2013,Sweets,2
Medium,Master,Has Children,2013,Sweets,0
Medium,Graduation,Has Children,2014,Sweets,0
High,Graduation,No Children,2014,Sweets,60
Medium,Diploma,Has Children,2013,Sweets,54
Low,Master,Has Children,2013,Sweets,5
Low,Diploma,Has Children,2013,Sweets,3
Medium,Graduation,Has Children,2012,Sweets,19
Medium,PhD,Has Children,2012,Sweets,3
High,PhD,No Children,2013,Sweets,19
Medium,Graduation,Has Children,2013,Sweets,108
Low,Diploma,Has Children,2014,Sweets,7
High,Graduation,No Children,2014,Sweets,107
Medium,Graduation,Has Children,2013,Sweets,12
Low,Graduation,Has Children,2014,Sweets,1
Low,Master,Has Children,2014,Sweets,0
Medium,Diploma,Has Children,2014,Sweets,4
Low,Graduation,Has Children,2014,Sweets,0
High,PhD,Has Children,2014,Sweets,4
Low,Graduation,No Children,2013,Sweets,21
High,Master,No Children,2013,Sweets,123
Medium,Graduation,Has Children,2012,Sweets,6
Medium,PhD,Has Children,2013,Sweets,45
High,Graduation,No Children,2013,Sweets,185
Low,Diploma,No Children,2013,Sweets,8
High,Graduation,Has Children,2013,Sweets,57
Medium,Graduation,Has Children,2013,Sweets,8
High,Graduation,No Children,2013,Sweets,134
High,Master,Has Children,2013,Sweets,0
High,Diploma,Has Children,2014,Sweets,121
Medium,PhD,Has Children,2013,Sweets,6
Medium,PhD,Has Children,2014,Sweets,2
High,Graduation,Has Children,2012,Sweets,40
Low,Master,Has Children,2013,Sweets,0
Medium,Graduation,Has Children,2013,Sweets,0
Medium,Graduation,Has Children,2012,Sweets,0
Medium,Graduation,Has Children,2012,Sweets,10
Medium,PhD,Has Children,2014,Sweets,0
Medium,Diploma,Has Children,2013,Sweets,24
High,PhD,Has Children,2013,Sweets,10
Medium,Master,Has Children,2013,Sweets,0
High,PhD,Has Children,2013,Sweets,0
Medium,Graduation,Has Children,2014,Sweets,0
Low,Graduation,Has Children,2013,Sweets,2
Medium,PhD,Has Children,2013,Sweets,0
Medium,Master,Has Children,2013,Sweets,2
Medium,PhD,Has Children,2012,Sweets,0
Medium,Graduation,Has Children,2013,Sweets,6
Medium,Diploma,Has Children,2013,Sweets,6
Low,Master,No Children,2013,Sweets,11
Medium,Graduation,Has Children,2014,Sweets,0
Low,Diploma,Has Children,2014,Sweets,2
High,Graduation,No Children,2012,Sweets,0
High,Master,Has Children,2013,Sweets,47
Medium,Graduation,Has Children,2014,Sweets,4
Low,Graduation,No Children,2013,Sweets,5
Medium,PhD,Has Children,2012,Sweets,4
High,Master,No Children,2012,Sweets,163
High,Master,No Children,2013,Sweets,127
Medium,Graduation,Has Children,2014,Sweets,2
Medium,PhD,No Children,2013,Sweets,34
Low,Master,Has Children,2013,Sweets,10
Low,Graduation,Has Children,2012,Sweets,1
Medium,Master,Has Children,2013,Sweets,0
Low,Diploma,Has Children,2013,Sweets,9
Medium,Graduation,Has Children,2012,Sweets,8
Medium,Graduation,Has Children,2013,Sweets,0
High,Graduation,Has Children,2012,Sweets,21
High,Graduation,No Children,2013,Sweets,75
High,PhD,Has Children,2012,Sweets,5
Medium,Master,Has Children,2013,Sweets,2
Low,Master,Has Children,2012,Sweets,3
Medium,Graduation,Has Children,2014,Sweets,0
Low,Graduation,Has Children,2013,Sweets,5
Medium,Basic,Has Children,2012,Sweets,2
High,Graduation,No Children,2014,Sweets,22
Low,Master,No Children,2013,Sweets,18
Medium,Master,No Children,2013,Sweets,0
Low,Basic,Has Children,2012,Sweets,7
Low,Graduation,Has Children,2013,Sweets,0
Medium,PhD,No Children,2012,Sweets,49
Medium,Graduation,Has Children,2013,Sweets,17
Medium,Master,Has Children,2013,Sweets,0
Medium,Graduation,Has Children,2013,Sweets,5
Medium,Master,Has Children,2012,Sweets,11
Medium,PhD,Has Children,2013,Sweets,0
Medium,Graduation,No Children,2013,Sweets,15
High,Graduation,No Children,2014,Sweets,17
Medium,Diploma,Has Children,2013,Sweets,4
High,Diploma,No Children,2013,Sweets,35
Low,Graduation,Has Children,2013,Sweets,1
High,Graduation,Has Children,2013,Sweets,31
High,Graduation,Has Children,2012,Sweets,125
Medium,PhD,Has Children,2012,Sweets,1
Low,Graduation,Has Children,2012,Sweets,3
High,PhD,Has Children,2013,Sweets,30
High,PhD,No Children,2014,Sweets,18
High,Diploma,Has Children,2014,Sweets,121
Medium,Diploma,No Children,2014,Sweets,1
High,Graduation,No Children,2013,Sweets,198
Medium,Graduation,Has Children,2014,Sweets,0
High,Graduation,No Children,2013,Sweets,54
Medium,Graduation,Has Children,2013,Sweets,44
High,Master,Has Children,2012,Sweets,41
High,Graduation,Has Children,2013,Sweets,43
High,Graduation,Has Children,2012,Sweets,50
High,PhD,No Children,2014,Sweets,0
High,PhD,Has Children,2012,Sweets,12
Medium,Graduation,Has Children,2013,Sweets,3
High,Master,No Children,2013,Sweets,42
Medium,PhD,Has Children,2013,Sweets,11
High,Graduation,No Children,2013,Sweets,21
Medium,Master,Has Children,2013,Sweets,4
High,Master,Has Children,2014,Sweets,50
High,Graduation,Has Children,2013,Sweets,31
High,Master,No Children,2014,Sweets,115
Low,Graduation,Has Children,2012,Sweets,3
High,Graduation,Has Children,2012,Sweets,80
Medium,PhD,Has Children,2014,Sweets,1
Medium,Graduation,Has Children,2012,Sweets,0
High,Graduation,Has Children,2014,Sweets,6
Low,Diploma,No Children,2012,Sweets,20
High,PhD,Has Children,2013,Sweets,82
Medium,PhD,Has Children,2013,Sweets,1
Medium,Graduation,Has Children,2012,Sweets,11
Low,Graduation,Has Children,2013,Sweets,2
Medium,Graduation,Has Children,2013,Sweets,98
Low,Basic,No Children,2012,Sweets,7
Low,Master,No Children,2013,Sweets,2
Low,Graduation,No Children,2012,Sweets,4
Medium,PhD,Has Children,2013,Sweets,0
Low,Basic,Has Children,2013,Sweets,3
Low,PhD,Has Children,2013,Sweets,0
Medium,Diploma,Has Children,2013,Sweets,9
Medium,PhD,Has Children,2013,Sweets,51
Medium,Master,Has Children,2013,Sweets,14
High,Graduation,Has Children,2012,Sweets,106
High,Graduation,Has Children,2013,Sweets,101
Medium,PhD,Has Children,2012,Sweets,9
Low,Graduation,Has Children,2014,Sweets,3
High,PhD,Has Children,2012,Sweets,12
High,Graduation,No Children,2014,Sweets,43
Medium,Diploma,Has Children,2013,Sweets,1
High,PhD,No Children,2013,Sweets,110
High,Graduation,Has Children,2013,Sweets,23
High,Graduation,No Children,2012,Sweets,134
Medium,Diploma,No Children,2013,Sweets,61
Medium,Graduation,Has Children,2013,Sweets,6
High,Graduation,No Children,2013,Sweets,32
High,PhD,Has Children,2013,Sweets,48
High,PhD,No Children,2012,Sweets,102
High,PhD,No Children,2014,Sweets,40
High,PhD,No Children,2013,Sweets,9
Medium,PhD,Has Children,2012,Sweets,0
High,Graduation,No Children,2013,Sweets,49
Medium,Master,Has Children,2013,Sweets,11
Low,Basic,No Children,2013,Sweets,7
Medium,Master,Has Children,2013,Sweets,2
High,Master,Has Children,2013,Sweets,3
Medium,Graduation,No Children,2014,Sweets,0
Low,PhD,Has Children,2013,Sweets,3
Medium,Graduation,No Children,2013,Sweets,83
High,Graduation,No Children,2014,Sweets,22
High,Graduation,Has Children,2013,Sweets,26
High,Graduation,Has Children,2014,Sweets,64
High,Graduation,Has Children,2014,Sweets,12
High,Master,No Children,2014,Sweets,16
Medium,Master,Has Children,2013,Sweets,14
High,Graduation,Has Children,2013,Sweets,107
Medium,PhD,Has Children,2014,Sweets,2
Medium,Graduation,Has Children,2013,Sweets,6
High,PhD,Has Children,2013,Sweets,0
Medium,Master,Has Children,2013,Sweets,2
Low,Graduation,Has Children,2013,Sweets,2
Medium,Master,Has Children,2012,Sweets,0
Medium,Graduation,Has Children,2013,Sweets,14
Medium,Graduation,No Children,2013,Sweets,21
Medium,Graduation,Has Children,2013,Sweets,8
High,PhD,No Children,2012,Sweets,160
High,Diploma,No Children,2012,Sweets,138
Low,Graduation,Has Children,2013,Sweets,5
Medium,Graduation,Has Children,2013,Sweets,122
Medium,Graduation,Has Children,2014,Sweets,0
High,Master,Has Children,2012,Sweets,28
Medium,Graduation,No Children,2013,Sweets,28
Low,PhD,Has Children,2014,Sweets,1
High,Graduation,No Children,2013,Sweets,166
Low,Graduation,Has Children,2012,Sweets,7
Medium,Graduation,Has Children,2014,Sweets,0
High,Graduation,No Children,2013,Sweets,76
High,Master,No Children,2014,Sweets,58
Medium,Master,Has Children,2013,Sweets,3
High,Graduation,No Children,2013,Sweets,28
Medium,PhD,Has Children,2013,Sweets,0
Medium,PhD,Has Children,2012,Sweets,0
High,Graduation,Has Children,2013,Sweets,24
Medium,PhD,Has Children,2013,Sweets,2
High,Graduation,Has Children,2013,Sweets,28
High,Graduation,No Children,2014,Sweets,50
High,Graduation,Has Children,2013,Sweets,136
High,Master,Has Children,2014,Sweets,18
Low,Basic,Has Children,2013,Sweets,4
High,Graduation,Has Children,2012,Sweets,24
High,PhD,Has Children,2013,Sweets,21
Medium,Master,Has Children,2013,Sweets,3
Medium,PhD,Has Children,2014,Sweets,0
Medium,Diploma,Has Children,2013,Sweets,8
High,Graduation,No Children,2014,Sweets,31
High,Graduation,No Children,2013,Sweets,31
Low,Diploma,Has Children,2013,Sweets,8
High,Graduation,No Children,2014,Sweets,106
Medium,Graduation,Has Children,2013,Sweets,3
High,Diploma,No Children,2014,Sweets,34
High,PhD,No Children,2013,Sweets,56
Medium,PhD,Has Children,2013,Sweets,4
Medium,Graduation,Has Children,2013,Sweets,98
High,Graduation,No Children,2013,Sweets,27
High,Graduation,No Children,2014,Sweets,80
High,Diploma,No Children,2013,Sweets,116
High,PhD,Has Children,2012,Sweets,12
Medium,Graduation,Has Children,2013,Sweets,0
Medium,Master,Has Children,2013,Sweets,4
Medium,PhD,Has Children,2014,Sweets,0
Medium,Diploma,Has Children,2013,Sweets,5
High,Graduation,Has Children,2014,Sweets,43
High,Master,No Children,2013,Sweets,67
Medium,PhD,Has Children,2013,Sweets,1
High,Graduation,No Children,2014,Sweets,17
Medium,Graduation,Has Children,2013,Sweets,0
High,Graduation,No Children,2012,Sweets,0
High,Graduation,No Children,2012,Sweets,133
Medium,Diploma,Has Children,2013,Sweets,15
High,Master,Has Children,2013,Sweets,0
High,Graduation,Has Children,2013,Sweets,32
High,PhD,No Children,2013,Sweets,0
Medium,Graduation,Has Children,2013,Sweets,26
Medium,Graduation,Has Children,2013,Sweets,4
Low,PhD,Has Children,2012,Sweets,2
Medium,Graduation,Has Children,2013,Sweets,0
Medium,PhD,Has Children,2013,Sweets,0
High,PhD,No Children,2014,Sweets,0
Medium,Master,Has Children,2013,Sweets,1
High,Graduation,Has Children,2013,Sweets,120
High,PhD,No Children,2014,Sweets,182
Medium,Graduation,Has Children,2014,Sweets,0
Low,Graduation,Has Children,2014,Sweets,1
Medium,Graduation,Has Children,2014,Sweets,5
Medium,Graduation,Has Children,2013,Sweets,6
Low,Basic,Has Children,2012,Sweets,16
Low,Master,Has Children,2014,Sweets,2
Medium,PhD,Has Children,2013,Sweets,18
Medium,Master,Has Children,2014,Sweets,4
Medium,Graduation,Has Children,2012,Sweets,3
High,Master,No Children,2013,Sweets,76
High,PhD,No Children,2012,Sweets,23
Low,Graduation,No Children,2013,Sweets,2
Medium,Graduation,Has Children,2013,Sweets,2
Medium,Graduation,Has Children,2013,Sweets,14
Medium,Master,No Children,2013,Sweets,9
High,PhD,Has Children,2014,Sweets,14
High,Diploma,Has Children,2012,Sweets,8
High,Graduation,No Children,2013,Sweets,91
Low,Graduation,Has Children,2013,Sweets,2
High,Master,Has Children,2013,Sweets,27
Medium,Graduation,Has Children,2013,Sweets,1
Medium,Graduation,Has Children,2013,Sweets,14
High,PhD,No Children,2013,Sweets,148
Medium,Graduation,No Children,2013,Sweets,58
Medium,Master,Has Children,2013,Sweets,0
Medium,Master,Has Children,2014,Sweets,7
Medium,Graduation,Has Children,2013,Sweets,3
Medium,Graduation,Has Children,2013,Sweets,17
High,Graduation,Has Children,2013,Sweets,161
Low,Graduation,No Children,2013,Sweets,16
Low,Graduation,Has Children,2013,Sweets,1
High,Graduation,No Children,2014,Sweets,30
Medium,Master,Has Children,2013,Sweets,69
High,PhD,No Children,2013,Sweets,161
High,PhD,Has Children,2014,Sweets,4
Medium,Graduation,Has Children,2014,Sweets,1
Low,Graduation,No Children,2012,Sweets,157
High,Graduation,Has Children,2014,Sweets,7
Low,Diploma,Has Children,2013,Sweets,6
High,PhD,No Children,2013,Sweets,71
Low,Graduation,Has Children,2013,Sweets,11
Medium,Graduation,No Children,2014,Sweets,0
Low,Graduation,No Children,2013,Sweets,21
High,Graduation,Has Children,2013,Sweets,57
High,Diploma,Has Children,2013,Sweets,153
High,Graduation,Has Children,2013,Sweets,0
Medium,Graduation,Has Children,2013,Sweets,1
High,PhD,Has Children,2013,Sweets,56
Low,Graduation,Has Children,2014,Sweets,0
Medium,PhD,Has Children,2013,Sweets,1
Medium,Graduation,No Children,2012,Sweets,5
Medium,PhD,Has Children,2013,Sweets,16
Low,Diploma,Has Children,2013,Sweets,18
Medium,Graduation,Has Children,2013,Sweets,1
High,Graduation,Has Children,2013,Sweets,123
Medium,Master,Has Children,2013,Sweets,6
High,Graduation,No Children,2012,Sweets,31
Medium,Diploma,Has Children,2013,Sweets,1
Medium,Graduation,Has Children,2014,Sweets,17
Medium,Graduation,Has Children,2013,Sweets,8
Medium,Graduation,Has Children,2012,Sweets,44
Medium,Graduation,Has Children,2014,Sweets,14
Low,Graduation,Has Children,2012,Sweets,3
High,Diploma,No Children,2013,Sweets,35
High,Graduation,No Children,2014,Sweets,55
High,Diploma,No Children,2012,Sweets,45
Medium,Master,Has Children,2012,Sweets,7
Medium,Graduation,Has Children,2013,Sweets,9
Low,Graduation,Has Children,2013,Sweets,10
Medium,Graduation,Has Children,2013,Sweets,0
High,PhD,Has Children,2014,Sweets,32
High,Diploma,No Children,2012,Sweets,133
Medium,PhD,Has Children,2014,Sweets,0
Medium,PhD,Has Children,2014,Sweets,0
High,Graduation,Has Children,2013,Sweets,9
Medium,Master,Has Children,2014,Sweets,0
Medium,Graduation,Has Children,2013,Sweets,25
Medium,Graduation,Has Children,2012,Sweets,0
High,Diploma,No Children,2013,Sweets,30
Low,Graduation,Has Children,2014,Sweets,1
Medium,Master,Has Children,2014,Sweets,0
Low,Graduation,No Children,2013,Sweets,1
Medium,Diploma,Has Children,2012,Sweets,41
Medium,Diploma,Has Children,2013,Sweets,13
Medium,PhD,Has Children,2013,Sweets,3
Medium,Master,Has Children,2013,Sweets,7
Low,Master,Has Children,2013,Sweets,0
Medium,Graduation,Has Children,2013,Sweets,20
Medium,Graduation,Has Children,2012,Sweets,7
High,PhD,No Children,2013,Sweets,0
High,Graduation,Has Children,2014,Sweets,66
Low,Graduation,Has Children,2014,Sweets,4
Medium,Diploma,Has Children,2014,Sweets,15
High,Master,Has Children,2013,Sweets,16
High,Graduation,No Children,2013,Sweets,143
Medium,Master,Has Children,2013,Sweets,9
Medium,Graduation,Has Children,2013,Sweets,1
High,Master,No Children,2014,Sweets,45
Low,Diploma,Has Children,2013,Sweets,18
Low,Graduation,Has Children,2014,Sweets,15
Medium,Graduation,Has Children,2012,Sweets,1
Medium,Graduation,Has Children,2013,Sweets,0
Medium,Diploma,Has Children,2014,Sweets,5
High,PhD,No Children,2012,Sweets,102
High,PhD,No Children,2013,Sweets,92
Medium,PhD,Has Children,2012,Sweets,5
Medium,Graduation,Has Children,2013,Sweets,0
Medium,Graduation,Has Children,2013,Sweets,24
High,Master,No Children,2013,Sweets,36
Medium,Graduation,Has Children,2013,Sweets,1
Medium,Master,Has Children,2012,Sweets,2
High,Graduation,No Children,2014,Sweets,56
Low,Basic,Has Children,2014,Sweets,3
Medium,PhD,No Children,2013,Sweets,49
Medium,PhD,Has Children,2012,Sweets,0
High,Graduation,Has Children,2013,Sweets,51
High,Graduation,Has Children,2014,Sweets,169
Medium,PhD,Has Children,2013,Sweets,0
Low,Graduation,Has Children,2013,Sweets,10
High,Graduation,No Children,2013,Sweets,103
Medium,Graduation,Has Children,2013,Sweets,1
High,Graduation,No Children,2013,Sweets,40
Medium,Graduation,No Children,2013,Sweets,3
Medium,Graduation,Has Children,2013,Sweets,7
High,Graduation,No Children,2014,Sweets,11
High,Graduation,No Children,2013,Sweets,18
Medium,Graduation,Has Children,2013,Sweets,0
Medium,Graduation,Has Children,2014,Sweets,5
Medium,PhD,No Children,2014,Sweets,3
High,PhD,No Children,2013,Sweets,28
High,Graduation,No Children,2013,Sweets,60
Medium,PhD,Has Children,2013,Sweets,0
Medium,Master,Has Children,2013,Sweets,9
High,Graduation,No Children,2012,Sweets,27
High,Graduation,No Children,2013,Sweets,61
High,Master,No Children,2013,Sweets,9
High,PhD,No Children,2013,Sweets,19
Medium,Diploma,Has Children,2013,Sweets,32
High,PhD,No Children,2013,Sweets,0
Medium,PhD,Has Children,2014,Sweets,0
High,Graduation,No Children,2013,Sweets,12
Medium,Master,Has Children,2013,Sweets,7
Medium,PhD,Has Children,2014,Sweets,5
High,Graduation,Has Children,2014,Sweets,149
Low,Master,No Children,2012,Sweets,24
High,Graduation,No Children,2014,Sweets,12
High,Diploma,No Children,2013,Sweets,55
High,Graduation,No Children,2014,Sweets,91
High,PhD,Has Children,2013,Sweets,13
High,PhD,No Children,2014,Sweets,21
Medium,Graduation,Has Children,2014,Sweets,9
High,PhD,Has Children,2012,Sweets,0
Low,Basic,Has Children,2012,Sweets,9
High,Graduation,No Children,2014,Sweets,17
Medium,PhD,Has Children,2014,Sweets,1
High,Graduation,No Children,2013,Sweets,75
High,PhD,Has Children,2013,Sweets,71
Medium,Graduation,Has Children,2013,Sweets,24
High,PhD,Has Children,2013,Sweets,15
High,Diploma,Has Children,2013,Sweets,86
Medium,PhD,Has Children,2013,Sweets,6
High,Graduation,No Children,2013,Sweets,70
High,Graduation,No Children,2013,Sweets,45
Low,Basic,No Children,2012,Sweets,16
Medium,PhD,No Children,2012,Sweets,0
Medium,Diploma,Has Children,2014,Sweets,48
High,Graduation,Has Children,2013,Sweets,25
Medium,Graduation,Has Children,2013,Sweets,8
High,Diploma,Has Children,2012,Sweets,18
Low,PhD,Has Children,2014,Sweets,4
Medium,PhD,Has Children,2014,Sweets,0
Medium,Master,Has Children,2013,Sweets,3
Medium,PhD,Has Children,2013,Sweets,5
Medium,Master,Has Children,2014,Sweets,0
Low,PhD,Has Children,2013,Sweets,1
Medium,Graduation,Has Children,2012,Sweets,146
Medium,Graduation,Has Children,2012,Sweets,41
Medium,Graduation,Has Children,2014,Sweets,2
Medium,PhD,Has Children,2013,Sweets,0
High,Graduation,Has Children,2012,Sweets,123
Medium,PhD,Has Children,2014,Sweets,0
Medium,Master,Has Children,2012,Sweets,16
Medium,PhD,Has Children,2013,Sweets,17
Medium,Graduation,Has Children,2014,Sweets,10
Medium,Graduation,Has Children,2013,Sweets,59
High,Graduation,No Children,2013,Sweets,24
Medium,Graduation,Has Children,2012,Sweets,9
Medium,PhD,Has Children,2013,Sweets,0
Medium,Graduation,Has Children,2012,Sweets,72
High,Graduation,No Children,2014,Sweets,137
Medium,PhD,Has Children,2013,Sweets,2
Low,Diploma,Has Children,2012,Sweets,7
Medium,Diploma,Has Children,2013,Sweets,57
High,Master,No Children,2012,Sweets,92
High,Graduation,No Children,2014,Sweets,35
High,Master,No Children,2012,Sweets,18
Medium,Master,Has Children,2013,Sweets,3
Medium,Graduation,Has Children,2014,Sweets,11
Medium,Graduation,Has Children,2013,Sweets,0
Medium,Diploma,Has Children,2013,Sweets,0
Low,Graduation,No Children,2014,Sweets,0
Medium,Master,Has Children,2013,Sweets,0
High,Graduation,Has Children,2013,Sweets,87
High,Graduation,No Children,2013,Sweets,42
High,PhD,Has Children,2013,Sweets,7
High,PhD,No Children,2013,Sweets,55
High,Graduation,No Children,2013,Sweets,91
High,Diploma,No Children,2013,Sweets,37
Medium,PhD,Has Children,2014,Sweets,1
High,Graduation,No Children,2014,Sweets,69
Low,Diploma,Has Children,2012,Sweets,0
Medium,Master,Has Children,2012,Sweets,5
High,Graduation,Has Children,2014,Sweets,35
High,Graduation,Has Children,2014,Sweets,6
Medium,Graduation,No Children,2014,Sweets,0
High,Graduation,No Children,2013,Sweets,58
Low,Graduation,Has Children,2014,Sweets,17
Medium,Graduation,Has Children,2013,Sweets,41
Medium,Graduation,Has Children,2013,Sweets,2
High,PhD,Has Children,2012,Sweets,0
High,PhD,No Children,2013,Sweets,20
Medium,Diploma,Has Children,2013,Sweets,5
Low,Graduation,Has Children,2013,Sweets,13
Medium,PhD,Has Children,2013,Sweets,2
Medium,Graduation,Has Children,2013,Sweets,56
High,Master,Has Children,2012,Sweets,38
High,Graduation,No Children,2013,Sweets,31
Low,Graduation,Has Children,2014,Sweets,1
Medium,PhD,Has Children,2013,Sweets,0
High,Graduation,Has Children,2012,Sweets,178
Medium,PhD,Has Children,2014,Sweets,1
Medium,Graduation,Has Children,2013,Sweets,12
Medium,Master,Has Children,2012,Sweets,0
Medium,Master,Has Children,2014,Sweets,0
Medium,Master,No Children,2014,Sweets,43
High,Diploma,No Children,2014,Sweets,152
Medium,Graduation,No Children,2013,Sweets,6
Medium,Graduation,Has Children,2013,Sweets,5
Low,Graduation,No Children,2013,Sweets,20
Medium,Graduation,Has Children,2014,Sweets,1
Low,PhD,Has Children,2013,Sweets,0
High,PhD,Has Children,2013,Sweets,0
Medium,Master,Has Children,2014,Sweets,0
Low,Graduation,Has Children,2012,Sweets,0
Medium,PhD,Has Children,2013,Sweets,77
Low,Graduation,Has Children,2013,Sweets,12
Low,Basic,Has Children,2013,Sweets,12
Medium,PhD,Has Children,2013,Sweets,0
High,Diploma,Has Children,2012,Sweets,11
High,Graduation,No Children,2013,Sweets,112
High,Graduation,No Children,2013,Sweets,115
High,Graduation,No Children,2014,Sweets,50
Medium,Diploma,Has Children,2013,Sweets,8
High,Graduation,No Children,2014,Sweets,133
Low,Graduation,No Children,2012,Sweets,26
Medium,PhD,Has Children,2014,Sweets,2
Medium,Master,Has Children,2013,Sweets,0
Medium,PhD,Has Children,2014,Sweets,4
Medium,Graduation,Has Children,2013,Sweets,26
High,Graduation,Has Children,2014,Sweets,24
Medium,Graduation,Has Children,2012,Sweets,0
Low,Graduation,No Children,2012,Sweets,12
High,Graduation,No Children,2014,Sweets,33
Medium,Graduation,Has Children,2013,Sweets,0
Medium,Master,Has Children,2012,Sweets,1
Medium,Master,Has Children,2013,Sweets,6
High,PhD,Has Children,2013,Sweets,53
Medium,Graduation,Has Children,2012,Sweets,39
Medium,Graduation,Has Children,2013,Sweets,6
High,Diploma,No Children,2014,Sweets,152
Low,PhD,Has Children,2014,Sweets,0
High,PhD,No Children,2013,Sweets,0
Low,Diploma,Has Children,2013,Sweets,5
Low,Master,Has Children,2013,Sweets,0
High,Graduation,No Children,2012,Sweets,0
Medium,Graduation,Has Children,2012,Sweets,5
Medium,PhD,No Children,2013,Sweets,0
High,Graduation,No Children,2012,Sweets,14
High,Graduation,No Children,2013,Sweets,54
High,Master,Has Children,2012,Sweets,0
High,Graduation,Has Children,2013,Sweets,0
Medium,PhD,No Children,2013,Sweets,59
Medium,PhD,Has Children,2014,Sweets,2
High,PhD,Has Children,2014,Sweets,0
Low,Graduation,Has Children,2012,Sweets,3
High,Graduation,No Children,2014,Sweets,44
High,Diploma,Has Children,2012,Sweets,116
Low,Graduation,No Children,2012,Sweets,4
High,Graduation,No Children,2014,Sweets,8
Medium,PhD,Has Children,2014,Sweets,1
High,Graduation,Has Children,2012,Sweets,76
Medium,Graduation,Has Children,2012,Sweets,21
Medium,Graduation,Has Children,2014,Sweets,0
Medium,Graduation,No Children,2013,Sweets,10
High,Graduation,No Children,2013,Sweets,138
High,PhD,No Children,2013,Sweets,44
Low,Diploma,Has Children,2013,Sweets,3
Medium,Master,Has Children,2014,Sweets,10
Medium,PhD,Has Children,2013,Sweets,0
High,Graduation,No Children,2014,Sweets,92
Medium,Graduation,Has Children,2012,Sweets,13
High,Graduation,No Children,2012,Sweets,83
Medium,Graduation,Has Children,2013,Sweets,0
High,Master,No Children,2013,Sweets,38
Medium,Graduation,Has Children,2013,Sweets,0
Low,Graduation,Has Children,2013,Sweets,1
High,PhD,No Children,2013,Sweets,54
Medium,Graduation,Has Children,2014,Sweets,1
High,PhD,No Children,2014,Sweets,32
High,PhD,No Children,2014,Sweets,95
Medium,PhD,Has Children,2014,Sweets,8
High,Graduation,No Children,2013,Sweets,21
Medium,PhD,Has Children,2013,Sweets,3
Medium,PhD,Has Children,2014,Sweets,1
High,Graduation,Has Children,2013,Sweets,30
High,Graduation,Has Children,2014,Sweets,16
High,Diploma,No Children,2012,Sweets,39
Low,Master,Has Children,2013,Sweets,0
Medium,Graduation,Has Children,2013,Sweets,35
High,Graduation,No Children,2013,Sweets,161
Medium,Diploma,Has Children,2013,Sweets,9
Medium,Graduation,Has Children,2013,Sweets,19
Medium,Graduation,Has Children,2013,Sweets,7
Medium,Graduation,Has Children,2014,Sweets,6
High,PhD,No Children,2013,Sweets,93
Medium,PhD,Has Children,2014,Sweets,0
Low,Diploma,No Children,2013,Sweets,8
High,Diploma,Has Children,2014,Sweets,32
High,Graduation,Has Children,2014,Sweets,21
High,Graduation,No Children,2013,Sweets,33
High,Diploma,No Children,2013,Sweets,160
Medium,PhD,Has Children,2014,Sweets,0
High,Master,No Children,2014,Sweets,115
Low,PhD,Has Children,2013,Sweets,1
High,Graduation,Has Children,2013,Sweets,14
Medium,PhD,Has Children,2013,Sweets,0
Medium,Master,No Children,2013,Sweets,28
Low,Basic,No Children,2013,Sweets,6
Medium,Diploma,Has Children,2013,Sweets,5
High,Graduation,Has Children,2013,Sweets,28
Medium,PhD,Has Children,2012,Sweets,1
Medium,Master,Has Children,2013,Sweets,13
Medium,Graduation,Has Children,2013,Sweets,20
Medium,Graduation,Has Children,2012,Sweets,23
Medium,Graduation,Has Children,2012,Sweets,24
High,Graduation,Has Children,2012,Sweets,47
Medium,Graduation,Has Children,2014,Sweets,1
Low,Basic,No Children,2013,Sweets,3
High,Diploma,No Children,2013,Sweets,33
High,Master,Has Children,2013,Sweets,0
Low,Graduation,Has Children,2013,Sweets,0
Medium,Graduation,Has Children,2014,Sweets,3
High,Graduation,Has Children,2012,Sweets,30
High,Graduation,No Children,2013,Sweets,19
Medium,Diploma,Has Children,2014,Sweets,8
Medium,PhD,Has Children,2012,Sweets,4
High,PhD,No Children,2013,Sweets,0
Low,Master,No Children,2014,Sweets,2
Medium,Graduation,Has Children,2013,Sweets,2
Medium,Master,Has Children,2013,Sweets,72
Medium,Graduation,Has Children,2013,Sweets,15
Low,Diploma,Has Children,2014,Sweets,8
Medium,PhD,Has Children,2013,Sweets,0
High,Graduation,No Children,2013,Sweets,38
Low,Master,Has Children,2014,Sweets,2
Medium,Graduation,Has Children,2013,Sweets,4
Medium,Graduation,Has Children,2012,Sweets,19
Medium,PhD,Has Children,2013,Sweets,0
Low,Graduation,Has Children,2012,Sweets,0
Medium,PhD,No Children,2013,Sweets,20
High,Graduation,Has Children,2012,Sweets,112
Low,Graduation,Has Children,2012,Sweets,0
High,Graduation,No Children,2012,Sweets,137
Medium,Master,Has Children,2014,Sweets,13
Low,PhD,Has Children,2014,Sweets,0
Medium,Graduation,Has Children,2013,Sweets,14
Medium,Graduation,No Children,2012,Sweets,172
High,Graduation,No Children,2014,Sweets,13
Medium,Graduation,Has Children,2013,Sweets,17
Medium,Graduation,Has Children,2014,Sweets,7
Medium,Graduation,Has Children,2012,Sweets,19
Medium,Graduation,Has Children,2012,Sweets,0
High,Graduation,No Children,2012,Sweets,26
Medium,PhD,Has Children,2013,Sweets,0
High,Graduation,Has Children,2013,Sweets,29
Medium,Diploma,Has Children,2013,Sweets,7
Medium,Graduation,Has Children,2012,Sweets,7
High,Graduation,No Children,2013,Sweets,151
High,Graduation,No Children,2014,Sweets,60
Low,Basic,No Children,2014,Sweets,3
Low,Diploma,No Children,2014,Sweets,6
High,PhD,No Children,2012,Sweets,99
High,Master,Has Children,2014,Sweets,0
Low,Basic,Has Children,2013,Sweets,18
Medium,Master,Has Children,2013,Sweets,8
Medium,Master,Has Children,2012,Sweets,0
Medium,Graduation,Has Children,2013,Sweets,21
Low,Graduation,Has Children,2013,Sweets,4
High,Master,No Children,2014,Sweets,144
Medium,Graduation,Has Children,2013,Sweets,9
Medium,Graduation,Has Children,2013,Sweets,0
Medium,PhD,Has Children,2013,Sweets,0
Low,Basic,Has Children,2013,Sweets,6
Low,Graduation,Has Children,2014,Sweets,0
Low,Graduation,Has Children,2013,Sweets,0
Medium,Graduation,Has Children,2013,Sweets,2
High,PhD,Has Children,2013,Sweets,0
Medium,PhD,Has Children,2012,Sweets,1
Medium,Diploma,Has Children,2014,Sweets,2
High,Master,No Children,2012,Sweets,66
High,Master,Has Children,2012,Sweets,14
Medium,Graduation,Has Children,2014,Sweets,29
High,Graduation,Has Children,2014,Sweets,6
Medium,Master,Has Children,2013,Sweets,2
High,Master,Has Children,2013,Sweets,7
Medium,Diploma,Has Children,2013,Sweets,15
High,Master,Has Children,2013,Sweets,0
High,PhD,No Children,2014,Sweets,35
Medium,Diploma,Has Children,2012,Sweets,151
Medium,Graduation,Has Children,2013,Sweets,13
Medium,Graduation,Has Children,2013,Sweets,78
Medium,Master,Has Children,2013,Sweets,5
Low,Graduation,Has Children,2012,Sweets,3
High,Master,No Children,2013,Sweets,10
Medium,Master,Has Children,2013,Sweets,6
High,PhD,No Children,2013,Sweets,66
Low,Graduation,No Children,2013,Sweets,14
Medium,PhD,Has Children,2014,Sweets,0
Medium,Graduation,Has Children,2013,Sweets,2
Medium,Graduation,Has Children,2013,Sweets,3
High,Graduation,Has Children,2013,Sweets,78
High,Graduation,Has Children,2013,Sweets,34
High,Graduation,No Children,2013,Sweets,19
Medium,Graduation,Has Children,2012,Sweets,13
Medium,Graduation,Has Children,2013,Sweets,15
High,Graduation,Has Children,2013,Sweets,14
Medium,PhD,Has Children,2012,Sweets,0
High,PhD,No Children,2013,Sweets,30
Medium,Graduation,Has Children,2013,Sweets,1
Low,Basic,Has Children,2012,Sweets,6
Low,Graduation,Has Children,2013,Sweets,1
High,Diploma,No Children,2013,Sweets,122
Medium,Graduation,Has Children,2013,Sweets,1
Medium,PhD,Has Children,2013,Sweets,2
High,PhD,Has Children,2013,Sweets,12
High,PhD,No Children,2013,Sweets,7
Low,Graduation,Has Children,2012,Sweets,2
Medium,Master,Has Children,2013,Sweets,7
Medium,Master,Has Children,2014,Sweets,0
Medium,Graduation,Has Children,2013,Sweets,1
Medium,PhD,Has Children,2013,Sweets,1
Medium,Graduation,Has Children,2014,Sweets,3
Low,Graduation,Has Children,2013,Sweets,3
Medium,PhD,Has Children,2014,Sweets,1
High,Graduation,Has Children,2014,Sweets,147
Medium,Master,Has Children,2014,Sweets,0
High,Graduation,No Children,2013,Sweets,30
Low,Graduation,Has Children,2013,Sweets,0
Medium,Graduation,Has Children,2013,Sweets,4
Low,Basic,Has Children,2014,Sweets,6
Medium,PhD,Has Children,2013,Sweets,0
High,Graduation,Has Children,2014,Sweets,115
High,Master,No Children,2014,Sweets,0
Low,PhD,Has Children,2012,Sweets,12
Low,Graduation,No Children,2014,Sweets,1
Low,Basic,Has Children,2012,Sweets,26
Medium,Graduation,Has Children,2013,Sweets,0
Low,PhD,Has Children,2014,Sweets,0
High,Graduation,Has Children,2014,Sweets,0
High,PhD,No Children,2013,Sweets,29
High,Graduation,Has Children,2013,Sweets,48
High,PhD,Has Children,2013,Sweets,59
High,Graduation,Has Children,2013,Sweets,195
High,Graduation,Has Children,2013,Sweets,23
Medium,PhD,Has Children,2012,Sweets,11
High,Diploma,Has Children,2012,Sweets,0
High,Graduation,Has Children,2014,Sweets,91
Medium,Graduation,Has Children,2014,Sweets,0
High,Graduation,No Children,2013,Sweets,189
Medium,PhD,Has Children,2014,Sweets,2
High,PhD,No Children,2013,Sweets,34
High,Master,No Children,2013,Sweets,69
Medium,Graduation,Has Children,2013,Sweets,0
Medium,Graduation,Has Children,2014,Sweets,2
High,Graduation,No Children,2013,Sweets,161
Medium,PhD,Has Children,2012,Sweets,6
Low,Graduation,Has Children,2013,Sweets,8
Medium,PhD,Has Children,2013,Sweets,1
High,Diploma,No Children,2014,Sweets,18
Medium,Graduation,No Children,2014,Sweets,9
High,Master,Has Children,2013,Sweets,38
Medium,Graduation,Has Children,2012,Sweets,19
Medium,Master,Has Children,2013,Sweets,0
Low,Master,Has Children,2012,Sweets,15
High,Graduation,Has Children,2013,Sweets,12
Medium,Master,Has Children,2013,Sweets,2
Medium,Graduation,Has Children,2013,Sweets,30
High,Graduation,No Children,2012,Sweets,63
Medium,Graduation,Has Children,2013,Sweets,0
High,Graduation,No Children,2012,Sweets,55
Medium,Diploma,No Children,2012,Sweets,98
Medium,PhD,Has Children,2012,Sweets,0
Medium,Master,No Children,2013,Sweets,26
Low,Basic,No Children,2012,Sweets,49
Medium,Graduation,Has Children,2013,Sweets,1
Medium,PhD,Has Children,2012,Sweets,0
Medium,Diploma,Has Children,2013,Sweets,4
High,Master,No Children,2013,Sweets,42
Medium,Graduation,No Children,2012,Sweets,72
Low,Graduation,No Children,2013,Sweets,0
Low,Graduation,Has Children,2013,Sweets,1
Medium,Diploma,Has Children,2014,Sweets,3
Medium,PhD,Has Children,2013,Sweets,1
Medium,PhD,Has Children,2014,Sweets,0
High,Master,Has Children,2014,Sweets,11
Medium,PhD,Has Children,2013,Sweets,0
Medium,Graduation,Has Children,2013,Sweets,21
High,Graduation,No Children,2014,Sweets,175
Low,Graduation,Has Children,2012,Sweets,4
High,Graduation,No Children,2013,Sweets,45
Low,Diploma,No Children,2014,Sweets,3
Medium,Graduation,Has Children,2013,Sweets,5
High,Graduation,No Children,2012,Sweets,145
High,Graduation,Has Children,2013,Sweets,0
Medium,Graduation,Has Children,2013,Sweets,6
High,PhD,No Children,2014,Sweets,29
High,Graduation,No Children,2014,Sweets,0
Medium,Graduation,Has Children,2013,Sweets,10
High,PhD,Has Children,2014,Sweets,58
High,Master,No Children,2012,Sweets,0
Medium,Master,Has Children,2013,Sweets,5
High,Diploma,Has Children,2013,Sweets,162
Medium,Diploma,Has Children,2014,Sweets,40
Low,PhD,Has Children,2013,Sweets,0
Medium,Graduation,Has Children,2013,Sweets,10
Medium,Diploma,Has Children,2014,Sweets,2
Medium,Graduation,Has Children,2013,Sweets,0
Medium,Graduation,Has Children,2014,Sweets,6
High,Master,No Children,2013,Sweets,69
Medium,Master,Has Children,2013,Sweets,12
High,Graduation,Has Children,2014,Sweets,105
Medium,Graduation,Has Children,2012,Sweets,2
Low,Basic,Has Children,2014,Sweets,0
High,Master,Has Children,2013,Sweets,14
Low,Graduation,No Children,2014,Sweets,3
Medium,PhD,Has Children,2013,Sweets,1
Low,Master,No Children,2013,Sweets,3
High,PhD,No Children,2013,Sweets,75
Low,Graduation,Has Children,2014,Sweets,24
Medium,Graduation,Has Children,2012,Sweets,15
High,Graduation,Has Children,2013,Sweets,96
High,Graduation,No Children,2013,Sweets,187
High,Master,Has Children,2012,Sweets,126
Medium,Graduation,Has Children,2013,Sweets,30
High,Graduation,No Children,2013,Sweets,97
Medium,Master,No Children,2014,Sweets,3
Medium,Graduation,Has Children,2013,Sweets,3
Medium,Graduation,Has Children,2012,Sweets,13
Medium,Graduation,Has Children,2014,Sweets,6
Medium,Master,Has Children,2012,Sweets,10
High,Master,Has Children,2012,Sweets,0
Low,Graduation,No Children,2013,Sweets,4
Low,Basic,Has Children,2013,Sweets,11
Medium,Graduation,Has Children,2013,Sweets,14
Low,Diploma,Has Children,2013,Sweets,4
Medium,PhD,No Children,2013,Sweets,61
High,Graduation,Has Children,2013,Sweets,30
High,PhD,No Children,2013,Sweets,0
High,PhD,No Children,2013,Sweets,29
High,Graduation,No Children,2013,Sweets,64
Low,Graduation,Has Children,2012,Sweets,3
High,Graduation,Has Children,2014,Sweets,15
High,Graduation,No Children,2012,Sweets,29
High,Graduation,Has Children,2013,Sweets,30
Medium,Graduation,Has Children,2013,Sweets,20
High,PhD,No Children,2014,Sweets,70
High,Graduation,No Children,2013,Sweets,37
Medium,Master,Has Children,2013,Sweets,4
Medium,Graduation,Has Children,2012,Sweets,0
Low,Basic,Has Children,2013,Sweets,8
Medium,Graduation,Has Children,2013,Sweets,11
Medium,Diploma,No Children,2012,Sweets,108
Medium,Diploma,Has Children,2013,Sweets,7
High,Master,Has Children,2012,Sweets,143
Medium,Graduation,Has Children,2013,Sweets,0
Medium,Graduation,Has Children,2013,Sweets,2
Medium,Master,Has Children,2013,Sweets,14
High,Graduation,Has Children,2014,Sweets,2
Medium,Graduation,Has Children,2014,Sweets,8
Medium,Diploma,Has Children,2013,Sweets,7
Medium,Master,Has Children,2013,Sweets,0
Medium,PhD,Has Children,2012,Sweets,0
Medium,PhD,Has Children,2013,Sweets,8
Medium,Graduation,Has Children,2012,Sweets,13
Medium,Graduation,Has Children,2013,Sweets,3
Low,Graduation,Has Children,2013,Sweets,5
Medium,Master,Has Children,2013,Sweets,0
Medium,Master,Has Children,2013,Sweets,20
Medium,Master,Has Children,2014,Sweets,9
Medium,Diploma,Has Children,2013,Sweets,10
Medium,Graduation,Has Children,2012,Sweets,2
Medium,Diploma,Has Children,2014,Sweets,0
Low,Graduation,Has Children,2012,Sweets,0
High,Graduation,No Children,2014,Sweets,19
Medium,PhD,Has Children,2014,Sweets,0
Low,Diploma,Has Children,2013,Sweets,3
Medium,Graduation,Has Children,2012,Sweets,0
High,Graduation,No Children,2014,Sweets,80
Medium,Master,Has Children,2013,Sweets,7
Low,Graduation,Has Children,2013,Sweets,2
Medium,PhD,Has Children,2014,Sweets,0
Medium,Diploma,Has Children,2012,Sweets,4
Low,PhD,Has Children,2014,Sweets,0
High,Master,Has Children,2013,Sweets,0
Medium,Graduation,Has Children,2014,Sweets,0
Low,Graduation,Has Children,2014,Sweets,5
High,Master,Has Children,2013,Sweets,7
Medium,PhD,Has Children,2012,Sweets,0
High,Graduation,Has Children,2012,Sweets,5
High,Graduation,Has Children,2014,Sweets,7
Medium,Graduation,Has Children,2014,Sweets,2
Medium,Graduation,Has Children,2012,Sweets,0
Medium,Master,Has Children,2012,Sweets,14
Medium,PhD,Has Children,2012,Sweets,1
Medium,Master,Has Children,2013,Sweets,0
High,Master,Has Children,2013,Sweets,35
Medium,Graduation,Has Children,2012,Sweets,13
Medium,PhD,Has Children,2012,Sweets,1
High,PhD,Has Children,2012,Sweets,46
High,Graduation,Has Children,2013,Sweets,0
Medium,Master,Has Children,2014,Sweets,1
High,Graduation,No Children,2014,Sweets,40
Medium,Graduation,Has Children,2013,Sweets,36
Medium,Graduation,Has Children,2013,Sweets,8
Low,Basic,No Children,2013,Sweets,6
Medium,Graduation,No Children,2014,Sweets,30
Medium,Graduation,Has Children,2014,Sweets,4
Low,Graduation,Has Children,2014,Sweets,4
Medium,PhD,Has Children,2014,Sweets,0
High,Diploma,No Children,2013,Sweets,8
High,Graduation,Has Children,2012,Sweets,12
Medium,PhD,Has Children,2014,Sweets,0
Low,Graduation,No Children,2012,Sweets,4
Low,Graduation,Has Children,2013,Sweets,8
Medium,PhD,Has Children,2013,Sweets,0
Medium,PhD,Has Children,2013,Sweets,0
Medium,Diploma,Has Children,2014,Sweets,6
Medium,Graduation,No Children,2013,Sweets,16
Low,Master,Has Children,2013,Sweets,0
Medium,Diploma,Has Children,2014,Sweets,2
High,Graduation,No Children,2013,Sweets,147
Medium,Graduation,Has Children,2013,Sweets,3
High,Graduation,Has Children,2013,Sweets,67
Medium,Diploma,Has Children,2013,Sweets,0
High,Graduation,Has Children,2012,Sweets,5
Low,Diploma,No Children,2013,Sweets,2
Medium,Graduation,No Children,2014,Sweets,26
Medium,Graduation,Has Children,2013,Sweets,1
Medium,Graduation,Has Children,2013,Sweets,5
Medium,Master,Has Children,2013,Sweets,2
Low,Graduation,Has Children,2012,Sweets,5
High,Master,No Children,2012,Sweets,26
High,Graduation,No Children,2013,Sweets,105
Medium,Graduation,No Children,2013,Sweets,48
High,Diploma,No Children,2012,Sweets,160
Medium,Graduation,Has Children,2012,Sweets,0
High,PhD,No Children,2013,Sweets,54
High,Diploma,Has Children,2014,Sweets,8
Medium,Graduation,Has Children,2013,Sweets,7
High,Graduation,No Children,2014,Sweets,54
High,Graduation,No Children,2013,Sweets,58
Medium,PhD,Has Children,2013,Sweets,0
Medium,PhD,No Children,2012,Sweets,13
High,Graduation,No Children,2014,Sweets,50
Medium,Graduation,Has Children,2012,Sweets,1
Low,Graduation,Has Children,2013,Sweets,5
High,Graduation,No Children,2014,Sweets,114
Medium,PhD,No Children,2012,Sweets,64
High,Master,Has Children,2014,Sweets,5
Medium,Graduation,Has Children,2013,Sweets,5
Medium,PhD,Has Children,2014,Sweets,0
Low,Graduation,Has Children,2014,Sweets,5
Low,Master,Has Children,2013,Sweets,0
Medium,Master,Has Children,2013,Sweets,41
Medium,Graduation,Has Children,2013,Sweets,10
High,Graduation,No Children,2013,Sweets,31
Medium,PhD,Has Children,2014,Sweets,0
High,Graduation,Has Children,2013,Sweets,56
Low,Diploma,Has Children,2013,Sweets,4
Medium,Graduation,Has Children,2013,Sweets,1
Medium,Graduation,Has Children,2013,Sweets,1
High,PhD,Has Children,2012,Sweets,0
High,Graduation,Has Children,2012,Sweets,12
Medium,Graduation,Has Children,2013,Sweets,7
High,Master,No Children,2012,Sweets,0
Medium,PhD,Has Children,2013,Sweets,1
Medium,Master,No Children,2013,Sweets,7
Medium,PhD,Has Children,2014,Sweets,0
High,Graduation,Has Children,2013,Sweets,9
High,Graduation,Has Children,2012,Sweets,21
Low,Diploma,Has Children,2013,Sweets,5
Low,Graduation,Has Children,2013,Sweets,5
High,Diploma,Has Children,2012,Sweets,194
High,Master,Has Children,2013,Sweets,67
High,Master,No Children,2014,Sweets,15
High,PhD,Has Children,2014,Sweets,0
High,Graduation,Has Children,2013,Sweets,35
Medium,Master,Has Children,2013,Sweets,0
High,PhD,Has Children,2013,Sweets,42
Medium,PhD,Has Children,2013,Sweets,2
High,Graduation,No Children,2013,Sweets,148
Medium,Graduation,Has Children,2013,Sweets,23
Medium,Graduation,Has Children,2013,Sweets,5
High,Graduation,No Children,2014,Sweets,85
Medium,Graduation,Has Children,2013,Sweets,1
Medium,PhD,Has Children,2012,Sweets,10
High,Graduation,Has Children,2012,Sweets,98
High,Graduation,No Children,2013,Sweets,89
Medium,Master,Has Children,2013,Sweets,9
Medium,Diploma,Has Children,2014,Sweets,2
Medium,Graduation,Has Children,2012,Sweets,15
Medium,Master,Has Children,2012,Sweets,6
Medium,PhD,No Children,2012,Sweets,13
High,Master,No Children,2014,Sweets,8
Medium,Master,Has Children,2013,Sweets,109
Medium,Diploma,Has Children,2012,Sweets,151
High,PhD,No Children,2013,Sweets,152
Medium,Graduation,Has Children,2013,Sweets,24
High,Graduation,No Children,2014,Sweets,137
Medium,Master,Has Children,2012,Sweets,0
High,Graduation,Has Children,2012,Sweets,137
High,Graduation,No Children,2014,Sweets,197
Low,Diploma,No Children,2013,Sweets,13
Medium,Graduation,Has Children,2014,Sweets,20
Medium,Graduation,Has Children,2012,Sweets,7
Medium,Graduation,Has Children,2013,Sweets,8
Medium,Master,Has Children,2013,Sweets,3
Low,Graduation,Has Children,2012,Sweets,1
High,PhD,No Children,2013,Sweets,74
High,Graduation,No Children,2013,Sweets,70
Medium,Graduation,Has Children,2014,Sweets,4
Medium,PhD,Has Children,2014,Sweets,1
Low,Graduation,Has Children,2013,Sweets,0
Medium,Graduation,Has Children,2012,Sweets,28
High,PhD,No Children,2014,Sweets,125
Low,Graduation,Has Children,2012,Sweets,0
High,PhD,No Children,2014,Sweets,176
Low,Graduation,Has Children,2013,Sweets,4
Medium,Diploma,Has Children,2012,Sweets,14
Medium,Diploma,Has Children,2013,Sweets,0
High,PhD,Has Children,2014,Sweets,26
Medium,Master,Has Children,2012,Sweets,0
Low,Diploma,Has Children,2012,Sweets,10
Low,Diploma,Has Children,2012,Sweets,15
Low,Graduation,Has Children,2013,Sweets,0
High,PhD,No Children,2013,Sweets,20
High,PhD,Has Children,2012,Sweets,0
Medium,Master,Has Children,2013,Sweets,0
Medium,Graduation,Has Children,2014,Sweets,2
High,Master,Has Children,2013,Sweets,27
High,Graduation,No Children,2012,Sweets,165
Medium,PhD,Has Children,2013,Sweets,0
Medium,Graduation,Has Children,2012,Sweets,7
Medium,Master,Has Children,2013,Sweets,4
Medium,Diploma,No Children,2013,Sweets,1
Medium,Graduation,No Children,2012,Sweets,1
High,Graduation,Has Children,2013,Sweets,59
Medium,Diploma,Has Children,2013,Sweets,1
Medium,Master,Has Children,2013,Sweets,7
High,Diploma,No Children,2014,Sweets,71
High,Graduation,Has Children,2012,Sweets,97
High,Graduation,No Children,2014,Sweets,33
High,Graduation,Has Children,2012,Sweets,80
Medium,Master,Has Children,2013,Sweets,1
Medium,Master,Has Children,2012,Sweets,2
Medium,Graduation,Has Children,2013,Sweets,0
Low,Graduation,Has Children,2013,Sweets,9
High,PhD,Has Children,2013,Sweets,44
Medium,Graduation,Has Children,2013,Sweets,1
Medium,Master,Has Children,2013,Sweets,0
Low,Graduation,Has Children,2012,Sweets,1
High,Graduation,Has Children,2014,Sweets,121
Medium,Graduation,Has Children,2014,Sweets,0
Medium,Graduation,Has Children,2013,Sweets,3
High,Master,Has Children,2012,Sweets,12
High,Graduation,Has Children,2014,Sweets,23
Medium,PhD,Has Children,2012,Sweets,6
High,PhD,Has Children,2013,Sweets,19
High,PhD,No Children,2012,Sweets,68
Medium,Graduation,Has Children,2012,Sweets,0
High,Master,No Children,2014,Sweets,144
Low,Master,Has Children,2013,Sweets,0
Medium,Graduation,Has Children,2012,Sweets,15
Medium,PhD,Has Children,2013,Sweets,0
Medium,Graduation,Has Children,2014,Sweets,8
High,PhD,No Children,2014,Sweets,35
Medium,Graduation,No Children,2013,Sweets,10
High,Master,Has Children,2013,Sweets,14
Medium,Graduation,Has Children,2014,Sweets,0
High,Master,No Children,2013,Sweets,43
High,Graduation,No Children,2013,Sweets,32
Medium,Master,Has Children,2014,Sweets,10
High,Graduation,No Children,2014,Sweets,65
Medium,PhD,Has Children,2014,Sweets,2
Medium,Master,Has Children,2012,Sweets,22
High,Graduation,No Children,2014,Sweets,66
Medium,Graduation,Has Children,2013,Sweets,2
High,Graduation,No Children,2013,Sweets,32
Medium,PhD,Has Children,2012,Sweets,1
High,Graduation,No Children,2013,Sweets,174
Low,Basic,Has Children,2012,Sweets,15
Medium,Master,Has Children,2013,Sweets,5
Medium,PhD,Has Children,2014,Sweets,0
Medium,PhD,Has Children,2012,Sweets,3
Low,Master,Has Children,2014,Sweets,2
Medium,Graduation,Has Children,2013,Sweets,11
High,Graduation,Has Children,2012,Sweets,80
Medium,PhD,Has Children,2014,Sweets,3
Medium,Master,Has Children,2013,Sweets,4
High,Master,No Children,2012,Sweets,151
High,Master,No Children,2013,Sweets,12
Medium,Graduation,Has Children,2013,Sweets,0
Low,Graduation,Has Children,2014,Sweets,2
Medium,PhD,Has Children,2013,Sweets,0
High,Graduation,Has Children,2013,Sweets,112
Medium,Diploma,Has Children,2013,Sweets,32
High,Master,Has Children,2014,Sweets,3
High,PhD,Has Children,2014,Sweets,0
High,Graduation,No Children,2012,Sweets,118
Low,Diploma,No Children,2012,Sweets,7
High,Graduation,No Children,2013,Sweets,25
Medium,Graduation,Has Children,2013,Sweets,7
Medium,Graduation,Has Children,2013,Sweets,1
Medium,Graduation,Has Children,2013,Sweets,69
Low,Graduation,Has Children,2013,Sweets,1
Medium,Graduation,Has Children,2014,Sweets,11
High,Graduation,Has Children,2014,Sweets,15
Medium,Master,Has Children,2012,Sweets,9
Medium,PhD,Has Children,2013,Sweets,1
Low,Graduation,Has Children,2013,Sweets,17
High,Diploma,No Children,2012,Sweets,96
Medium,Graduation,Has Children,2013,Sweets,4
Medium,Graduation,Has Children,2013,Sweets,26
Medium,PhD,Has Children,2014,Sweets,0
Medium,PhD,Has Children,2012,Sweets,112
Medium,PhD,No Children,2013,Sweets,44
Low,Graduation,Has Children,2014,Sweets,2
Medium,Diploma,Has Children,2013,Sweets,5
High,PhD,Has Children,2013,Sweets,82
Medium,PhD,Has Children,2013,Sweets,2
Medium,PhD,Has Children,2014,Sweets,1
Low,Graduation,Has Children,2013,Sweets,0
Medium,PhD,Has Children,2013,Sweets,19
Medium,PhD,Has Children,2013,Sweets,0
Medium,Graduation,Has Children,2013,Sweets,16
High,Graduation,No Children,2013,Sweets,23
Medium,Graduation,Has Children,2014,Sweets,0
Medium,Master,Has Children,2013,Sweets,5
Medium,Master,Has Children,2014,Sweets,3
High,PhD,Has Children,2013,Sweets,15
Medium,Graduation,Has Children,2012,Sweets,32
Low,Basic,Has Children,2013,Sweets,0
High,Diploma,Has Children,2014,Sweets,14
Medium,Master,No Children,2013,Sweets,3
Medium,Master,Has Children,2013,Sweets,0
Medium,Graduation,No Children,2014,Sweets,7
Medium,Graduation,No Children,2013,Sweets,12
Medium,PhD,Has Children,2014,Sweets,2
Low,Graduation,Has Children,2014,Sweets,2
High,Graduation,No Children,2012,Sweets,163
Medium,Graduation,Has Children,2012,Sweets,3
Low,PhD,Has Children,2013,Sweets,0
Medium,Master,Has Children,2014,Sweets,1
Medium,Master,Has Children,2013,Sweets,3
High,PhD,Has Children,2014,Sweets,46
Medium,Diploma,Has Children,2013,Sweets,16
High,Graduation,No Children,2014,Sweets,51
Medium,PhD,Has Children,2013,Sweets,4
Medium,Graduation,Has Children,2013,Sweets,0
High,Graduation,Has Children,2014,Sweets,24
Medium,Graduation,Has Children,2014,Sweets,3
Medium,PhD,No Children,2013,Sweets,0
Medium,Diploma,Has Children,2013,Sweets,3
High,PhD,Has Children,2013,Sweets,22
Medium,PhD,Has Children,2013,Sweets,1
High,PhD,Has Children,2013,Sweets,30
High,PhD,Has Children,2013,Sweets,59
Medium,PhD,No Children,2013,Sweets,2
High,Graduation,No Children,2013,Sweets,196
High,Master,No Children,2013,Sweets,40
High,Diploma,No Children,2013,Sweets,35
High,Graduation,Has Children,2012,Sweets,107
Low,Diploma,No Children,2012,Sweets,11
Low,Graduation,Has Children,2013,Sweets,15
Low,Basic,Has Children,2013,Sweets,9
Medium,PhD,Has Children,2013,Sweets,0
Medium,Graduation,Has Children,2014,Sweets,4
High,Graduation,No Children,2013,Sweets,102
Medium,Graduation,Has Children,2014,Sweets,6
Low,PhD,Has Children,2012,Sweets,0
Low,PhD,Has Children,2014,Sweets,0
Medium,Graduation,Has Children,2013,Sweets,2
Medium,Graduation,Has Children,2014,Sweets,1
High,Master,No Children,2012,Sweets,83
Medium,Graduation,Has Children,2013,Sweets,0
Medium,Graduation,Has Children,2013,Sweets,80
High,Graduation,No Children,2013,Sweets,40
Medium,Graduation,Has Children,2013,Sweets,0
High,Master,No Children,2013,Sweets,48
Low,PhD,Has Children,2013,Sweets,0
Low,Diploma,Has Children,2012,Sweets,2
Low,Graduation,No Children,2012,Sweets,6
High,Graduation,Has Children,2013,Sweets,6
Medium,Diploma,Has Children,2012,Sweets,0
High,PhD,No Children,2013,Sweets,20
Medium,PhD,Has Children,2012,Sweets,0
High,Master,Has Children,2014,Sweets,107
High,Graduation,Has Children,2012,Sweets,45
Medium,Master,Has Children,2014,Sweets,0
Low,Graduation,Has Children,2013,Sweets,4
Medium,PhD,Has Children,2014,Sweets,0
Low,Basic,Has Children,2012,Sweets,16
Medium,PhD,Has Children,2013,Sweets,3
Medium,Master,Has Children,2012,Sweets,24
Medium,Graduation,Has Children,2012,Sweets,0
High,Graduation,Has Children,2014,Sweets,97
Medium,PhD,Has Children,2014,Sweets,12
High,Graduation,No Children,2014,Sweets,20
High,Master,Has Children,2013,Sweets,88
Medium,Graduation,Has Children,2013,Sweets,3
High,Graduation,No Children,2012,Sweets,35
Low,Basic,Has Children,2014,Sweets,9
Medium,Graduation,Has Children,2012,Sweets,39
High,Graduation,Has Children,2013,Sweets,81
Low,Graduation,Has Children,2014,Sweets,2
Medium,Graduation,Has Children,2013,Sweets,12
Medium,PhD,Has Children,2012,Sweets,53
Low,Graduation,Has Children,2013,Sweets,1
High,PhD,No Children,2013,Sweets,25
High,Graduation,No Children,2013,Sweets,74
High,PhD,No Children,2014,Sweets,95
Medium,PhD,Has Children,2014,Sweets,0
Low,Master,Has Children,2014,Sweets,4
Medium,Graduation,Has Children,2012,Sweets,0
Low,Basic,Has Children,2013,Sweets,2
High,Master,Has Children,2013,Sweets,27
High,Graduation,Has Children,2013,Sweets,174
Medium,PhD,Has Children,2014,Sweets,0
Low,Graduation,No Children,2012,Sweets,4
Medium,Graduation,Has Children,2013,Sweets,0
High,Graduation,No Children,2014,Sweets,107
High,Diploma,Has Children,2013,Sweets,118
High,Graduation,Has Children,2013,Sweets,14
High,Graduation,Has Children,2014,Sweets,43
High,Graduation,No Children,2013,Sweets,44
Medium,Graduation,Has Children,2014,Sweets,3
Medium,PhD,Has Children,2013,Sweets,5
Medium,Graduation,Has Children,2014,Sweets,3
Medium,Graduation,Has Children,2013,Sweets,23
Medium,PhD,No Children,2014,Sweets,14
High,Graduation,No Children,2013,Sweets,26
Medium,PhD,Has Children,2013,Sweets,0
High,Graduation,No Children,2012,Sweets,118
Low,Basic,No Children,2012,Sweets,4
High,Master,No Children,2013,Sweets,17
High,Graduation,Has Children,2013,Sweets,92
High,PhD,No Children,2013,Sweets,43
High,PhD,Has Children,2012,Sweets,10
Medium,Graduation,Has Children,2012,Sweets,10
Medium,Diploma,Has Children,2014,Sweets,8
Medium,PhD,Has Children,2013,Sweets,0
Medium,Graduation,Has Children,2012,Sweets,3
Low,Basic,Has Children,2013,Sweets,8
Medium,Graduation,Has Children,2013,Sweets,8
Medium,Master,Has Children,2013,Sweets,6
Medium,PhD,Has Children,2014,Sweets,1
High,Graduation,Has Children,2013,Sweets,126
High,Diploma,Has Children,2013,Sweets,107
Low,Diploma,Has Children,2013,Sweets,0
Medium,Graduation,Has Children,2013,Sweets,66
High,Graduation,Has Children,2013,Sweets,60
Low,Diploma,Has Children,2013,Sweets,14
High,Graduation,Has Children,2013,Sweets,35
Medium,PhD,Has Children,2014,Sweets,0
High,Graduation,No Children,2013,Sweets,97
Low,Basic,No Children,2014,Sweets,14
Medium,Master,Has Children,2013,Sweets,0
Low,PhD,Has Children,2012,Sweets,7
Medium,PhD,No Children,2013,Sweets,9
High,Graduation,No Children,2012,Sweets,0
High,PhD,No Children,2013,Sweets,53
Medium,Graduation,Has Children,2014,Sweets,0
Medium,Graduation,Has Children,2012,Sweets,0
Low,Graduation,Has Children,2012,Sweets,5
Low,PhD,No Children,2012,Sweets,2
Medium,PhD,Has Children,2013,Sweets,0
High,Diploma,No Children,2013,Sweets,89
Low,Basic,Has Children,2012,Sweets,10
Medium,PhD,Has Children,2014,Sweets,4
High,Graduation,No Children,2012,Sweets,46
High,Graduation,Has Children,2013,Sweets,26
Medium,Graduation,Has Children,2013,Sweets,3
Medium,Graduation,Has Children,2012,Sweets,9
Medium,Graduation,Has Children,2012,Sweets,8
Medium,Graduation,Has Children,2013,Sweets,1
High,Diploma,Has Children,2012,Sweets,150
High,Graduation,Has Children,2013,Sweets,35
Medium,Graduation,Has Children,2013,Sweets,8
Medium,PhD,Has Children,2014,Sweets,0
High,Diploma,No Children,2013,Sweets,25
Medium,Graduation,Has Children,2014,Sweets,4
Medium,Graduation,Has Children,2013,Sweets,1
Low,Master,Has Children,2013,Sweets,2
High,Graduation,Has Children,2013,Sweets,45
Medium,Master,Has Children,2014,Sweets,2
High,Graduation,Has Children,2014,Sweets,44
High,Diploma,Has Children,2014,Sweets,14
High,Graduation,Has Children,2014,Sweets,38
High,Graduation,Has Children,2012,Sweets,37
Medium,Master,Has Children,2013,Sweets,4
Medium,Graduation,Has Children,2013,Sweets,15
Medium,Graduation,Has Children,2014,Sweets,0
Medium,Graduation,Has Children,2013,Sweets,24
Low,PhD,Has Children,2013,Sweets,2
Low,Graduation,Has Children,2013,Sweets,6
High,Graduation,No Children,2014,Sweets,23
High,PhD,No Children,2012,Sweets,86
Medium,Graduation,Has Children,2012,Sweets,0
Medium,PhD,Has Children,2012,Sweets,51
High,Master,No Children,2014,Sweets,62
High,Graduation,No Children,2013,Sweets,169
High,Graduation,Has Children,2013,Sweets,138
Low,PhD,Has Children,2013,Sweets,0
Medium,Diploma,Has Children,2013,Sweets,77
High,Graduation,No Children,2013,Sweets,139
Medium,Graduation,Has Children,2013,Sweets,14
Medium,PhD,Has Children,2014,Sweets,0
High,Graduation,Has Children,2014,Sweets,35
Medium,Master,Has Children,2013,Sweets,0
Medium,Master,Has Children,2013,Sweets,4
High,Graduation,Has Children,2013,Sweets,35
Medium,Diploma,No Children,2012,Sweets,188
Low,Graduation,Has Children,2013,Sweets,2
Medium,PhD,Has Children,2013,Sweets,3
High,Graduation,No Children,2013,Sweets,24
High,Master,No Children,2013,Sweets,0
Low,Master,Has Children,2013,Sweets,22
Low,Graduation,Has Children,2013,Sweets,9
Medium,Graduation,Has Children,2013,Sweets,1
Medium,PhD,Has Children,2013,Sweets,26
Medium,Graduation,Has Children,2014,Sweets,7
Medium,Graduation,Has Children,2013,Sweets,13
Medium,Graduation,Has Children,2012,Sweets,0
High,PhD,No Children,2013,Sweets,142
Medium,Graduation,Has Children,2013,Sweets,12
High,Diploma,Has Children,2012,Sweets,0
Medium,PhD,Has Children,2012,Sweets,58
Medium,PhD,Has Children,2013,Sweets,4
High,Master,No Children,2013,Sweets,72
Low,Master,Has Children,2014,Sweets,2
High,Master,No Children,2013,Sweets,57
High,Master,Has Children,2013,Sweets,15
High,PhD,No Children,2012,Sweets,21
Low,PhD,Has Children,2014,Sweets,1
Medium,Graduation,No Children,2013,Sweets,4
Medium,PhD,Has Children,2014,Sweets,4
Low,Graduation,Has Children,2014,Sweets,1
High,Diploma,No Children,2012,Sweets,107
Low,Graduation,Has Children,2013,Sweets,1
High,PhD,No Children,2012,Sweets,40
High,Graduation,No Children,2013,Sweets,0
High,PhD,No Children,2013,Sweets,38
High,Master,Has Children,2013,Sweets,12
Medium,Master,Has Children,2012,Sweets,5
Low,Master,No Children,2013,Sweets,2
High,PhD,No Children,2013,Sweets,58
Medium,Graduation,Has Children,2012,Sweets,24
High,PhD,Has Children,2012,Sweets,8
Low,Diploma,No Children,2013,Sweets,2
High,Graduation,Has Children,2013,Sweets,30
High,Graduation,Has Children,2013,Sweets,88
High,Graduation,No Children,2012,Sweets,29
High,Graduation,Has Children,2012,Sweets,0
Medium,Master,Has Children,2013,Sweets,2
Medium,Graduation,Has Children,2014,Sweets,0
Medium,Master,Has Children,2012,Sweets,3
High,Diploma,No Children,2014,Sweets,81
Low,PhD,Has Children,2014,Sweets,2
High,Graduation,Has Children,2013,Sweets,105
Medium,Graduation,Has Children,2014,Sweets,0
High,PhD,Has Children,2013,Sweets,6
Medium,Graduation,Has Children,2014,Sweets,5
Low,Diploma,No Children,2014,Sweets,8
Medium,Master,No Children,2012,Sweets,94
High,Graduation,No Children,2014,Sweets,165
High,PhD,Has Children,2013,Sweets,19
High,Graduation,Has Children,2013,Sweets,46
High,PhD,No Children,2012,Sweets,143
Medium,PhD,Has Children,2014,Sweets,1
Medium,PhD,Has Children,2014,Sweets,1
High,Master,Has Children,2013,Sweets,8
Medium,PhD,No Children,2014,Sweets,1
Medium,Graduation,Has Children,2012,Sweets,56
Medium,PhD,Has Children,2014,Sweets,0
High,PhD,No Children,2013,Sweets,83
High,Graduation,Has Children,2013,Sweets,138
Medium,Graduation,Has Children,2013,Sweets,6
High,PhD,No Children,2012,Sweets,38
High,Master,No Children,2014,Sweets,95
Medium,Graduation,Has Children,2013,Sweets,0
High,Graduation,Has Children,2014,Sweets,0
High,Graduation,No Children,2014,Sweets,14
Medium,Graduation,Has Children,2013,Sweets,10
Low,Basic,Has Children,2012,Sweets,0
High,PhD,No Children,2014,Sweets,63
High,PhD,No Children,2014,Sweets,262
Medium,PhD,Has Children,2013,Sweets,14
Medium,PhD,Has Children,2013,Sweets,0
Low,Graduation,No Children,2014,Sweets,4
High,Master,No Children,2014,Sweets,7
Low,Graduation,Has Children,2013,Sweets,1
Medium,Graduation,Has Children,2014,Sweets,0
High,Graduation,No Children,2013,Sweets,61
High,PhD,Has Children,2013,Sweets,19
Medium,Graduation,Has Children,2014,Sweets,1
Medium,Graduation,No Children,2013,Sweets,3
Medium,Master,Has Children,2013,Sweets,0
High,Diploma,No Children,2014,Sweets,23
High,Graduation,Has Children,2012,Sweets,53
High,Master,No Children,2012,Sweets,92
High,Graduation,Has Children,2012,Sweets,50
Medium,PhD,Has Children,2013,Sweets,0
Medium,Graduation,Has Children,2012,Sweets,0
Low,Graduation,No Children,2013,Sweets,4
Medium,PhD,Has Children,2013,Sweets,2
Low,Graduation,No Children,2013,Sweets,20
Medium,PhD,Has Children,2012,Sweets,0
Medium,Diploma,Has Children,2014,Sweets,5
High,Diploma,Has Children,2014,Sweets,185
High,Graduation,No Children,2012,Sweets,108
High,Master,No Children,2013,Sweets,66
High,Graduation,Has Children,2013,Sweets,22
Low,Master,Has Children,2013,Sweets,4
Medium,PhD,Has Children,2012,Sweets,0
High,Graduation,No Children,2013,Sweets,46
High,Graduation,No Children,2012,Sweets,84
High,Master,Has Children,2013,Sweets,91
High,PhD,Has Children,2013,Sweets,2
High,PhD,Has Children,2013,Sweets,17
Low,Master,Has Children,2014,Sweets,3
Low,Master,Has Children,2014,Sweets,4
High,Graduation,Has Children,2013,Sweets,38
Medium,Diploma,Has Children,2012,Sweets,5
Medium,PhD,Has Children,2013,Sweets,30
Medium,PhD,Has Children,2012,Sweets,0
Medium,Master,Has Children,2014,Sweets,0
Low,Graduation,Has Children,2013,Sweets,13
High,PhD,No Children,2014,Sweets,14
Low,Graduation,Has Children,2013,Sweets,2
Low,Graduation,Has Children,2012,Sweets,2
High,Graduation,No Children,2014,Sweets,141
Medium,Master,Has Children,2012,Sweets,6
High,Graduation,No Children,2013,Sweets,11
High,Graduation,No Children,2012,Sweets,26
High,Master,Has Children,2014,Sweets,85
Medium,Graduation,Has Children,2013,Sweets,2
Medium,Graduation,Has Children,2013,Sweets,7
Medium,PhD,No Children,2013,Sweets,0
Medium,Graduation,Has Children,2013,Sweets,29
High,Graduation,No Children,2014,Sweets,12
High,PhD,No Children,2012,Sweets,21
High,PhD,No Children,2013,Sweets,8
High,PhD,No Children,2014,Sweets,54
Low,Graduation,Has Children,2014,Sweets,1
Medium,Graduation,Has Children,2012,Sweets,6
High,Graduation,No Children,2013,Sweets,17
Medium,PhD,Has Children,2014,Sweets,2
High,Master,Has Children,2013,Sweets,179
High,PhD,No Children,2013,Sweets,0
Medium,Graduation,Has Children,2014,Sweets,3
Medium,Graduation,Has Children,2013,Sweets,10
Medium,Graduation,Has Children,2014,Sweets,0
High,Graduation,No Children,2013,Sweets,49
High,Graduation,Has Children,2013,Sweets,86
High,Graduation,Has Children,2014,Sweets,76
High,Graduation,No Children,2013,Sweets,94
High,Master,No Children,2014,Sweets,26
Medium,Graduation,Has Children,2013,Sweets,47
Medium,Graduation,Has Children,2014,Sweets,0
Medium,Graduation,Has Children,2013,Sweets,3
Medium,Graduation,Has Children,2013,Sweets,23
Medium,Diploma,Has Children,2013,Sweets,9
Low,Graduation,Has Children,2013,Sweets,4
Medium,Diploma,No Children,2012,Sweets,19
Medium,PhD,Has Children,2013,Sweets,0
Medium,Graduation,Has Children,2014,Sweets,3
Medium,Master,Has Children,2012,Sweets,1
Low,Graduation,Has Children,2013,Sweets,14
Low,PhD,Has Children,2012,Sweets,7
High,Graduation,No Children,2014,Sweets,143
Medium,Master,Has Children,2013,Sweets,5
Medium,Graduation,Has Children,2013,Sweets,0
Low,Graduation,Has Children,2012,Sweets,1
Medium,Graduation,Has Children,2013,Sweets,2
Medium,Graduation,No Children,2013,Sweets,26
Low,Graduation,Has Children,2013,Sweets,8
Medium,Graduation,Has Children,2014,Sweets,11
High,PhD,No Children,2013,Sweets,37
Medium,Master,Has Children,2013,Sweets,13
High,Master,No Children,2013,Sweets,29
High,Graduation,Has Children,2014,Sweets,100
Low,Graduation,Has Children,2013,Sweets,1
High,Diploma,No Children,2014,Sweets,101
High,Graduation,No Children,2012,Sweets,28
Medium,PhD,Has Children,2012,Sweets,31
Medium,PhD,Has Children,2013,Sweets,7
High,Diploma,Has Children,2014,Sweets,36
Low,Graduation,Has Children,2013,Sweets,2
Low,PhD,Has Children,2013,Sweets,0
Low,Graduation,Has Children,2012,Sweets,21
Medium,Graduation,No Children,2014,Sweets,0
Medium,Master,Has Children,2013,Sweets,0
Medium,Graduation,Has Children,2013,Sweets,0
High,Graduation,Has Children,2012,Sweets,93
Medium,Graduation,Has Children,2013,Sweets,0
High,PhD,Has Children,2013,Sweets,13
High,PhD,Has Children,2014,Sweets,14
High,Graduation,No Children,2013,Sweets,34
Medium,Graduation,Has Children,2013,Sweets,12
High,Graduation,No Children,2013,Sweets,194
Medium,Basic,No Children,2013,Sweets,129
High,Graduation,No Children,2012,Sweets,48
Medium,Diploma,Has Children,2013,Sweets,1
Medium,Graduation,No Children,2013,Sweets,21
Low,Graduation,Has Children,2013,Sweets,1
Low,Graduation,Has Children,2014,Sweets,0
Medium,Graduation,Has Children,2012,Sweets,3
Low,Graduation,Has Children,2014,Sweets,10
Medium,Master,Has Children,2013,Sweets,7
Medium,Graduation,Has Children,2014,Sweets,7
High,Master,Has Children,2014,Sweets,0
High,PhD,Has Children,2013,Sweets,10
Medium,Master,Has Children,2014,Sweets,3
Low,Graduation,Has Children,2013,Sweets,4
Low,Graduation,No Children,2013,Sweets,2
Medium,Master,Has Children,2012,Sweets,49
Low,Diploma,Has Children,2012,Sweets,14
High,PhD,Has Children,2013,Sweets,17
High,Graduation,Has Children,2013,Sweets,7
Low,Graduation,Has Children,2013,Sweets,5
Medium,Graduation,Has Children,2013,Sweets,101
Medium,Graduation,Has Children,2013,Sweets,10
High,Graduation,Has Children,2013,Sweets,17
High,Graduation,Has Children,2012,Sweets,61
High,Graduation,Has Children,2013,Sweets,6
Medium,Graduation,Has Children,2013,Sweets,5
High,Graduation,No Children,2013,Sweets,61
Medium,Graduation,No Children,2013,Sweets,42
High,Graduation,Has Children,2012,Sweets,102
Low,Graduation,Has Children,2013,Sweets,5
Medium,Master,Has Children,2013,Sweets,0
Medium,Graduation,Has Children,2012,Sweets,34
Medium,Graduation,Has Children,2013,Sweets,25
Medium,Graduation,Has Children,2014,Sweets,1
High,Graduation,No Children,2013,Sweets,80
High,Graduation,Has Children,2012,Sweets,44
High,Diploma,No Children,2013,Sweets,98
Medium,Graduation,Has Children,2013,Sweets,2
Medium,Graduation,Has Children,2013,Sweets,4
High,Graduation,Has Children,2014,Sweets,53
Medium,Master,Has Children,2014,Sweets,0
Medium,Graduation,Has Children,2014,Sweets,0
Low,Graduation,No Children,2013,Sweets,17
High,Graduation,Has Children,2012,Sweets,0
High,PhD,Has Children,2013,Sweets,44
Medium,Graduation,Has Children,2013,Sweets,8
Medium,Master,Has Children,2013,Sweets,66
Medium,Graduation,Has Children,2013,Sweets,8
Medium,PhD,Has Children,2013,Sweets,2
High,PhD,No Children,2013,Sweets,54
Medium,Graduation,Has Children,2013,Sweets,0
High,Graduation,Has Children,2012,Sweets,80
High,Graduation,Has Children,2013,Sweets,151
Medium,Graduation,No Children,2013,Sweets,6
High,PhD,Has Children,2012,Sweets,33
Medium,Graduation,Has Children,2014,Sweets,14
Medium,Graduation,Has Children,2013,Sweets,1
Medium,Graduation,Has Children,2013,Sweets,9
High,Graduation,Has Children,2013,Sweets,39
Low,Graduation,Has Children,2013,Sweets,2
Medium,PhD,No Children,2013,Sweets,59
High,Graduation,No Children,2013,Sweets,80
High,Graduation,Has Children,2014,Sweets,54
Low,Master,Has Children,2013,Sweets,0
Low,Basic,No Children,2014,Sweets,7
Medium,Graduation,Has Children,2013,Sweets,0
Medium,Master,Has Children,2013,Sweets,0
Low,Graduation,Has Children,2012,Sweets,9
Medium,Graduation,Has Children,2013,Sweets,6
Medium,Graduation,Has Children,2012,Sweets,6
High,Graduation,No Children,2013,Sweets,89
Medium,Master,No Children,2013,Sweets,126
Medium,Graduation,Has Children,2013,Sweets,47
High,Diploma,No Children,2012,Sweets,17
High,Graduation,Has Children,2014,Sweets,73
Medium,Graduation,Has Children,2013,Sweets,0
Medium,Master,Has Children,2013,Sweets,1
Medium,Master,Has Children,2013,Sweets,3
Low,Basic,No Children,2013,Sweets,1
High,Graduation,Has Children,2014,Sweets,15
High,Graduation,No Children,2012,Sweets,61
Medium,Master,Has Children,2012,Sweets,49
Medium,PhD,Has Children,2013,Sweets,0
High,Graduation,No Children,2013,Sweets,192
Medium,Graduation,Has Children,2013,Sweets,4
High,Master,Has Children,2012,Sweets,0
High,Graduation,Has Children,2012,Sweets,12
Medium,Master,Has Children,2014,Sweets,0
High,PhD,Has Children,2014,Sweets,28
Low,Diploma,Has Children,2012,Sweets,4
High,PhD,Has Children,2014,Sweets,24
Low,Basic,No Children,2013,Sweets,12
Low,Basic,Has Children,2012,Sweets,16
Medium,Master,Has Children,2013,Sweets,5
High,Graduation,Has Children,2012,Sweets,0
Medium,Master,Has Children,2013,Sweets,2
High,Graduation,No Children,2012,Sweets,79
Medium,Graduation,Has Children,2013,Sweets,43
Medium,PhD,No Children,2012,Sweets,8
Medium,Graduation,Has Children,2014,Sweets,0
Medium,Master,Has Children,2013,Sweets,6
Medium,Master,Has Children,2013,Sweets,3
High,Master,Has Children,2013,Sweets,9
Low,Diploma,Has Children,2013,Sweets,2
High,PhD,Has Children,2014,Sweets,10
High,Master,No Children,2013,Sweets,56
Low,Graduation,Has Children,2012,Sweets,2
Medium,Master,Has Children,2012,Sweets,8
Low,Diploma,Has Children,2013,Sweets,0
Medium,Graduation,Has Children,2012,Sweets,0
Medium,Diploma,Has Children,2012,Sweets,21
Medium,Graduation,Has Children,2014,Sweets,0
High,Graduation,No Children,2013,Sweets,30
High,Graduation,Has Children,2013,Sweets,9
High,PhD,No Children,2013,Sweets,89
High,PhD,No Children,2012,Sweets,25
Medium,Graduation,Has Children,2013,Sweets,0
Medium,Graduation,Has Children,2013,Sweets,3
High,Master,No Children,2013,Sweets,38
Low,Basic,Has Children,2012,Sweets,30
High,Master,No Children,2014,Sweets,0
Medium,Graduation,Has Children,2014,Sweets,7
Medium,Graduation,Has Children,2013,Sweets,11
Low,Graduation,Has Children,2014,Sweets,1
High,Master,Has Children,2014,Sweets,12
Low,Master,Has Children,2012,Sweets,2
Low,Graduation,Has Children,2014,Sweets,6
Medium,Graduation,Has Children,2014,Sweets,1
Medium,Graduation,Has Children,2013,Sweets,0
Low,Graduation,No Children,2014,Sweets,1
High,Graduation,Has Children,2014,Sweets,15
High,Graduation,No Children,2013,Sweets,36
Low,PhD,Has Children,2014,Sweets,1
Medium,Master,Has Children,2014,Sweets,2
High,PhD,Has Children,2013,Sweets,14
Medium,PhD,Has Children,2013,Sweets,1
Medium,Master,Has Children,2013,Sweets,1
High,Graduation,No Children,2012,Sweets,48
Low,Graduation,Has Children,2014,Sweets,10
Medium,Graduation,Has Children,2013,Sweets,11
Medium,Master,Has Children,2013,Sweets,5
Medium,Diploma,Has Children,2014,Sweets,7
Medium,Diploma,Has Children,2014,Sweets,10
Medium,Master,Has Children,2014,Sweets,2
Medium,PhD,Has Children,2014,Sweets,7
Medium,Graduation,Has Children,2014,Sweets,42
High,PhD,Has Children,2012,Sweets,46
High,Graduation,Has Children,2014,Sweets,12
Medium,Graduation,Has Children,2013,Sweets,15
High,Diploma,No Children,2013,Sweets,102
Low,Basic,Has Children,2013,Sweets,1
Medium,PhD,Has Children,2013,Sweets,0
High,Graduation,Has Children,2013,Sweets,138
High,Master,No Children,2013,Sweets,28
High,Graduation,No Children,2013,Sweets,192
Medium,Graduation,Has Children,2013,Sweets,2
High,Graduation,Has Children,2014,Sweets,5
High,Diploma,No Children,2013,Sweets,0
High,Graduation,Has Children,2014,Sweets,93
High,Graduation,Has Children,2013,Sweets,38
High,Graduation,Has Children,2014,Sweets,7
High,PhD,No Children,2013,Sweets,92
High,Master,No Children,2012,Sweets,68
Medium,PhD,Has Children,2012,Sweets,3
Medium,Graduation,Has Children,2013,Sweets,10
Medium,Graduation,Has Children,2013,Sweets,6
Low,Graduation,Has Children,2013,Sweets,2
Medium,PhD,Has Children,2013,Sweets,0
Medium,Graduation,No Children,2014,Sweets,26
Low,Basic,Has Children,2013,Sweets,14
Medium,Diploma,Has Children,2014,Sweets,0
High,Graduation,Has Children,2013,Sweets,9
High,Master,Has Children,2014,Sweets,0
High,PhD,No Children,2014,Sweets,45
High,Master,No Children,2014,Sweets,0
Low,Basic,Has Children,2014,Sweets,2
High,Master,No Children,2013,Sweets,111
Medium,Graduation,Has Children,2013,Sweets,4
Low,Graduation,No Children,2012,Sweets,2
High,Diploma,No Children,2012,Sweets,133
High,Graduation,Has Children,2012,Sweets,26
Low,Master,Has Children,2013,Sweets,2
Medium,Graduation,No Children,2014,Sweets,2
Medium,Graduation,Has Children,2013,Sweets,4
Medium,Graduation,Has Children,2013,Sweets,0
Medium,Graduation,Has Children,2014,Sweets,0
Low,Basic,Has Children,2013,Sweets,8
Medium,Graduation,Has Children,2012,Sweets,8
Medium,PhD,Has Children,2012,Sweets,3
High,Graduation,Has Children,2013,Sweets,78
Low,Graduation,No Children,2013,Sweets,4
Medium,Graduation,Has Children,2012,Sweets,0
High,Graduation,Has Children,2012,Sweets,43
Medium,Graduation,Has Children,2014,Sweets,0
Low,Basic,Has Children,2012,Sweets,4
Medium,Graduation,Has Children,2013,Sweets,0
Medium,Diploma,Has Children,2013,Sweets,0
High,Graduation,No Children,2014,Sweets,27
Medium,Master,Has Children,2014,Sweets,1
High,Diploma,No Children,2012,Sweets,55
Low,Graduation,Has Children,2013,Sweets,3
Medium,Graduation,Has Children,2012,Sweets,0
Low,Graduation,Has Children,2013,Sweets,3
High,PhD,No Children,2014,Sweets,125
Low,Graduation,Has Children,2013,Sweets,0
Medium,Master,Has Children,2012,Sweets,24
Medium,Graduation,Has Children,2013,Sweets,48
High,Master,No Children,2013,Sweets,13
Low,Diploma,Has Children,2013,Sweets,8
Medium,Master,Has Children,2014,Sweets,3
Medium,PhD,Has Children,2014,Sweets,0
Medium,Graduation,Has Children,2012,Sweets,0
High,Graduation,Has Children,2013,Sweets,17
Medium,Graduation,Has Children,2013,Sweets,0
Medium,Diploma,No Children,2012,Sweets,4
Low,Graduation,Has Children,2014,Sweets,0
Low,Graduation,Has Children,2013,Sweets,1
Medium,Master,No Children,2012,Sweets,10
Low,Graduation,No Children,2012,Sweets,4
Medium,Graduation,Has Children,2013,Sweets,2
High,Graduation,Has Children,2013,Sweets,118
High,PhD,Has Children,2014,Sweets,0
Medium,Graduation,No Children,2014,Sweets,12
High,Master,Has Children,2014,Sweets,30
Medium,PhD,Has Children,2012,Sweets,1
Medium,Graduation,No Children,2012,Gold,88
Medium,Graduation,Has Children,2014,Gold,6
High,Graduation,No Children,2013,Gold,42
Low,Graduation,Has Children,2014,Gold,5
Medium,PhD,Has Children,2014,Gold,15
High,Master,Has Children,2013,Gold,14
Medium,Graduation,Has Children,2012,Gold,27
Medium,PhD,Has Children,2013,Gold,23
Medium,PhD,Has Children,2013,Gold,2
Low,PhD,Has Children,2014,Gold,13
Medium,Graduation,Has Children,2013,Gold,1
Low,Basic,No Children,2012,Gold,16
High,Graduation,No Children,2013,Gold,30
Medium,Master,Has Children,2013,Gold,14
Low,Graduation,No Children,2012,Gold,5
High,PhD,No Children,2012,Gold,45
Medium,Graduation,Has Children,2012,Gold,4
Medium,Graduation,No Children,2012,Gold,28
High,Master,Has Children,2013,Gold,176
Medium,Diploma,Has Children,2012,Gold,39
Medium,Graduation,No Children,2012,Gold,48
Low,Graduation,Has Children,2013,Gold,1
Medium,PhD,Has Children,2012,Gold,19
High,PhD,Has Children,2014,Gold,5
Medium,Graduation,Has Children,2013,Gold,99
Low,Graduation,No Children,2013,Gold,13
Medium,Graduation,Has Children,2013,Gold,41
Medium,Graduation,Has Children,2013,Gold,362
Medium,Graduation,Has Children,2013,Gold,10
High,PhD,No Children,2013,Gold,0
Low,Master,No Children,2014,Gold,4
Medium,Master,No Children,2013,Gold,89
Medium,Graduation,Has Children,2012,Gold,3
Medium,PhD,Has Children,2012,Gold,43
High,Master,No Children,2013,Gold,22
Medium,Master,Has Children,2013,Gold,3
High,PhD,Has Children,2013,Gold,35
Low,Diploma,Has Children,2013,Gold,36
Medium,Graduation,Has Children,2014,Gold,4
Medium,PhD,No Children,2013,Gold,42
High,Graduation,Has Children,2013,Gold,102
Low,Master,Has Children,2013,Gold,7
Low,Graduation,Has Children,2012,Gold,3
Medium,PhD,No Children,2013,Gold,39
Low,Master,Has Children,2013,Gold,12
High,Graduation,No Children,2014,Gold,174
Low,Diploma,No Children,2012,Gold,50
Medium,Graduation,Has Children,2013,Gold,13
Medium,Graduation,Has Children,2014,Gold,7
High,PhD,Has Children,2012,Gold,38
High,Graduation,Has Children,2014,Gold,14
High,Master,No Children,2012,Gold,32
Medium,Graduation,Has Children,2013,Gold,3
High,Graduation,No Children,2014,Gold,241
High,Graduation,Has Children,2013,Gold,109
High,Master,No Children,2012,Gold,190
High,Graduation,No Children,2013,Gold,40
Low,Graduation,Has Children,2014,Gold,5
Medium,Graduation,Has Children,2013,Gold,6
Medium,PhD,Has Children,2014,Gold,43
High,Master,No Children,2013,Gold,80
High,Graduation,Has Children,2012,Gold,6
High,Graduation,Has Children,2013,Gold,169
High,PhD,Has Children,2013,Gold,6
High,Graduation,No Children,2013,Gold,30
Low,Graduation,Has Children,2013,Gold,15
Medium,Graduation,Has Children,2014,Gold,0
High,Diploma,Has Children,2014,Gold,38
High,Graduation,Has Children,2013,Gold,109
High,Graduation,Has Children,2013,Gold,73
High,Master,No Children,2012,Gold,12
Medium,Diploma,Has Children,2012,Gold,17
High,Graduation,Has Children,2013,Gold,86
High,PhD,Has Children,2013,Gold,19
Low,Graduation,No Children,2014,Gold,9
Medium,Graduation,Has Children,2012,Gold,1
High,Master,No Children,2012,Gold,18
High,Graduation,No Children,2012,Gold,51
Low,Diploma,No Children,2013,Gold,9
Medium,Graduation,No Children,2013,Gold,51
Low,Graduation,Has Children,2012,Gold,17
Low,Graduation,Has Children,2013,Gold,4
Low,Diploma,Has Children,2013,Gold,23
Medium,Master,No Children,2013,Gold,89
High,Graduation,No Children,2014,Gold,76
Low,Graduation,Has Children,2013,Gold,3
Medium,Master,Has Children,2013,Gold,5
Medium,Graduation,Has Children,2014,Gold,34
High,Graduation,No Children,2014,Gold,145
Medium,Graduation,Has Children,2014,Gold,7
Medium,PhD,Has Children,2012,Gold,53
Medium,Graduation,Has Children,2014,Gold,1
Medium,Master,No Children,2013,Gold,18
Medium,Master,Has Children,2014,Gold,4
Low,PhD,Has Children,2014,Gold,0
Medium,Graduation,Has Children,2014,Gold,9
Medium,Graduation,Has Children,2012,Gold,75
Medium,Graduation,Has Children,2013,Gold,2
High,Diploma,No Children,2013,Gold,223
Medium,PhD,No Children,2013,Gold,11
Medium,Diploma,Has Children,2013,Gold,10
Medium,PhD,Has Children,2014,Gold,5
High,Graduation,Has Children,2013,Gold,111
High,PhD,No Children,2013,Gold,81
High,Graduation,No Children,2014,Gold,38
Low,Basic,Has Children,2013,Gold,9
Medium,Graduation,Has Children,2013,Gold,7
Medium,Graduation,Has Children,2013,Gold,65
Medium,Graduation,Has Children,2012,Gold,27
High,Master,No Children,2012,Gold,43
High,Graduation,Has Children,2013,Gold,79
High,PhD,No Children,2012,Gold,86
Medium,Master,Has Children,2014,Gold,60
High,Graduation,No Children,2013,Gold,22
Medium,PhD,Has Children,2012,Gold,72
Medium,Graduation,Has Children,2013,Gold,27
High,Graduation,No Children,2014,Gold,33
Medium,Diploma,Has Children,2013,Gold,120
Medium,Diploma,Has Children,2013,Gold,30
Low,Graduation,Has Children,2013,Gold,3
Medium,Master,Has Children,2013,Gold,48
Medium,Master,Has Children,2014,Gold,10
Low,Master,Has Children,2013,Gold,7
Medium,Graduation,Has Children,2013,Gold,2
High,Graduation,No Children,2013,Gold,168
High,Diploma,No Children,2013,Gold,172
High,Graduation,No Children,2013,Gold,216
Medium,Master,Has Children,2014,Gold,4
Medium,PhD,Has Children,2013,Gold,15
High,PhD,Has Children,2014,Gold,12
High,Graduation,Has Children,2013,Gold,58
High,Master,Has Children,2013,Gold,41
High,Graduation,No Children,2014,Gold,130
Medium,Graduation,Has Children,2013,Gold,124
Medium,PhD,Has Children,2013,Gold,23
High,PhD,No Children,2013,Gold,0
Low,Basic,Has Children,2012,Gold,9
Medium,PhD,Has Children,2013,Gold,16
Medium,PhD,Has Children,2014,Gold,20
Medium,PhD,Has Children,2013,Gold,4
High,Master,No Children,2012,Gold,20
High,Master,Has Children,2013,Gold,50
High,Graduation,No Children,2013,Gold,126
High,PhD,Has Children,2013,Gold,33
Medium,Graduation,Has Children,2013,Gold,116
Medium,Graduation,Has Children,2012,Gold,49
Low,Graduation,Has Children,2012,Gold,16
Medium,Graduation,Has Children,2013,Gold,4
Medium,Diploma,Has Children,2012,Gold,32
Medium,Master,No Children,2014,Gold,8
Medium,Master,Has Children,2014,Gold,13
High,Graduation,Has Children,2014,Gold,13
Medium,Diploma,Has Children,2012,Gold,91
Medium,Graduation,Has Children,2014,Gold,20
High,PhD,Has Children,2012,Gold,76
High,Graduation,No Children,2013,Gold,42
Medium,Graduation,Has Children,2013,Gold,3
High,Graduation,Has Children,2013,Gold,0
Medium,Graduation,Has Children,2013,Gold,14
High,Graduation,No Children,2013,Gold,57
Medium,Master,Has Children,2013,Gold,5
High,PhD,No Children,2012,Gold,33
Low,Graduation,Has Children,2014,Gold,5
High,PhD,No Children,2013,Gold,12
Medium,Graduation,Has Children,2013,Gold,28
High,Graduation,No Children,2013,Gold,27
Medium,Graduation,No Children,2013,Gold,2
High,Graduation,No Children,2013,Gold,124
Low,Graduation,Has Children,2014,Gold,20
Medium,Graduation,Has Children,2014,Gold,7
Low,Graduation,Has Children,2013,Gold,16
Medium,Graduation,Has Children,2014,Gold,27
Medium,PhD,Has Children,2014,Gold,6
Medium,Graduation,Has Children,2014,Gold,48
High,PhD,Has Children,2012,Gold,26
High,PhD,No Children,2012,Gold,111
Medium,PhD,Has Children,2014,Gold,2
Medium,Graduation,Has Children,2014,Gold,1
High,Diploma,No Children,2013,Gold,223
Medium,PhD,Has Children,2014,Gold,7
Low,Diploma,Has Children,2014,Gold,9
High,Master,No Children,2013,Gold,141
Medium,Master,Has Children,2014,Gold,12
Low,Basic,No Children,2014,Gold,10
Low,Graduation,Has Children,2012,Gold,7
Medium,PhD,Has Children,2014,Gold,2
High,Graduation,Has Children,2013,Gold,117
High,Graduation,No Children,2013,Gold,15
Medium,PhD,Has Children,2013,Gold,4
Low,Basic,Has Children,2012,Gold,36
High,PhD,No Children,2013,Gold,102
Medium,Graduation,Has Children,2013,Gold,22
Medium,Graduation,Has Children,2013,Gold,12
Medium,Graduation,Has Children,2013,Gold,7
High,Master,No Children,2014,Gold,8
High,Graduation,No Children,2013,Gold,51
High,Graduation,No Children,2013,Gold,172
Medium,PhD,Has Children,2014,Gold,79
High,Graduation,Has Children,2014,Gold,39
High,Graduation,No Children,2013,Gold,92
High,Graduation,Has Children,2013,Gold,54
High,PhD,No Children,2012,Gold,58
Medium,PhD,Has Children,2013,Gold,3
Low,Master,No Children,2012,Gold,15
Low,Graduation,Has Children,2013,Gold,14
Medium,Master,Has Children,2013,Gold,21
Medium,Graduation,Has Children,2014,Gold,4
High,Graduation,Has Children,2012,Gold,192
Medium,Graduation,Has Children,2013,Gold,8
High,Graduation,No Children,2014,Gold,12
Medium,PhD,Has Children,2012,Gold,10
Medium,Master,Has Children,2013,Gold,44
High,Graduation,No Children,2013,Gold,54
Medium,Graduation,Has Children,2014,Gold,89
Medium,Diploma,Has Children,2014,Gold,1
High,Master,No Children,2013,Gold,16
Medium,Master,Has Children,2013,Gold,66
High,Graduation,Has Children,2012,Gold,43
Medium,Diploma,Has Children,2014,Gold,18
High,Graduation,No Children,2013,Gold,10
High,PhD,Has Children,2014,Gold,14
Medium,PhD,Has Children,2013,Gold,3
High,Graduation,Has Children,2012,Gold,92
Medium,Graduation,Has Children,2013,Gold,39
Medium,Graduation,Has Children,2012,Gold,182
Medium,Graduation,Has Children,2012,Gold,92
High,PhD,No Children,2012,Gold,17
Medium,PhD,Has Children,2014,Gold,0
Medium,Graduation,Has Children,2013,Gold,39
High,Diploma,Has Children,2013,Gold,27
Medium,Graduation,Has Children,2013,Gold,3
Low,Graduation,No Children,2014,Gold,4
High,PhD,Has Children,2013,Gold,32
Low,Diploma,Has Children,2013,Gold,21
Low,Master,Has Children,2013,Gold,1
High,PhD,Has Children,2013,Gold,11
Low,Graduation,Has Children,2013,Gold,20
High,Graduation,No Children,2013,Gold,20
High,Graduation,Has Children,2012,Gold,38
Low,Graduation,Has Children,2013,Gold,1
High,Graduation,No Children,2013,Gold,181
High,Graduation,Has Children,2012,Gold,152
Medium,PhD,Has Children,2014,Gold,1
High,Graduation,Has Children,2013,Gold,80
High,Graduation,Has Children,2013,Gold,77
High,PhD,No Children,2012,Gold,172
High,Master,Has Children,2012,Gold,70
Medium,Master,Has Children,2013,Gold,13
Low,Graduation,Has Children,2013,Gold,11
High,Graduation,No Children,2013,Gold,148
Low,Diploma,No Children,2012,Gold,25
High,Graduation,Has Children,2012,Gold,30
Medium,PhD,Has Children,2012,Gold,1
High,PhD,Has Children,2012,Gold,21
Medium,Graduation,Has Children,2012,Gold,12
Low,Graduation,Has Children,2013,Gold,10
Medium,PhD,Has Children,2013,Gold,2
Low,Graduation,Has Children,2012,Gold,13
High,PhD,Has Children,2013,Gold,24
Medium,Master,Has Children,2014,Gold,7
Medium,PhD,Has Children,2012,Gold,5
Medium,Master,Has Children,2013,Gold,20
Medium,Master,Has Children,2013,Gold,20
High,Graduation,No Children,2014,Gold,241
Medium,PhD,Has Children,2012,Gold,69
High,Graduation,No Children,2013,Gold,116
Low,Graduation,Has Children,2013,Gold,21
High,Graduation,No Children,2012,Gold,146
Medium,Master,Has Children,2014,Gold,6
High,PhD,Has Children,2014,Gold,13
Low,Graduation,Has Children,2014,Gold,4
Medium,Graduation,Has Children,2013,Gold,10
High,PhD,Has Children,2013,Gold,7
High,Graduation,No Children,2013,Gold,162
High,Master,No Children,2014,Gold,15
High,PhD,No Children,2013,Gold,54
High,Master,Has Children,2013,Gold,131
Low,Basic,Has Children,2013,Gold,17
Medium,Graduation,Has Children,2012,Gold,182
Medium,Graduation,No Children,2012,Gold,28
High,PhD,Has Children,2014,Gold,66
Medium,Master,Has Children,2014,Gold,3
Medium,Graduation,Has Children,2013,Gold,20
High,Graduation,No Children,2013,Gold,74
Medium,Master,Has Children,2013,Gold,135
High,Graduation,No Children,2014,Gold,28
Medium,Master,No Children,2013,Gold,51
Medium,Diploma,No Children,2013,Gold,12
Medium,Graduation,Has Children,2013,Gold,14
High,Graduation,No Children,2012,Gold,203
Low,Graduation,Has Children,2014,Gold,13
Low,Graduation,Has Children,2013,Gold,8
Medium,Master,Has Children,2012,Gold,40
Medium,Diploma,Has Children,2013,Gold,8
Medium,Master,Has Children,2013,Gold,11
High,Graduation,No Children,2013,Gold,38
Medium,PhD,Has Children,2014,Gold,35
Medium,Graduation,Has Children,2014,Gold,10
Medium,Diploma,Has Children,2013,Gold,28
Medium,PhD,Has Children,2014,Gold,0
Medium,Graduation,Has Children,2014,Gold,52
Low,Graduation,Has Children,2013,Gold,25
High,Master,No Children,2013,Gold,63
Low,Graduation,No Children,2012,Gold,15
High,Graduation,No Children,2014,Gold,11
High,Master,Has Children,2013,Gold,10
Medium,Master,No Children,2013,Gold,15
Low,Graduation,Has Children,2014,Gold,17
Low,Graduation,Has Children,2013,Gold,2
Medium,Graduation,No Children,2013,Gold,61
High,Master,No Children,2013,Gold,14
Medium,Graduation,Has Children,2013,Gold,17
Low,Master,Has Children,2014,Gold,1
Medium,Graduation,Has Children,2013,Gold,27
High,Graduation,Has Children,2012,Gold,50
Medium,Graduation,Has Children,2013,Gold,6
Medium,Graduation,Has Children,2013,Gold,20
High,Graduation,Has Children,2013,Gold,77
Medium,Graduation,Has Children,2013,Gold,9
Medium,PhD,Has Children,2014,Gold,1
High,PhD,Has Children,2013,Gold,73
Medium,Graduation,Has Children,2013,Gold,41
High,Graduation,No Children,2013,Gold,126
Low,PhD,Has Children,2013,Gold,9
Low,Graduation,Has Children,2013,Gold,2
Medium,PhD,Has Children,2013,Gold,0
Low,PhD,Has Children,2013,Gold,11
Low,Graduation,Has Children,2013,Gold,4
Medium,PhD,No Children,2013,Gold,6
High,PhD,Has Children,2013,Gold,23
Medium,Master,Has Children,2013,Gold,18
Low,Graduation,Has Children,2013,Gold,8
High,Graduation,Has Children,2012,Gold,139
High,Graduation,No Children,2012,Gold,30
Medium,Graduation,Has Children,2012,Gold,21
High,Graduation,No Children,2013,Gold,122
High,Graduation,No Children,2012,Gold,38
Medium,Graduation,No Children,2013,Gold,18
Medium,PhD,Has Children,2012,Gold,34
Medium,PhD,Has Children,2013,Gold,14
Low,Basic,Has Children,2013,Gold,3
High,Graduation,No Children,2013,Gold,173
Medium,Graduation,Has Children,2013,Gold,3
High,Graduation,No Children,2014,Gold,218
Medium,Graduation,Has Children,2012,Gold,7
Medium,Master,Has Children,2014,Gold,4
High,Graduation,Has Children,2013,Gold,8
High,Graduation,Has Children,2013,Gold,93
High,PhD,No Children,2013,Gold,0
High,Graduation,No Children,2012,Gold,22
Medium,PhD,Has Children,2012,Gold,12
Medium,Graduation,Has Children,2013,Gold,10
Medium,Graduation,Has Children,2013,Gold,10
High,PhD,No Children,2012,Gold,48
High,Master,No Children,2013,Gold,8
Medium,PhD,Has Children,2013,Gold,38
High,Graduation,No Children,2012,Gold,61
High,PhD,Has Children,2014,Gold,41
Low,Graduation,Has Children,2014,Gold,6
Medium,PhD,Has Children,2012,Gold,5
Medium,Graduation,Has Children,2012,Gold,65
Medium,Graduation,Has Children,2012,Gold,142
High,Graduation,No Children,2013,Gold,29
Medium,Graduation,Has Children,2013,Gold,9
High,Graduation,No Children,2012,Gold,233
Medium,PhD,Has Children,2012,Gold,38
Medium,Diploma,Has Children,2014,Gold,3
Medium,Graduation,Has Children,2012,Gold,38
Low,Master,Has Children,2013,Gold,11
High,Graduation,Has Children,2012,Gold,101
Medium,PhD,Has Children,2013,Gold,3
Medium,Master,Has Children,2012,Gold,36
Low,Graduation,No Children,2013,Gold,39
Medium,Graduation,Has Children,2012,Gold,1
High,PhD,Has Children,2013,Gold,157
Medium,Graduation,Has Children,2013,Gold,12
Medium,PhD,Has Children,2013,Gold,1
Low,Graduation,Has Children,2013,Gold,6
Low,Graduation,No Children,2012,Gold,55
Medium,Diploma,Has Children,2012,Gold,32
Medium,Master,Has Children,2014,Gold,6
Low,Graduation,Has Children,2013,Gold,13
Medium,Master,Has Children,2013,Gold,107
High,Graduation,Has Children,2012,Gold,159
Medium,Graduation,Has Children,2012,Gold,23
High,PhD,Has Children,2013,Gold,86
High,Graduation,No Children,2014,Gold,57
High,Master,Has Children,2013,Gold,4
High,Graduation,No Children,2014,Gold,81
Medium,PhD,No Children,2013,Gold,24
High,Master,Has Children,2014,Gold,78
High,PhD,No Children,2013,Gold,45
Medium,Graduation,Has Children,2012,Gold,32
Low,Graduation,Has Children,2012,Gold,19
Low,Graduation,Has Children,2012,Gold,5
Low,Diploma,Has Children,2012,Gold,35
Medium,Diploma,Has Children,2013,Gold,7
High,Graduation,No Children,2012,Gold,21
Medium,Graduation,Has Children,2013,Gold,19
Medium,Graduation,No Children,2013,Gold,110
Medium,PhD,Has Children,2013,Gold,4
Medium,Graduation,Has Children,2014,Gold,2
Low,PhD,Has Children,2012,Gold,3
High,PhD,Has Children,2014,Gold,10
Medium,PhD,Has Children,2013,Gold,2
Medium,Graduation,Has Children,2012,Gold,4
Low,Diploma,Has Children,2012,Gold,32
Medium,Graduation,Has Children,2012,Gold,26
High,PhD,Has Children,2013,Gold,14
Medium,Graduation,Has Children,2012,Gold,6
High,Graduation,Has Children,2013,Gold,125
High,PhD,No Children,2014,Gold,12
Low,Diploma,Has Children,2013,Gold,28
High,Graduation,No Children,2014,Gold,26
High,Graduation,No Children,2013,Gold,114
Medium,Master,Has Children,2013,Gold,28
Medium,PhD,Has Children,2014,Gold,3
Medium,Graduation,Has Children,2014,Gold,9
Low,Master,Has Children,2014,Gold,1
High,Master,No Children,2013,Gold,68
High,PhD,No Children,2013,Gold,21
Medium,Graduation,Has Children,2013,Gold,1
High,Graduation,No Children,2014,Gold,33
High,Graduation,Has Children,2014,Gold,57
Low,Diploma,Has Children,2014,Gold,12
High,Graduation,Has Children,2013,Gold,172
High,PhD,No Children,2013,Gold,16
Medium,Graduation,Has Children,2012,Gold,191
High,Diploma,Has Children,2013,Gold,95
High,Graduation,Has Children,2013,Gold,114
Medium,Graduation,Has Children,2014,Gold,5
Medium,Master,Has Children,2013,Gold,6
High,Graduation,Has Children,2013,Gold,14
Medium,Master,Has Children,2013,Gold,22
Medium,PhD,Has Children,2013,Gold,5
Low,Diploma,Has Children,2013,Gold,9
Low,Graduation,Has Children,2013,Gold,4
Medium,PhD,Has Children,2013,Gold,4
Low,Graduation,No Children,2013,Gold,1
Medium,Graduation,Has Children,2012,Gold,1
Low,Diploma,No Children,2014,Gold,12
Low,Graduation,No Children,2013,Gold,5
Medium,Master,Has Children,2013,Gold,10
High,Graduation,No Children,2013,Gold,37
Low,Graduation,Has Children,2013,Gold,5
Medium,PhD,Has Children,2013,Gold,35
Medium,Graduation,Has Children,2013,Gold,33
Medium,Graduation,Has Children,2013,Gold,37
Medium,Master,Has Children,2013,Gold,3
High,Diploma,Has Children,2013,Gold,23
High,Graduation,Has Children,2012,Gold,9
Medium,Graduation,Has Children,2012,Gold,42
High,Diploma,No Children,2012,Gold,64
Medium,Master,Has Children,2013,Gold,46
Medium,Graduation,Has Children,2014,Gold,5
High,Diploma,No Children,2012,Gold,32
High,Graduation,Has Children,2014,Gold,66
High,Graduation,No Children,2013,Gold,122
Medium,PhD,Has Children,2014,Gold,14
High,Graduation,No Children,2014,Gold,241
Medium,Graduation,Has Children,2014,Gold,37
High,PhD,No Children,2014,Gold,0
High,PhD,No Children,2013,Gold,17
Medium,Graduation,Has Children,2012,Gold,3
Medium,Graduation,Has Children,2014,Gold,5
Medium,PhD,Has Children,2012,Gold,58
High,Graduation,Has Children,2013,Gold,89
Medium,Graduation,Has Children,2013,Gold,3
Medium,PhD,Has Children,2012,Gold,8
Medium,Graduation,Has Children,2013,Gold,4
Low,Graduation,Has Children,2014,Gold,9
High,Graduation,Has Children,2013,Gold,117
Medium,PhD,Has Children,2014,Gold,2
Medium,Master,Has Children,2014,Gold,24
High,PhD,Has Children,2012,Gold,92
Medium,Graduation,Has Children,2012,Gold,119
Medium,Master,Has Children,2013,Gold,24
Medium,Master,Has Children,2013,Gold,0
Medium,Graduation,Has Children,2012,Gold,72
Medium,Graduation,Has Children,2013,Gold,5
High,Master,No Children,2012,Gold,18
High,PhD,No Children,2012,Gold,18
High,Master,Has Children,2013,Gold,50
High,Graduation,Has Children,2013,Gold,90
Low,Graduation,Has Children,2014,Gold,1
Low,Diploma,No Children,2012,Gold,14
High,PhD,Has Children,2012,Gold,134
Medium,Graduation,Has Children,2012,Gold,14
High,Graduation,No Children,2013,Gold,40
Medium,Master,Has Children,2013,Gold,130
Medium,PhD,No Children,2013,Gold,26
Medium,Master,Has Children,2013,Gold,12
Medium,Graduation,Has Children,2014,Gold,2
High,PhD,Has Children,2013,Gold,17
High,PhD,Has Children,2014,Gold,0
High,Graduation,No Children,2013,Gold,21
Low,Graduation,Has Children,2012,Gold,24
Medium,Master,Has Children,2013,Gold,0
Low,Basic,No Children,2012,Gold,108
High,PhD,Has Children,2012,Gold,153
Medium,Master,Has Children,2013,Gold,6
Medium,Graduation,No Children,2012,Gold,108
High,Graduation,Has Children,2013,Gold,29
High,Graduation,No Children,2013,Gold,84
Medium,Graduation,No Children,2013,Gold,20
High,Graduation,Has Children,2012,Gold,59
Medium,PhD,Has Children,2013,Gold,31
High,Graduation,Has Children,2013,Gold,91
Medium,Graduation,Has Children,2013,Gold,6
High,Master,No Children,2014,Gold,55
Medium,PhD,Has Children,2013,Gold,52
High,Master,No Children,2013,Gold,27
Medium,Graduation,Has Children,2013,Gold,20
Low,Graduation,Has Children,2013,Gold,11
High,Graduation,No Children,2013,Gold,75
High,Master,No Children,2014,Gold,0
Medium,Graduation,Has Children,2014,Gold,10
High,Master,No Children,2014,Gold,175
Medium,Graduation,No Children,2013,Gold,58
High,Graduation,No Children,2012,Gold,66
Low,Graduation,Has Children,2012,Gold,85
Medium,Graduation,Has Children,2012,Gold,2
High,PhD,No Children,2013,Gold,12
Medium,Master,No Children,2014,Gold,35
High,Graduation,No Children,2012,Gold,120
Medium,PhD,Has Children,2013,Gold,71
Medium,Diploma,Has Children,2013,Gold,61
High,Graduation,Has Children,2013,Gold,54
Medium,Master,Has Children,2014,Gold,9
High,Graduation,Has Children,2013,Gold,38
Low,Graduation,Has Children,2013,Gold,6
Medium,Master,Has Children,2013,Gold,15
Medium,Graduation,Has Children,2014,Gold,7
High,Graduation,No Children,2014,Gold,30
Medium,Diploma,Has Children,2013,Gold,6
Low,Master,Has Children,2013,Gold,26
Low,Diploma,Has Children,2013,Gold,22
Medium,Graduation,Has Children,2012,Gold,19
Medium,PhD,Has Children,2012,Gold,102
High,PhD,No Children,2013,Gold,0
Medium,Graduation,Has Children,2013,Gold,54
Low,Diploma,Has Children,2014,Gold,6
High,Graduation,No Children,2014,Gold,46
Medium,Graduation,Has Children,2013,Gold,10
Low,Graduation,Has Children,2014,Gold,28
Low,Master,Has Children,2014,Gold,1
Medium,Diploma,Has Children,2014,Gold,18
Low,Graduation,Has Children,2014,Gold,34
High,PhD,Has Children,2014,Gold,34
Low,Graduation,No Children,2013,Gold,42
High,Master,No Children,2013,Gold,47
Medium,Graduation,Has Children,2012,Gold,15
Medium,PhD,Has Children,2013,Gold,118
High,Graduation,No Children,2013,Gold,111
Low,Diploma,No Children,2013,Gold,17
High,Graduation,Has Children,2013,Gold,33
Medium,Graduation,Has Children,2013,Gold,12
High,Graduation,No Children,2013,Gold,38
High,Master,Has Children,2013,Gold,37
High,Diploma,Has Children,2014,Gold,83
Medium,PhD,Has Children,2013,Gold,24
Medium,PhD,Has Children,2014,Gold,40
High,Graduation,Has Children,2012,Gold,42
Low,Master,Has Children,2013,Gold,1
Medium,Graduation,Has Children,2013,Gold,4
Medium,Graduation,Has Children,2012,Gold,1
Medium,Graduation,Has Children,2012,Gold,106
Medium,PhD,Has Children,2014,Gold,1
Medium,Diploma,Has Children,2013,Gold,24
High,PhD,Has Children,2013,Gold,20
Medium,Master,Has Children,2013,Gold,0
High,PhD,Has Children,2013,Gold,24
Medium,Graduation,Has Children,2014,Gold,30
Low,Graduation,Has Children,2013,Gold,7
Medium,PhD,Has Children,2013,Gold,8
Medium,Master,Has Children,2013,Gold,4
Medium,PhD,Has Children,2012,Gold,2
Medium,Graduation,Has Children,2013,Gold,99
Medium,Diploma,Has Children,2013,Gold,10
Low,Master,No Children,2013,Gold,52
Medium,Graduation,Has Children,2014,Gold,2
Low,Diploma,Has Children,2014,Gold,9
High,Graduation,No Children,2012,Gold,224
High,Master,Has Children,2013,Gold,11
Medium,Graduation,Has Children,2014,Gold,30
Low,Graduation,No Children,2013,Gold,22
Medium,PhD,Has Children,2012,Gold,17
High,Master,No Children,2012,Gold,20
High,Master,No Children,2013,Gold,165
Medium,Graduation,Has Children,2014,Gold,16
Medium,PhD,No Children,2013,Gold,0
Low,Master,Has Children,2013,Gold,30
Low,Graduation,Has Children,2012,Gold,13
Medium,Master,Has Children,2013,Gold,2
Low,Diploma,Has Children,2013,Gold,15
Medium,Graduation,Has Children,2012,Gold,4
Medium,Graduation,Has Children,2013,Gold,4
High,Graduation,Has Children,2012,Gold,99
High,Graduation,No Children,2013,Gold,54
High,PhD,Has Children,2012,Gold,49
Medium,Master,Has Children,2013,Gold,14
Low,Master,Has Children,2012,Gold,64
Medium,Graduation,Has Children,2014,Gold,4
Low,Graduation,Has Children,2013,Gold,1
Medium,Basic,Has Children,2012,Gold,11
High,Graduation,No Children,2014,Gold,22
Low,Master,No Children,2013,Gold,40
Medium,Master,No Children,2013,Gold,10
Low,Basic,Has Children,2012,Gold,15
Low,Graduation,Has Children,2013,Gold,2
Medium,PhD,No Children,2012,Gold,41
Medium,Graduation,Has Children,2013,Gold,24
Medium,Master,Has Children,2013,Gold,3
Medium,Graduation,Has Children,2013,Gold,10
Medium,Master,Has Children,2012,Gold,26
Medium,PhD,Has Children,2013,Gold,15
Medium,Graduation,No Children,2013,Gold,32
High,Graduation,No Children,2014,Gold,35
Medium,Diploma,Has Children,2013,Gold,2
High,Diploma,No Children,2013,Gold,107
Low,Graduation,Has Children,2013,Gold,6
High,Graduation,Has Children,2013,Gold,190
High,Graduation,Has Children,2012,Gold,17
Medium,PhD,Has Children,2012,Gold,8
Low,Graduation,Has Children,2012,Gold,3
High,PhD,Has Children,2013,Gold,30
High,PhD,No Children,2014,Gold,54
High,Diploma,Has Children,2014,Gold,83
Medium,Diploma,No Children,2014,Gold,30
High,Graduation,No Children,2013,Gold,79
Medium,Graduation,Has Children,2014,Gold,1
High,Graduation,No Children,2013,Gold,163
Medium,Graduation,Has Children,2013,Gold,48
High,Master,Has Children,2012,Gold,69
High,Graduation,Has Children,2013,Gold,73
High,Graduation,Has Children,2012,Gold,159
High,PhD,No Children,2014,Gold,26
High,PhD,Has Children,2012,Gold,25
Medium,Graduation,Has Children,2013,Gold,144
High,Master,No Children,2013,Gold,147
Medium,PhD,Has Children,2013,Gold,11
High,Graduation,No Children,2013,Gold,207
Medium,Master,Has Children,2013,Gold,19
High,Master,Has Children,2014,Gold,50
High,Graduation,Has Children,2013,Gold,146
High,Master,No Children,2014,Gold,38
Low,Graduation,Has Children,2012,Gold,6
High,Graduation,Has Children,2012,Gold,11
Medium,PhD,Has Children,2014,Gold,9
Medium,Graduation,Has Children,2012,Gold,17
High,Graduation,Has Children,2014,Gold,15
Low,Diploma,No Children,2012,Gold,25
High,PhD,Has Children,2013,Gold,71
Medium,PhD,Has Children,2013,Gold,76
Medium,Graduation,Has Children,2012,Gold,5
Low,Graduation,Has Children,2013,Gold,6
Medium,Graduation,Has Children,2013,Gold,151
Low,Basic,No Children,2012,Gold,11
Low,Master,No Children,2013,Gold,2
Low,Graduation,No Children,2012,Gold,19
Medium,PhD,Has Children,2013,Gold,3
Low,Basic,Has Children,2013,Gold,15
Low,PhD,Has Children,2013,Gold,2
Medium,Diploma,Has Children,2013,Gold,18
Medium,PhD,Has Children,2013,Gold,10
Medium,Master,Has Children,2013,Gold,83
High,Graduation,Has Children,2012,Gold,141
High,Graduation,Has Children,2013,Gold,59
Medium,PhD,Has Children,2012,Gold,38
Low,Graduation,Has Children,2014,Gold,1
High,PhD,Has Children,2012,Gold,36
High,Graduation,No Children,2014,Gold,91
Medium,Diploma,Has Children,2013,Gold,18
High,PhD,No Children,2013,Gold,6
High,Graduation,Has Children,2013,Gold,154
High,Graduation,No Children,2012,Gold,115
Medium,Diploma,No Children,2013,Gold,45
Medium,Graduation,Has Children,2013,Gold,41
High,Graduation,No Children,2013,Gold,54
High,PhD,Has Children,2013,Gold,78
High,PhD,No Children,2012,Gold,40
High,PhD,No Children,2014,Gold,26
High,PhD,No Children,2013,Gold,67
Medium,PhD,Has Children,2012,Gold,4
High,Graduation,No Children,2013,Gold,99
Medium,Master,Has Children,2013,Gold,80
Low,Basic,No Children,2013,Gold,10
Medium,Master,Has Children,2013,Gold,31
High,Master,Has Children,2013,Gold,6
Medium,Graduation,No Children,2014,Gold,4
Low,PhD,Has Children,2013,Gold,2
Medium,Graduation,No Children,2013,Gold,29
High,Graduation,No Children,2014,Gold,34
High,Graduation,Has Children,2013,Gold,34
High,Graduation,Has Children,2014,Gold,23
High,Graduation,Has Children,2014,Gold,242
High,Master,No Children,2014,Gold,16
Medium,Master,Has Children,2013,Gold,5
High,Graduation,Has Children,2013,Gold,93
Medium,PhD,Has Children,2014,Gold,18
Medium,Graduation,Has Children,2013,Gold,30
High,PhD,Has Children,2013,Gold,191
Medium,Master,Has Children,2013,Gold,18
Low,Graduation,Has Children,2013,Gold,6
Medium,Master,Has Children,2012,Gold,66
Medium,Graduation,Has Children,2013,Gold,42
Medium,Graduation,No Children,2013,Gold,49
Medium,Graduation,Has Children,2013,Gold,4
High,PhD,No Children,2012,Gold,147
High,Diploma,No Children,2012,Gold,80
Low,Graduation,Has Children,2013,Gold,5
Medium,Graduation,Has Children,2013,Gold,174
Medium,Graduation,Has Children,2014,Gold,3
High,Master,Has Children,2012,Gold,9
Medium,Graduation,No Children,2013,Gold,155
Low,PhD,Has Children,2014,Gold,1
High,Graduation,No Children,2013,Gold,249
Low,Graduation,Has Children,2012,Gold,32
Medium,Graduation,Has Children,2014,Gold,4
High,Graduation,No Children,2013,Gold,48
High,Master,No Children,2014,Gold,151
Medium,Master,Has Children,2013,Gold,26
High,Graduation,No Children,2013,Gold,183
Medium,PhD,Has Children,2013,Gold,0
Medium,PhD,Has Children,2012,Gold,43
High,Graduation,Has Children,2013,Gold,109
Medium,PhD,Has Children,2013,Gold,30
High,Graduation,Has Children,2013,Gold,42
High,Graduation,No Children,2014,Gold,0
High,Graduation,Has Children,2013,Gold,170
High,Master,Has Children,2014,Gold,21
Low,Basic,Has Children,2013,Gold,6
High,Graduation,Has Children,2012,Gold,97
High,PhD,Has Children,2013,Gold,21
Medium,Master,Has Children,2013,Gold,24
Medium,PhD,Has Children,2014,Gold,10
Medium,Diploma,Has Children,2013,Gold,40
High,Graduation,No Children,2014,Gold,40
High,Graduation,No Children,2013,Gold,191
Low,Diploma,Has Children,2013,Gold,7
High,Graduation,No Children,2014,Gold,44
Medium,Graduation,Has Children,2013,Gold,11
High,Diploma,No Children,2014,Gold,65
High,PhD,No Children,2013,Gold,84
Medium,PhD,Has Children,2013,Gold,4
Medium,Graduation,Has Children,2013,Gold,151
High,Graduation,No Children,2013,Gold,44
High,Graduation,No Children,2014,Gold,80
High,Diploma,No Children,2013,Gold,89
High,PhD,Has Children,2012,Gold,12
Medium,Graduation,Has Children,2013,Gold,152
Medium,Master,Has Children,2013,Gold,23
Medium,PhD,Has Children,2014,Gold,16
Medium,Diploma,Has Children,2013,Gold,11
High,Graduation,Has Children,2014,Gold,16
High,Master,No Children,2013,Gold,40
Medium,PhD,Has Children,2013,Gold,34
High,Graduation,No Children,2014,Gold,227
Medium,Graduation,Has Children,2013,Gold,59
High,Graduation,No Children,2012,Gold,86
High,Graduation,No Children,2012,Gold,121
Medium,Diploma,Has Children,2013,Gold,61
High,Master,Has Children,2013,Gold,58
High,Graduation,Has Children,2013,Gold,90
High,PhD,No Children,2013,Gold,205
Medium,Graduation,Has Children,2013,Gold,112
Medium,Graduation,Has Children,2013,Gold,12
Low,PhD,Has Children,2012,Gold,12
Medium,Graduation,Has Children,2013,Gold,0
Medium,PhD,Has Children,2013,Gold,6
High,PhD,No Children,2014,Gold,0
Medium,Master,Has Children,2013,Gold,4
High,Graduation,Has Children,2013,Gold,134
High,PhD,No Children,2014,Gold,0
Medium,Graduation,Has Children,2014,Gold,5
Low,Graduation,Has Children,2014,Gold,9
Medium,Graduation,Has Children,2014,Gold,5
Medium,Graduation,Has Children,2013,Gold,3
Low,Basic,Has Children,2012,Gold,17
Low,Master,Has Children,2014,Gold,6
Medium,PhD,Has Children,2013,Gold,198
Medium,Master,Has Children,2014,Gold,139
Medium,Graduation,Has Children,2012,Gold,34
High,Master,No Children,2013,Gold,61
High,PhD,No Children,2012,Gold,23
Low,Graduation,No Children,2013,Gold,13
Medium,Graduation,Has Children,2013,Gold,12
Medium,Graduation,Has Children,2013,Gold,52
Medium,Master,No Children,2013,Gold,12
High,PhD,Has Children,2014,Gold,35
High,Diploma,Has Children,2012,Gold,177
High,Graduation,No Children,2013,Gold,15
Low,Graduation,Has Children,2013,Gold,5
High,Master,Has Children,2013,Gold,16
Medium,Graduation,Has Children,2013,Gold,8
Medium,Graduation,Has Children,2013,Gold,47
High,PhD,No Children,2013,Gold,22
Medium,Graduation,No Children,2013,Gold,29
Medium,Master,Has Children,2013,Gold,21
Medium,Master,Has Children,2014,Gold,0
Medium,Graduation,Has Children,2013,Gold,45
Medium,Graduation,Has Children,2013,Gold,133
High,Graduation,Has Children,2013,Gold,94
Low,Graduation,No Children,2013,Gold,32
Low,Graduation,Has Children,2013,Gold,10
High,Graduation,No Children,2014,Gold,32
Medium,Master,Has Children,2013,Gold,69
High,PhD,No Children,2013,Gold,30
High,PhD,Has Children,2014,Gold,4
Medium,Graduation,Has Children,2014,Gold,4
Low,Graduation,No Children,2012,Gold,68
High,Graduation,Has Children,2014,Gold,57
Low,Diploma,Has Children,2013,Gold,12
High,PhD,No Children,2013,Gold,17
Low,Graduation,Has Children,2013,Gold,11
Medium,Graduation,No Children,2014,Gold,37
Low,Graduation,No Children,2013,Gold,42
High,Graduation,Has Children,2013,Gold,33
High,Diploma,Has Children,2013,Gold,34
High,Graduation,Has Children,2013,Gold,15
Medium,Graduation,Has Children,2013,Gold,2
High,PhD,Has Children,2013,Gold,56
Low,Graduation,Has Children,2014,Gold,1
Medium,PhD,Has Children,2013,Gold,8
Medium,Graduation,No Children,2012,Gold,145
Medium,PhD,Has Children,2013,Gold,10
Low,Diploma,Has Children,2013,Gold,18
Medium,Graduation,Has Children,2013,Gold,1
High,Graduation,Has Children,2013,Gold,141
Medium,Master,Has Children,2013,Gold,82
High,Graduation,No Children,2012,Gold,187
Medium,Diploma,Has Children,2013,Gold,8
Medium,Graduation,Has Children,2014,Gold,171
Medium,Graduation,Has Children,2013,Gold,17
Medium,Graduation,Has Children,2012,Gold,28
Medium,Graduation,Has Children,2014,Gold,20
Low,Graduation,Has Children,2012,Gold,7
High,Diploma,No Children,2013,Gold,54
High,Graduation,No Children,2014,Gold,130
High,Diploma,No Children,2012,Gold,205
Medium,Master,Has Children,2012,Gold,63
Medium,Graduation,Has Children,2013,Gold,14
Low,Graduation,Has Children,2013,Gold,18
Medium,Graduation,Has Children,2013,Gold,110
High,PhD,Has Children,2014,Gold,5
High,Diploma,No Children,2012,Gold,63
Medium,PhD,Has Children,2014,Gold,9
Medium,PhD,Has Children,2014,Gold,17
High,Graduation,Has Children,2013,Gold,170
Medium,Master,Has Children,2014,Gold,0
Medium,Graduation,Has Children,2013,Gold,64
Medium,Graduation,Has Children,2012,Gold,1
High,Diploma,No Children,2013,Gold,33
Low,Graduation,Has Children,2014,Gold,0
Medium,Master,Has Children,2014,Gold,34
Low,Graduation,No Children,2013,Gold,5
Medium,Diploma,Has Children,2012,Gold,66
Medium,Diploma,Has Children,2013,Gold,93
Medium,PhD,Has Children,2013,Gold,15
Medium,Master,Has Children,2013,Gold,7
Low,Master,Has Children,2013,Gold,0
Medium,Graduation,Has Children,2013,Gold,125
Medium,Graduation,Has Children,2012,Gold,12
High,PhD,No Children,2013,Gold,0
High,Graduation,Has Children,2014,Gold,38
Low,Graduation,Has Children,2014,Gold,4
Medium,Diploma,Has Children,2014,Gold,25
High,Master,Has Children,2013,Gold,142
High,Graduation,No Children,2013,Gold,33
Medium,Master,Has Children,2013,Gold,98
Medium,Graduation,Has Children,2013,Gold,36
High,Master,No Children,2014,Gold,68
Low,Diploma,Has Children,2013,Gold,7
Low,Graduation,Has Children,2014,Gold,40
Medium,Graduation,Has Children,2012,Gold,21
Medium,Graduation,Has Children,2013,Gold,1
Medium,Diploma,Has Children,2014,Gold,3
High,PhD,No Children,2012,Gold,40
High,PhD,No Children,2013,Gold,129
Medium,PhD,Has Children,2012,Gold,12
Medium,Graduation,Has Children,2013,Gold,5
Medium,Graduation,Has Children,2013,Gold,58
High,Master,No Children,2013,Gold,48
Medium,Graduation,Has Children,2013,Gold,20
Medium,Master,Has Children,2012,Gold,56
High,Graduation,No Children,2014,Gold,175
Low,Basic,Has Children,2014,Gold,2
Medium,PhD,No Children,2013,Gold,42
Medium,PhD,Has Children,2012,Gold,242
High,Graduation,Has Children,2013,Gold,135
High,Graduation,Has Children,2014,Gold,61
Medium,PhD,Has Children,2013,Gold,3
Low,Graduation,Has Children,2013,Gold,26
High,Graduation,No Children,2013,Gold,57
Medium,Graduation,Has Children,2013,Gold,20
High,Graduation,No Children,2013,Gold,40
Medium,Graduation,No Children,2013,Gold,96
Medium,Graduation,Has Children,2013,Gold,28
High,Graduation,No Children,2014,Gold,241
High,Graduation,No Children,2013,Gold,37
Medium,Graduation,Has Children,2013,Gold,7
Medium,Graduation,Has Children,2014,Gold,4
Medium,PhD,No Children,2014,Gold,12
High,PhD,No Children,2013,Gold,28
High,Graduation,No Children,2013,Gold,24
Medium,PhD,Has Children,2013,Gold,174
Medium,Master,Has Children,2013,Gold,28
High,Graduation,No Children,2012,Gold,24
High,Graduation,No Children,2013,Gold,53
High,Master,No Children,2013,Gold,28
High,PhD,No Children,2013,Gold,0
Medium,Diploma,Has Children,2013,Gold,47
High,PhD,No Children,2013,Gold,16
Medium,PhD,Has Children,2014,Gold,6
High,Graduation,No Children,2013,Gold,182
Medium,Master,Has Children,2013,Gold,26
Medium,PhD,Has Children,2014,Gold,12
High,Graduation,Has Children,2014,Gold,33
Low,Master,No Children,2012,Gold,115
High,Graduation,No Children,2014,Gold,108
High,Diploma,No Children,2013,Gold,166
High,Graduation,No Children,2014,Gold,81
High,PhD,Has Children,2013,Gold,80
High,PhD,No Children,2014,Gold,12
Medium,Graduation,Has Children,2014,Gold,33
High,PhD,Has Children,2012,Gold,63
Low,Basic,Has Children,2012,Gold,7
High,Graduation,No Children,2014,Gold,227
Medium,PhD,Has Children,2014,Gold,2
High,Graduation,No Children,2013,Gold,32
High,PhD,Has Children,2013,Gold,35
Medium,Graduation,Has Children,2013,Gold,106
High,PhD,Has Children,2013,Gold,15
High,Diploma,Has Children,2013,Gold,144
Medium,PhD,Has Children,2013,Gold,120
High,Graduation,No Children,2013,Gold,98
High,Graduation,No Children,2013,Gold,172
Low,Basic,No Children,2012,Gold,15
Medium,PhD,No Children,2012,Gold,36
Medium,Diploma,Has Children,2014,Gold,133
High,Graduation,Has Children,2013,Gold,46
Medium,Graduation,Has Children,2013,Gold,14
High,Diploma,Has Children,2012,Gold,47
Low,PhD,Has Children,2014,Gold,11
Medium,PhD,Has Children,2014,Gold,18
Medium,Master,Has Children,2013,Gold,18
Medium,PhD,Has Children,2013,Gold,38
Medium,Master,Has Children,2014,Gold,14
Low,PhD,Has Children,2013,Gold,4
Medium,Graduation,Has Children,2012,Gold,139
Medium,Graduation,Has Children,2012,Gold,83
Medium,Graduation,Has Children,2014,Gold,6
Medium,PhD,Has Children,2013,Gold,57
High,Graduation,Has Children,2012,Gold,114
Medium,PhD,Has Children,2014,Gold,42
Medium,Master,Has Children,2012,Gold,12
Medium,PhD,Has Children,2013,Gold,2
Medium,Graduation,Has Children,2014,Gold,15
Medium,Graduation,Has Children,2013,Gold,131
High,Graduation,No Children,2013,Gold,84
Medium,Graduation,Has Children,2012,Gold,12
Medium,PhD,Has Children,2013,Gold,7
Medium,Graduation,Has Children,2012,Gold,48
High,Graduation,No Children,2014,Gold,45
Medium,PhD,Has Children,2013,Gold,5
Low,Diploma,Has Children,2012,Gold,26
Medium,Diploma,Has Children,2013,Gold,31
High,Master,No Children,2012,Gold,15
High,Graduation,No Children,2014,Gold,8
High,Master,No Children,2012,Gold,18
Medium,Master,Has Children,2013,Gold,26
Medium,Graduation,Has Children,2014,Gold,30
Medium,Graduation,Has Children,2013,Gold,195
Medium,Diploma,Has Children,2013,Gold,7
Low,Graduation,No Children,2014,Gold,1
Medium,Master,Has Children,2013,Gold,11
High,Graduation,Has Children,2013,Gold,54
High,Graduation,No Children,2013,Gold,231
High,PhD,Has Children,2013,Gold,23
High,PhD,No Children,2013,Gold,37
High,Graduation,No Children,2013,Gold,182
High,Diploma,No Children,2013,Gold,121
Medium,PhD,Has Children,2014,Gold,5
High,Graduation,No Children,2014,Gold,51
Low,Diploma,Has Children,2012,Gold,3
Medium,Master,Has Children,2012,Gold,27
High,Graduation,Has Children,2014,Gold,70
High,Graduation,Has Children,2014,Gold,20
Medium,Graduation,No Children,2014,Gold,4
High,Graduation,No Children,2013,Gold,0
Low,Graduation,Has Children,2014,Gold,20
Medium,Graduation,Has Children,2013,Gold,64
Medium,Graduation,Has Children,2013,Gold,50
High,PhD,Has Children,2012,Gold,38
High,PhD,No Children,2013,Gold,20
Medium,Diploma,Has Children,2013,Gold,182
Low,Graduation,Has Children,2013,Gold,15
Medium,PhD,Has Children,2013,Gold,39
Medium,Graduation,Has Children,2013,Gold,37
High,Master,Has Children,2012,Gold,70
High,Graduation,No Children,2013,Gold,191
Low,Graduation,Has Children,2014,Gold,28
Medium,PhD,Has Children,2013,Gold,4
High,Graduation,Has Children,2012,Gold,158
Medium,PhD,Has Children,2014,Gold,0
Medium,Graduation,Has Children,2013,Gold,27
Medium,Master,Has Children,2012,Gold,12
Medium,Master,Has Children,2014,Gold,3
Medium,Master,No Children,2014,Gold,11
High,Diploma,No Children,2014,Gold,76
Medium,Graduation,No Children,2013,Gold,11
Medium,Graduation,Has Children,2013,Gold,6
Low,Graduation,No Children,2013,Gold,18
Medium,Graduation,Has Children,2014,Gold,1
Low,PhD,Has Children,2013,Gold,0
High,PhD,Has Children,2013,Gold,108
Medium,Master,Has Children,2014,Gold,7
Low,Graduation,Has Children,2012,Gold,12
Medium,PhD,Has Children,2013,Gold,83
Low,Graduation,Has Children,2013,Gold,26
Low,Basic,Has Children,2013,Gold,26
Medium,PhD,Has Children,2013,Gold,2
High,Diploma,Has Children,2012,Gold,33
High,Graduation,No Children,2013,Gold,28
High,Graduation,No Children,2013,Gold,19
High,Graduation,No Children,2014,Gold,40
Medium,Diploma,Has Children,2013,Gold,16
High,Graduation,No Children,2014,Gold,145
Low,Graduation,No Children,2012,Gold,44
Medium,PhD,Has Children,2014,Gold,15
Medium,Master,Has Children,2013,Gold,8
Medium,PhD,Has Children,2014,Gold,7
Medium,Graduation,Has Children,2013,Gold,123
High,Graduation,Has Children,2014,Gold,218
Medium,Graduation,Has Children,2012,Gold,5
Low,Graduation,No Children,2012,Gold,2
High,Graduation,No Children,2014,Gold,200
Medium,Graduation,Has Children,2013,Gold,6
Medium,Master,Has Children,2012,Gold,3
Medium,Master,Has Children,2013,Gold,29
High,PhD,Has Children,2013,Gold,10
Medium,Graduation,Has Children,2012,Gold,187
Medium,Graduation,Has Children,2013,Gold,26
High,Diploma,No Children,2014,Gold,76
Low,PhD,Has Children,2014,Gold,1
High,PhD,No Children,2013,Gold,178
Low,Diploma,Has Children,2013,Gold,26
Low,Master,Has Children,2013,Gold,10
High,Graduation,No Children,2012,Gold,26
Medium,Graduation,Has Children,2012,Gold,15
Medium,PhD,No Children,2013,Gold,25
High,Graduation,No Children,2012,Gold,56
High,Graduation,No Children,2013,Gold,54
High,Master,Has Children,2012,Gold,34
High,Graduation,Has Children,2013,Gold,200
Medium,PhD,No Children,2013,Gold,35
Medium,PhD,Has Children,2014,Gold,20
High,PhD,Has Children,2014,Gold,9
Low,Graduation,Has Children,2012,Gold,14
High,Graduation,No Children,2014,Gold,147
High,Diploma,Has Children,2012,Gold,149
Low,Graduation,No Children,2012,Gold,2
High,Graduation,No Children,2014,Gold,17
Medium,PhD,Has Children,2014,Gold,2
High,Graduation,Has Children,2012,Gold,190
Medium,Graduation,Has Children,2012,Gold,56
Medium,Graduation,Has Children,2014,Gold,8
Medium,Graduation,No Children,2013,Gold,125
High,Graduation,No Children,2013,Gold,118
High,PhD,No Children,2013,Gold,44
Low,Diploma,Has Children,2013,Gold,2
Medium,Master,Has Children,2014,Gold,42
Medium,PhD,Has Children,2013,Gold,3
High,Graduation,No Children,2014,Gold,117
Medium,Graduation,Has Children,2012,Gold,16
High,Graduation,No Children,2012,Gold,99
Medium,Graduation,Has Children,2013,Gold,0
High,Master,No Children,2013,Gold,133
Medium,Graduation,Has Children,2013,Gold,142
Low,Graduation,Has Children,2013,Gold,2
High,PhD,No Children,2013,Gold,81
Medium,Graduation,Has Children,2014,Gold,3
High,PhD,No Children,2014,Gold,43
High,PhD,No Children,2014,Gold,38
Medium,PhD,Has Children,2014,Gold,12
High,Graduation,No Children,2013,Gold,75
Medium,PhD,Has Children,2013,Gold,3
Medium,PhD,Has Children,2014,Gold,4
High,Graduation,Has Children,2013,Gold,27
High,Graduation,Has Children,2014,Gold,33
High,Diploma,No Children,2012,Gold,41
Low,Master,Has Children,2013,Gold,1
Medium,Graduation,Has Children,2013,Gold,35
High,Graduation,No Children,2013,Gold,27
Medium,Diploma,Has Children,2013,Gold,45
Medium,Graduation,Has Children,2013,Gold,54
Medium,Graduation,Has Children,2013,Gold,10
Medium,Graduation,Has Children,2014,Gold,21
High,PhD,No Children,2013,Gold,0
Medium,PhD,Has Children,2014,Gold,2
Low,Diploma,No Children,2013,Gold,17
High,Diploma,Has Children,2014,Gold,16
High,Graduation,Has Children,2014,Gold,6
High,Graduation,No Children,2013,Gold,16
High,Diploma,No Children,2013,Gold,45
Medium,PhD,Has Children,2014,Gold,0
High,Master,No Children,2014,Gold,38
Low,PhD,Has Children,2013,Gold,0
High,Graduation,Has Children,2013,Gold,168
Medium,PhD,Has Children,2013,Gold,24
Medium,Master,No Children,2013,Gold,153
Low,Basic,No Children,2013,Gold,46
Medium,Diploma,Has Children,2013,Gold,29
High,Graduation,Has Children,2013,Gold,21
Medium,PhD,Has Children,2012,Gold,6
Medium,Master,Has Children,2013,Gold,73
Medium,Graduation,Has Children,2013,Gold,9
Medium,Graduation,Has Children,2012,Gold,29
Medium,Graduation,Has Children,2012,Gold,41
High,Graduation,Has Children,2012,Gold,95
Medium,Graduation,Has Children,2014,Gold,16
Low,Basic,No Children,2013,Gold,11
High,Diploma,No Children,2013,Gold,112
High,Master,Has Children,2013,Gold,70
Low,Graduation,Has Children,2013,Gold,4
Medium,Graduation,Has Children,2014,Gold,16
High,Graduation,Has Children,2012,Gold,84
High,Graduation,No Children,2013,Gold,39
Medium,Diploma,Has Children,2014,Gold,29
Medium,PhD,Has Children,2012,Gold,4
High,PhD,No Children,2013,Gold,12
Low,Master,No Children,2014,Gold,4
Medium,Graduation,Has Children,2013,Gold,20
Medium,Master,Has Children,2013,Gold,48
Medium,Graduation,Has Children,2013,Gold,3
Low,Diploma,Has Children,2014,Gold,20
Medium,PhD,Has Children,2013,Gold,18
High,Graduation,No Children,2013,Gold,134
Low,Master,Has Children,2014,Gold,3
Medium,Graduation,Has Children,2013,Gold,27
Medium,Graduation,Has Children,2012,Gold,32
Medium,PhD,Has Children,2013,Gold,19
Low,Graduation,Has Children,2012,Gold,9
Medium,PhD,No Children,2013,Gold,30
High,Graduation,Has Children,2012,Gold,37
Low,Graduation,Has Children,2012,Gold,5
High,Graduation,No Children,2012,Gold,114
Medium,Master,Has Children,2014,Gold,13
Low,PhD,Has Children,2014,Gold,2
Medium,Graduation,Has Children,2013,Gold,19
Medium,Graduation,No Children,2012,Gold,9
High,Graduation,No Children,2014,Gold,13
Medium,Graduation,Has Children,2013,Gold,106
Medium,Graduation,Has Children,2014,Gold,41
Medium,Graduation,Has Children,2012,Gold,32
Medium,Graduation,Has Children,2012,Gold,9
High,Graduation,No Children,2012,Gold,54
Medium,PhD,Has Children,2013,Gold,2
High,Graduation,Has Children,2013,Gold,11
Medium,Diploma,Has Children,2013,Gold,8
Medium,Graduation,Has Children,2012,Gold,13
High,Graduation,No Children,2013,Gold,97
High,Graduation,No Children,2014,Gold,50
Low,Basic,No Children,2014,Gold,8
Low,Diploma,No Children,2014,Gold,12
High,PhD,No Children,2012,Gold,33
High,Master,Has Children,2014,Gold,47
Low,Basic,Has Children,2013,Gold,14
Medium,Master,Has Children,2013,Gold,4
Medium,Master,Has Children,2012,Gold,2
Medium,Graduation,Has Children,2013,Gold,25
Low,Graduation,Has Children,2013,Gold,19
High,Master,No Children,2014,Gold,96
Medium,Graduation,Has Children,2013,Gold,19
Medium,Graduation,Has Children,2013,Gold,11
Medium,PhD,Has Children,2013,Gold,24
Low,Basic,Has Children,2013,Gold,40
Low,Graduation,Has Children,2014,Gold,1
Low,Graduation,Has Children,2013,Gold,5
Medium,Graduation,Has Children,2013,Gold,10
High,PhD,Has Children,2013,Gold,20
Medium,PhD,Has Children,2012,Gold,4
Medium,Diploma,Has Children,2014,Gold,13
High,Master,No Children,2012,Gold,99
High,Master,Has Children,2012,Gold,42
Medium,Graduation,Has Children,2014,Gold,29
High,Graduation,Has Children,2014,Gold,10
Medium,Master,Has Children,2013,Gold,23
High,Master,Has Children,2013,Gold,131
Medium,Diploma,Has Children,2013,Gold,61
High,Master,Has Children,2013,Gold,11
High,PhD,No Children,2014,Gold,80
Medium,Diploma,Has Children,2012,Gold,66
Medium,Graduation,Has Children,2013,Gold,22
Medium,Graduation,Has Children,2013,Gold,84
Medium,Master,Has Children,2013,Gold,14
Low,Graduation,Has Children,2012,Gold,13
High,Master,No Children,2013,Gold,0
Medium,Master,Has Children,2013,Gold,29
High,PhD,No Children,2013,Gold,0
Low,Graduation,No Children,2013,Gold,7
Medium,PhD,Has Children,2014,Gold,10
Medium,Graduation,Has Children,2013,Gold,13
Medium,Graduation,Has Children,2013,Gold,20
High,Graduation,Has Children,2013,Gold,34
High,Graduation,Has Children,2013,Gold,76
High,Graduation,No Children,2013,Gold,59
Medium,Graduation,Has Children,2012,Gold,75
Medium,Graduation,Has Children,2013,Gold,20
High,Graduation,Has Children,2013,Gold,34
Medium,PhD,Has Children,2012,Gold,4
High,PhD,No Children,2013,Gold,45
Medium,Graduation,Has Children,2013,Gold,26
Low,Basic,Has Children,2012,Gold,42
Low,Graduation,Has Children,2013,Gold,9
High,Diploma,No Children,2013,Gold,41
Medium,Graduation,Has Children,2013,Gold,25
Medium,PhD,Has Children,2013,Gold,6
High,PhD,Has Children,2013,Gold,12
High,PhD,No Children,2013,Gold,45
Low,Graduation,Has Children,2012,Gold,27
Medium,Master,Has Children,2013,Gold,56
Medium,Master,Has Children,2014,Gold,2
Medium,Graduation,Has Children,2013,Gold,7
Medium,PhD,Has Children,2013,Gold,3
Medium,Graduation,Has Children,2014,Gold,12
Low,Graduation,Has Children,2013,Gold,6
Medium,PhD,Has Children,2014,Gold,11
High,Graduation,Has Children,2014,Gold,15
Medium,Master,Has Children,2014,Gold,11
High,Graduation,No Children,2013,Gold,76
Low,Graduation,Has Children,2013,Gold,4
Medium,Graduation,Has Children,2013,Gold,7
Low,Basic,Has Children,2014,Gold,3
Medium,PhD,Has Children,2013,Gold,9
High,Graduation,Has Children,2014,Gold,66
High,Master,No Children,2014,Gold,45
Low,PhD,Has Children,2012,Gold,45
Low,Graduation,No Children,2014,Gold,1
Low,Basic,Has Children,2012,Gold,40
Medium,Graduation,Has Children,2013,Gold,4
Low,PhD,Has Children,2014,Gold,1
High,Graduation,Has Children,2014,Gold,19
High,PhD,No Children,2013,Gold,44
High,Graduation,Has Children,2013,Gold,30
High,PhD,Has Children,2013,Gold,27
High,Graduation,Has Children,2013,Gold,71
High,Graduation,Has Children,2013,Gold,154
Medium,PhD,Has Children,2012,Gold,23
High,Diploma,Has Children,2012,Gold,192
High,Graduation,Has Children,2014,Gold,64
Medium,Graduation,Has Children,2014,Gold,6
High,Graduation,No Children,2013,Gold,126
Medium,PhD,Has Children,2014,Gold,20
High,PhD,No Children,2013,Gold,51
High,Master,No Children,2013,Gold,37
Medium,Graduation,Has Children,2013,Gold,9
Medium,Graduation,Has Children,2014,Gold,23
High,Graduation,No Children,2013,Gold,27
Medium,PhD,Has Children,2012,Gold,132
Low,Graduation,Has Children,2013,Gold,32
Medium,PhD,Has Children,2013,Gold,1
High,Diploma,No Children,2014,Gold,54
Medium,Graduation,No Children,2014,Gold,38
High,Master,Has Children,2013,Gold,15
Medium,Graduation,Has Children,2012,Gold,30
Medium,Master,Has Children,2013,Gold,70
Low,Master,Has Children,2012,Gold,8
High,Graduation,Has Children,2013,Gold,60
Medium,Master,Has Children,2013,Gold,10
Medium,Graduation,Has Children,2013,Gold,10
High,Graduation,No Children,2012,Gold,210
Medium,Graduation,Has Children,2013,Gold,27
High,Graduation,No Children,2012,Gold,241
Medium,Diploma,No Children,2012,Gold,119
Medium,PhD,Has Children,2012,Gold,1
Medium,Master,No Children,2013,Gold,47
Low,Basic,No Children,2012,Gold,144
Medium,Graduation,Has Children,2013,Gold,5
Medium,PhD,Has Children,2012,Gold,4
Medium,Diploma,Has Children,2013,Gold,34
High,Master,No Children,2013,Gold,210
Medium,Graduation,No Children,2012,Gold,125
Low,Graduation,No Children,2013,Gold,3
Low,Graduation,Has Children,2013,Gold,1
Medium,Diploma,Has Children,2014,Gold,8
Medium,PhD,Has Children,2013,Gold,5
Medium,PhD,Has Children,2014,Gold,1
High,Master,Has Children,2014,Gold,48
Medium,PhD,Has Children,2013,Gold,10
Medium,Graduation,Has Children,2013,Gold,78
High,Graduation,No Children,2014,Gold,95
Low,Graduation,Has Children,2012,Gold,25
High,Graduation,No Children,2013,Gold,172
Low,Diploma,No Children,2014,Gold,10
Medium,Graduation,Has Children,2013,Gold,49
High,Graduation,No Children,2012,Gold,72
High,Graduation,Has Children,2013,Gold,54
Medium,Graduation,Has Children,2013,Gold,64
High,PhD,No Children,2014,Gold,14
High,Graduation,No Children,2014,Gold,46
Medium,Graduation,Has Children,2013,Gold,154
High,PhD,Has Children,2014,Gold,6
High,Master,No Children,2012,Gold,43
Medium,Master,Has Children,2013,Gold,14
High,Diploma,Has Children,2013,Gold,37
Medium,Diploma,Has Children,2014,Gold,12
Low,PhD,Has Children,2013,Gold,3
Medium,Graduation,Has Children,2013,Gold,90
Medium,Diploma,Has Children,2014,Gold,5
Medium,Graduation,Has Children,2013,Gold,27
Medium,Graduation,Has Children,2014,Gold,20
High,Master,No Children,2013,Gold,138
Medium,Master,Has Children,2013,Gold,88
High,Graduation,Has Children,2014,Gold,134
Medium,Graduation,Has Children,2012,Gold,176
Low,Basic,Has Children,2014,Gold,4
High,Master,Has Children,2013,Gold,205
Low,Graduation,No Children,2014,Gold,7
Medium,PhD,Has Children,2013,Gold,18
Low,Master,No Children,2013,Gold,262
High,PhD,No Children,2013,Gold,97
Low,Graduation,Has Children,2014,Gold,46
Medium,Graduation,Has Children,2012,Gold,0
High,Graduation,Has Children,2013,Gold,168
High,Graduation,No Children,2013,Gold,93
High,Master,Has Children,2012,Gold,75
Medium,Graduation,Has Children,2013,Gold,41
High,Graduation,No Children,2013,Gold,32
Medium,Master,No Children,2014,Gold,14
Medium,Graduation,Has Children,2013,Gold,3
Medium,Graduation,Has Children,2012,Gold,36
Medium,Graduation,Has Children,2014,Gold,15
Medium,Master,Has Children,2012,Gold,102
High,Master,Has Children,2012,Gold,34
Low,Graduation,No Children,2013,Gold,18
Low,Basic,Has Children,2013,Gold,5
Medium,Graduation,Has Children,2013,Gold,42
Low,Diploma,Has Children,2013,Gold,6
Medium,PhD,No Children,2013,Gold,11
High,Graduation,Has Children,2013,Gold,38
High,PhD,No Children,2013,Gold,12
High,PhD,No Children,2013,Gold,14
High,Graduation,No Children,2013,Gold,140
Low,Graduation,Has Children,2012,Gold,11
High,Graduation,Has Children,2014,Gold,6
High,Graduation,No Children,2012,Gold,95
High,Graduation,Has Children,2013,Gold,53
Medium,Graduation,Has Children,2013,Gold,33
High,PhD,No Children,2014,Gold,29
High,Graduation,No Children,2013,Gold,18
Medium,Master,Has Children,2013,Gold,12
Medium,Graduation,Has Children,2012,Gold,88
Low,Basic,Has Children,2013,Gold,22
Medium,Graduation,Has Children,2013,Gold,50
Medium,Diploma,No Children,2012,Gold,28
Medium,Diploma,Has Children,2013,Gold,23
High,Master,Has Children,2012,Gold,82
Medium,Graduation,Has Children,2013,Gold,26
Medium,Graduation,Has Children,2013,Gold,7
Medium,Master,Has Children,2013,Gold,5
High,Graduation,Has Children,2014,Gold,30
Medium,Graduation,Has Children,2014,Gold,17
Medium,Diploma,Has Children,2013,Gold,1
Medium,Master,Has Children,2013,Gold,3
Medium,PhD,Has Children,2012,Gold,4
Medium,PhD,Has Children,2013,Gold,88
Medium,Graduation,Has Children,2012,Gold,27
Medium,Graduation,Has Children,2013,Gold,7
Low,Graduation,Has Children,2013,Gold,31
Medium,Master,Has Children,2013,Gold,24
Medium,Master,Has Children,2013,Gold,14
Medium,Master,Has Children,2014,Gold,38
Medium,Diploma,Has Children,2013,Gold,28
Medium,Graduation,Has Children,2012,Gold,6
Medium,Diploma,Has Children,2014,Gold,4
Low,Graduation,Has Children,2012,Gold,4
High,Graduation,No Children,2014,Gold,119
Medium,PhD,Has Children,2014,Gold,3
Low,Diploma,Has Children,2013,Gold,2
Medium,Graduation,Has Children,2012,Gold,2
High,Graduation,No Children,2014,Gold,80
Medium,Master,Has Children,2013,Gold,71
Low,Graduation,Has Children,2013,Gold,36
Medium,PhD,Has Children,2014,Gold,3
Medium,Diploma,Has Children,2012,Gold,29
Low,PhD,Has Children,2014,Gold,0
High,Master,Has Children,2013,Gold,15
Medium,Graduation,Has Children,2014,Gold,1
Low,Graduation,Has Children,2014,Gold,2
High,Master,Has Children,2013,Gold,131
Medium,PhD,Has Children,2012,Gold,109
High,Graduation,Has Children,2012,Gold,35
High,Graduation,Has Children,2014,Gold,57
Medium,Graduation,Has Children,2014,Gold,41
Medium,Graduation,Has Children,2012,Gold,89
Medium,Master,Has Children,2012,Gold,14
Medium,PhD,Has Children,2012,Gold,29
Medium,Master,Has Children,2013,Gold,15
High,Master,Has Children,2013,Gold,43
Medium,Graduation,Has Children,2012,Gold,17
Medium,PhD,Has Children,2012,Gold,31
High,PhD,Has Children,2012,Gold,15
High,Graduation,Has Children,2013,Gold,80
Medium,Master,Has Children,2014,Gold,4
High,Graduation,No Children,2014,Gold,26
Medium,Graduation,Has Children,2013,Gold,55
Medium,Graduation,Has Children,2013,Gold,100
Low,Basic,No Children,2013,Gold,46
Medium,Graduation,No Children,2014,Gold,41
Medium,Graduation,Has Children,2014,Gold,17
Low,Graduation,Has Children,2014,Gold,1
Medium,PhD,Has Children,2014,Gold,0
High,Diploma,No Children,2013,Gold,246
High,Graduation,Has Children,2012,Gold,101
Medium,PhD,Has Children,2014,Gold,3
Low,Graduation,No Children,2012,Gold,19
Low,Graduation,Has Children,2013,Gold,12
Medium,PhD,Has Children,2013,Gold,7
Medium,PhD,Has Children,2013,Gold,1
Medium,Diploma,Has Children,2014,Gold,13
Medium,Graduation,No Children,2013,Gold,74
Low,Master,Has Children,2013,Gold,10
Medium,Diploma,Has Children,2014,Gold,10
High,Graduation,No Children,2013,Gold,42
Medium,Graduation,Has Children,2013,Gold,2
High,Graduation,Has Children,2013,Gold,2
Medium,Diploma,Has Children,2013,Gold,16
High,Graduation,Has Children,2012,Gold,35
Low,Diploma,No Children,2013,Gold,10
Medium,Graduation,No Children,2014,Gold,35
Medium,Graduation,Has Children,2013,Gold,36
Medium,Graduation,Has Children,2013,Gold,8
Medium,Master,Has Children,2013,Gold,3
Low,Graduation,Has Children,2012,Gold,19
High,Master,No Children,2012,Gold,138
High,Graduation,No Children,2013,Gold,126
Medium,Graduation,No Children,2013,Gold,6
High,Diploma,No Children,2012,Gold,17
Medium,Graduation,Has Children,2012,Gold,47
High,PhD,No Children,2013,Gold,130
High,Diploma,Has Children,2014,Gold,39
Medium,Graduation,Has Children,2013,Gold,25
High,Graduation,No Children,2014,Gold,31
High,Graduation,No Children,2013,Gold,43
Medium,PhD,Has Children,2013,Gold,3
Medium,PhD,No Children,2012,Gold,70
High,Graduation,No Children,2014,Gold,40
Medium,Graduation,Has Children,2012,Gold,31
Low,Graduation,Has Children,2013,Gold,22
High,Graduation,No Children,2014,Gold,45
Medium,PhD,No Children,2012,Gold,14
High,Master,Has Children,2014,Gold,10
Medium,Graduation,Has Children,2013,Gold,29
Medium,PhD,Has Children,2014,Gold,6
Low,Graduation,Has Children,2014,Gold,11
Low,Master,Has Children,2013,Gold,5
Medium,Master,Has Children,2013,Gold,196
Medium,Graduation,Has Children,2013,Gold,48
High,Graduation,No Children,2013,Gold,191
Medium,PhD,Has Children,2014,Gold,1
High,Graduation,Has Children,2013,Gold,42
Low,Diploma,Has Children,2013,Gold,22
Medium,Graduation,Has Children,2013,Gold,24
Medium,Graduation,Has Children,2013,Gold,5
High,PhD,Has Children,2012,Gold,144
High,Graduation,Has Children,2012,Gold,153
Medium,Graduation,Has Children,2013,Gold,12
High,Master,No Children,2012,Gold,43
Medium,PhD,Has Children,2013,Gold,0
Medium,Master,No Children,2013,Gold,36
Medium,PhD,Has Children,2014,Gold,30
High,Graduation,Has Children,2013,Gold,170
High,Graduation,Has Children,2012,Gold,99
Low,Diploma,Has Children,2013,Gold,7
Low,Graduation,Has Children,2013,Gold,16
High,Diploma,Has Children,2012,Gold,34
High,Master,Has Children,2013,Gold,8
High,Master,No Children,2014,Gold,31
High,PhD,Has Children,2014,Gold,8
High,Graduation,Has Children,2013,Gold,107
Medium,Master,Has Children,2013,Gold,30
High,PhD,Has Children,2013,Gold,21
Medium,PhD,Has Children,2013,Gold,15
High,Graduation,No Children,2013,Gold,33
Medium,Graduation,Has Children,2013,Gold,17
Medium,Graduation,Has Children,2013,Gold,15
High,Graduation,No Children,2014,Gold,47
Medium,Graduation,Has Children,2013,Gold,1
Medium,PhD,Has Children,2012,Gold,34
High,Graduation,Has Children,2012,Gold,14
High,Graduation,No Children,2013,Gold,89
Medium,Master,Has Children,2013,Gold,125
Medium,Diploma,Has Children,2014,Gold,10
Medium,Graduation,Has Children,2012,Gold,50
Medium,Master,Has Children,2012,Gold,97
Medium,PhD,No Children,2012,Gold,39
High,Master,No Children,2014,Gold,26
Medium,Master,Has Children,2013,Gold,92
Medium,Diploma,Has Children,2012,Gold,57
High,PhD,No Children,2013,Gold,35
Medium,Graduation,Has Children,2013,Gold,82
High,Graduation,No Children,2014,Gold,45
Medium,Master,Has Children,2012,Gold,36
High,Graduation,Has Children,2012,Gold,107
High,Graduation,No Children,2014,Gold,197
Low,Diploma,No Children,2013,Gold,30
Medium,Graduation,Has Children,2014,Gold,51
Medium,Graduation,Has Children,2012,Gold,77
Medium,Graduation,Has Children,2013,Gold,12
Medium,Master,Has Children,2013,Gold,18
Low,Graduation,Has Children,2012,Gold,39
High,PhD,No Children,2013,Gold,55
High,Graduation,No Children,2013,Gold,196
Medium,Graduation,Has Children,2014,Gold,8
Medium,PhD,Has Children,2014,Gold,3
Low,Graduation,Has Children,2013,Gold,1
Medium,Graduation,Has Children,2012,Gold,21
High,PhD,No Children,2014,Gold,57
Low,Graduation,Has Children,2012,Gold,21
High,PhD,No Children,2014,Gold,48
Low,Graduation,Has Children,2013,Gold,20
Medium,Diploma,Has Children,2012,Gold,47
Medium,Diploma,Has Children,2013,Gold,13
High,PhD,Has Children,2014,Gold,8
Medium,Master,Has Children,2012,Gold,36
Low,Diploma,Has Children,2012,Gold,45
Low,Diploma,Has Children,2012,Gold,5
Low,Graduation,Has Children,2013,Gold,4
High,PhD,No Children,2013,Gold,102
High,PhD,Has Children,2012,Gold,10
Medium,Master,Has Children,2013,Gold,91
Medium,Graduation,Has Children,2014,Gold,5
High,Master,Has Children,2013,Gold,54
High,Graduation,No Children,2012,Gold,63
Medium,PhD,Has Children,2013,Gold,1
Medium,Graduation,Has Children,2012,Gold,30
Medium,Master,Has Children,2013,Gold,11
Medium,Diploma,No Children,2013,Gold,20
Medium,Graduation,No Children,2012,Gold,49
High,Graduation,Has Children,2013,Gold,65
Medium,Diploma,Has Children,2013,Gold,6
Medium,Master,Has Children,2013,Gold,1
High,Diploma,No Children,2014,Gold,81
High,Graduation,Has Children,2012,Gold,21
High,Graduation,No Children,2014,Gold,200
High,Graduation,Has Children,2012,Gold,11
Medium,Master,Has Children,2013,Gold,5
Medium,Master,Has Children,2012,Gold,19
Medium,Graduation,Has Children,2013,Gold,5
Low,Graduation,Has Children,2013,Gold,28
High,PhD,Has Children,2013,Gold,133
Medium,Graduation,Has Children,2013,Gold,36
Medium,Master,Has Children,2013,Gold,21
Low,Graduation,Has Children,2012,Gold,0
High,Graduation,Has Children,2014,Gold,38
Medium,Graduation,Has Children,2014,Gold,3
Medium,Graduation,Has Children,2013,Gold,22
High,Master,Has Children,2012,Gold,12
High,Graduation,Has Children,2014,Gold,31
Medium,PhD,Has Children,2012,Gold,36
High,PhD,Has Children,2013,Gold,66
High,PhD,No Children,2012,Gold,45
Medium,Graduation,Has Children,2012,Gold,5
High,Master,No Children,2014,Gold,96
Low,Master,Has Children,2013,Gold,11
Medium,Graduation,Has Children,2012,Gold,50
Medium,PhD,Has Children,2013,Gold,12
Medium,Graduation,Has Children,2014,Gold,24
High,PhD,No Children,2014,Gold,0
Medium,Graduation,No Children,2013,Gold,20
High,Master,Has Children,2013,Gold,24
Medium,Graduation,Has Children,2014,Gold,1
High,Master,No Children,2013,Gold,10
High,Graduation,No Children,2013,Gold,15
Medium,Master,Has Children,2014,Gold,3
High,Graduation,No Children,2014,Gold,76
Medium,PhD,Has Children,2014,Gold,20
Medium,Master,Has Children,2012,Gold,13
High,Graduation,No Children,2014,Gold,43
Medium,Graduation,Has Children,2013,Gold,2
High,Graduation,No Children,2013,Gold,48
Medium,PhD,Has Children,2012,Gold,4
High,Graduation,No Children,2013,Gold,41
Low,Basic,Has Children,2012,Gold,27
Medium,Master,Has Children,2013,Gold,14
Medium,PhD,Has Children,2014,Gold,7
Medium,PhD,Has Children,2012,Gold,42
Low,Master,Has Children,2014,Gold,6
Medium,Graduation,Has Children,2013,Gold,47
High,Graduation,Has Children,2012,Gold,35
Medium,PhD,Has Children,2014,Gold,5
Medium,Master,Has Children,2013,Gold,73
High,Master,No Children,2012,Gold,108
High,Master,No Children,2013,Gold,63
Medium,Graduation,Has Children,2013,Gold,2
Low,Graduation,Has Children,2014,Gold,3
Medium,PhD,Has Children,2013,Gold,0
High,Graduation,Has Children,2013,Gold,28
Medium,Diploma,Has Children,2013,Gold,40
High,Master,Has Children,2014,Gold,11
High,PhD,Has Children,2014,Gold,9
High,Graduation,No Children,2012,Gold,38
Low,Diploma,No Children,2012,Gold,13
High,Graduation,No Children,2013,Gold,77
Medium,Graduation,Has Children,2013,Gold,10
Medium,Graduation,Has Children,2013,Gold,7
Medium,Graduation,Has Children,2013,Gold,76
Low,Graduation,Has Children,2013,Gold,2
Medium,Graduation,Has Children,2014,Gold,17
High,Graduation,Has Children,2014,Gold,6
Medium,Master,Has Children,2012,Gold,199
Medium,PhD,Has Children,2013,Gold,5
Low,Graduation,Has Children,2013,Gold,20
High,Diploma,No Children,2012,Gold,32
Medium,Graduation,Has Children,2013,Gold,126
Medium,Graduation,Has Children,2013,Gold,18
Medium,PhD,Has Children,2014,Gold,9
Medium,PhD,Has Children,2012,Gold,41
Medium,PhD,No Children,2013,Gold,88
Low,Graduation,Has Children,2014,Gold,10
Medium,Diploma,Has Children,2013,Gold,12
High,PhD,Has Children,2013,Gold,71
Medium,PhD,Has Children,2013,Gold,24
Medium,PhD,Has Children,2014,Gold,0
Low,Graduation,Has Children,2013,Gold,1
Medium,PhD,Has Children,2013,Gold,38
Medium,PhD,Has Children,2013,Gold,35
Medium,Graduation,Has Children,2013,Gold,82
High,Graduation,No Children,2013,Gold,93
Medium,Graduation,Has Children,2014,Gold,4
Medium,Master,Has Children,2013,Gold,7
Medium,Master,Has Children,2014,Gold,7
High,PhD,Has Children,2013,Gold,215
Medium,Graduation,Has Children,2012,Gold,75
Low,Basic,Has Children,2013,Gold,9
High,Diploma,Has Children,2014,Gold,56
Medium,Master,No Children,2013,Gold,3
Medium,Master,Has Children,2013,Gold,19
Medium,Graduation,No Children,2014,Gold,85
Medium,Graduation,No Children,2013,Gold,127
Medium,PhD,Has Children,2014,Gold,16
Low,Graduation,Has Children,2014,Gold,18
High,Graduation,No Children,2012,Gold,31
Medium,Graduation,Has Children,2012,Gold,26
Low,PhD,Has Children,2013,Gold,8
Medium,Master,Has Children,2014,Gold,4
Medium,Master,Has Children,2013,Gold,30
High,PhD,Has Children,2014,Gold,38
Medium,Diploma,Has Children,2013,Gold,134
High,Graduation,No Children,2014,Gold,34
Medium,PhD,Has Children,2013,Gold,52
Medium,Graduation,Has Children,2013,Gold,42
High,Graduation,Has Children,2014,Gold,65
Medium,Graduation,Has Children,2014,Gold,19
Medium,PhD,No Children,2013,Gold,6
Medium,Diploma,Has Children,2013,Gold,9
High,PhD,Has Children,2013,Gold,7
Medium,PhD,Has Children,2013,Gold,7
High,PhD,Has Children,2013,Gold,30
High,PhD,Has Children,2013,Gold,27
Medium,PhD,No Children,2013,Gold,10
High,Graduation,No Children,2013,Gold,53
High,Master,No Children,2013,Gold,40
High,Diploma,No Children,2013,Gold,107
High,Graduation,Has Children,2012,Gold,161
Low,Diploma,No Children,2012,Gold,9
Low,Graduation,Has Children,2013,Gold,15
Low,Basic,Has Children,2013,Gold,10
Medium,PhD,Has Children,2013,Gold,23
Medium,Graduation,Has Children,2014,Gold,5
High,Graduation,No Children,2013,Gold,88
Medium,Graduation,Has Children,2014,Gold,33
Low,PhD,Has Children,2012,Gold,4
Low,PhD,Has Children,2014,Gold,1
Medium,Graduation,Has Children,2013,Gold,46
Medium,Graduation,Has Children,2014,Gold,4
High,Master,No Children,2012,Gold,83
Medium,Graduation,Has Children,2013,Gold,46
Medium,Graduation,Has Children,2013,Gold,80
High,Graduation,No Children,2013,Gold,84
Medium,Graduation,Has Children,2013,Gold,100
High,Master,No Children,2013,Gold,85
Low,PhD,Has Children,2013,Gold,7
Low,Diploma,Has Children,2012,Gold,12
Low,Graduation,No Children,2012,Gold,14
High,Graduation,Has Children,2013,Gold,26
Medium,Diploma,Has Children,2012,Gold,7
High,PhD,No Children,2013,Gold,20
Medium,PhD,Has Children,2012,Gold,1
High,Master,Has Children,2014,Gold,107
High,Graduation,Has Children,2012,Gold,180
Medium,Master,Has Children,2014,Gold,2
Low,Graduation,Has Children,2013,Gold,4
Medium,PhD,Has Children,2014,Gold,13
Low,Basic,Has Children,2012,Gold,42
Medium,PhD,Has Children,2013,Gold,3
Medium,Master,Has Children,2012,Gold,12
Medium,Graduation,Has Children,2012,Gold,20
High,Graduation,Has Children,2014,Gold,52
Medium,PhD,Has Children,2014,Gold,7
High,Graduation,No Children,2014,Gold,101
High,Master,Has Children,2013,Gold,58
Medium,Graduation,Has Children,2013,Gold,7
High,Graduation,No Children,2012,Gold,26
Low,Basic,Has Children,2014,Gold,20
Medium,Graduation,Has Children,2012,Gold,187
High,Graduation,Has Children,2013,Gold,40
Low,Graduation,Has Children,2014,Gold,6
Medium,Graduation,Has Children,2013,Gold,29
Medium,PhD,Has Children,2012,Gold,107
Low,Graduation,Has Children,2013,Gold,2
High,PhD,No Children,2013,Gold,22
High,Graduation,No Children,2013,Gold,111
High,PhD,No Children,2014,Gold,79
Medium,PhD,Has Children,2014,Gold,18
Low,Master,Has Children,2014,Gold,7
Medium,Graduation,Has Children,2012,Gold,0
Low,Basic,Has Children,2013,Gold,20
High,Master,Has Children,2013,Gold,54
High,Graduation,Has Children,2013,Gold,195
Medium,PhD,Has Children,2014,Gold,6
Low,Graduation,No Children,2012,Gold,19
Medium,Graduation,Has Children,2013,Gold,25
High,Graduation,No Children,2014,Gold,107
High,Diploma,Has Children,2013,Gold,26
High,Graduation,Has Children,2013,Gold,14
High,Graduation,Has Children,2014,Gold,16
High,Graduation,No Children,2013,Gold,29
Medium,Graduation,Has Children,2014,Gold,6
Medium,PhD,Has Children,2013,Gold,3
Medium,Graduation,Has Children,2014,Gold,32
Medium,Graduation,Has Children,2013,Gold,66
Medium,PhD,No Children,2014,Gold,25
High,Graduation,No Children,2013,Gold,191
Medium,PhD,Has Children,2013,Gold,15
High,Graduation,No Children,2012,Gold,88
Low,Basic,No Children,2012,Gold,8
High,Master,No Children,2013,Gold,141
High,Graduation,Has Children,2013,Gold,149
High,PhD,No Children,2013,Gold,43
High,PhD,Has Children,2012,Gold,21
Medium,Graduation,Has Children,2012,Gold,106
Medium,Diploma,Has Children,2014,Gold,11
Medium,PhD,Has Children,2013,Gold,34
Medium,Graduation,Has Children,2012,Gold,7
Low,Basic,Has Children,2013,Gold,7
Medium,Graduation,Has Children,2013,Gold,24
Medium,Master,Has Children,2013,Gold,16
Medium,PhD,Has Children,2014,Gold,5
High,Graduation,Has Children,2013,Gold,60
High,Diploma,Has Children,2013,Gold,59
Low,Diploma,Has Children,2013,Gold,17
Medium,Graduation,Has Children,2013,Gold,58
High,Graduation,Has Children,2013,Gold,50
Low,Diploma,Has Children,2013,Gold,11
High,Graduation,Has Children,2013,Gold,62
Medium,PhD,Has Children,2014,Gold,1
High,Graduation,No Children,2013,Gold,32
Low,Basic,No Children,2014,Gold,10
Medium,Master,Has Children,2013,Gold,72
Low,PhD,Has Children,2012,Gold,11
Medium,PhD,No Children,2013,Gold,24
High,Graduation,No Children,2012,Gold,26
High,PhD,No Children,2013,Gold,53
Medium,Graduation,Has Children,2014,Gold,0
Medium,Graduation,Has Children,2012,Gold,0
Low,Graduation,Has Children,2012,Gold,17
Low,PhD,No Children,2012,Gold,12
Medium,PhD,Has Children,2013,Gold,13
High,Diploma,No Children,2013,Gold,29
Low,Basic,Has Children,2012,Gold,15
Medium,PhD,Has Children,2014,Gold,25
High,Graduation,No Children,2012,Gold,30
High,Graduation,Has Children,2013,Gold,17
Medium,Graduation,Has Children,2013,Gold,15
Medium,Graduation,Has Children,2012,Gold,31
Medium,Graduation,Has Children,2012,Gold,69
Medium,Graduation,Has Children,2013,Gold,30
High,Diploma,Has Children,2012,Gold,128
High,Graduation,Has Children,2013,Gold,79
Medium,Graduation,Has Children,2013,Gold,17
Medium,PhD,Has Children,2014,Gold,1
High,Diploma,No Children,2013,Gold,100
Medium,Graduation,Has Children,2014,Gold,8
Medium,Graduation,Has Children,2013,Gold,67
Low,Master,Has Children,2013,Gold,20
High,Graduation,Has Children,2013,Gold,52
Medium,Master,Has Children,2014,Gold,9
High,Graduation,Has Children,2014,Gold,17
High,Diploma,Has Children,2014,Gold,56
High,Graduation,Has Children,2014,Gold,183
High,Graduation,Has Children,2012,Gold,37
Medium,Master,Has Children,2013,Gold,36
Medium,Graduation,Has Children,2013,Gold,39
Medium,Graduation,Has Children,2014,Gold,11
Medium,Graduation,Has Children,2013,Gold,82
Low,PhD,Has Children,2013,Gold,291
Low,Graduation,Has Children,2013,Gold,10
High,Graduation,No Children,2014,Gold,17
High,PhD,No Children,2012,Gold,37
Medium,Graduation,Has Children,2012,Gold,1
Medium,PhD,Has Children,2012,Gold,122
High,Master,No Children,2014,Gold,17
High,Graduation,No Children,2013,Gold,70
High,Graduation,Has Children,2013,Gold,150
Low,PhD,Has Children,2013,Gold,1
Medium,Diploma,Has Children,2013,Gold,42
High,Graduation,No Children,2013,Gold,153
Medium,Graduation,Has Children,2013,Gold,34
Medium,PhD,Has Children,2014,Gold,1
High,Graduation,Has Children,2014,Gold,61
Medium,Master,Has Children,2013,Gold,3
Medium,Master,Has Children,2013,Gold,12
High,Graduation,Has Children,2013,Gold,162
Medium,Diploma,No Children,2012,Gold,232
Low,Graduation,Has Children,2013,Gold,9
Medium,PhD,Has Children,2013,Gold,50
High,Graduation,No Children,2013,Gold,166
High,Master,No Children,2013,Gold,92
Low,Master,Has Children,2013,Gold,48
Low,Graduation,Has Children,2013,Gold,9
Medium,Graduation,Has Children,2013,Gold,31
Medium,PhD,Has Children,2013,Gold,35
Medium,Graduation,Has Children,2014,Gold,34
Medium,Graduation,Has Children,2013,Gold,22
Medium,Graduation,Has Children,2012,Gold,3
High,PhD,No Children,2013,Gold,66
Medium,Graduation,Has Children,2013,Gold,20
High,Diploma,Has Children,2012,Gold,192
Medium,PhD,Has Children,2012,Gold,176
Medium,PhD,Has Children,2013,Gold,7
High,Master,No Children,2013,Gold,72
Low,Master,Has Children,2014,Gold,3
High,Master,No Children,2013,Gold,85
High,Master,Has Children,2013,Gold,11
High,PhD,No Children,2012,Gold,63
Low,PhD,Has Children,2014,Gold,1
Medium,Graduation,No Children,2013,Gold,16
Medium,PhD,Has Children,2014,Gold,40
Low,Graduation,Has Children,2014,Gold,9
High,Diploma,No Children,2012,Gold,67
Low,Graduation,Has Children,2013,Gold,2
High,PhD,No Children,2012,Gold,53
High,Graduation,No Children,2013,Gold,30
High,PhD,No Children,2013,Gold,38
High,Master,Has Children,2013,Gold,12
Medium,Master,Has Children,2012,Gold,13
Low,Master,No Children,2013,Gold,18
High,PhD,No Children,2013,Gold,29
Medium,Graduation,Has Children,2012,Gold,97
High,PhD,Has Children,2012,Gold,26
Low,Diploma,No Children,2013,Gold,6
High,Graduation,Has Children,2013,Gold,27
High,Graduation,Has Children,2013,Gold,53
High,Graduation,No Children,2012,Gold,95
High,Graduation,Has Children,2012,Gold,59
Medium,Master,Has Children,2013,Gold,8
Medium,Graduation,Has Children,2014,Gold,2
Medium,Master,Has Children,2012,Gold,20
High,Diploma,No Children,2014,Gold,183
Low,PhD,Has Children,2014,Gold,8
High,Graduation,Has Children,2013,Gold,57
Medium,Graduation,Has Children,2014,Gold,8
High,PhD,Has Children,2013,Gold,26
Medium,Graduation,Has Children,2014,Gold,0
Low,Diploma,No Children,2014,Gold,16
Medium,Master,No Children,2012,Gold,219
High,Graduation,No Children,2014,Gold,203
High,PhD,Has Children,2013,Gold,57
High,Graduation,Has Children,2013,Gold,46
High,PhD,No Children,2012,Gold,33
Medium,PhD,Has Children,2014,Gold,12
Medium,PhD,Has Children,2014,Gold,4
High,Master,Has Children,2013,Gold,108
Medium,PhD,No Children,2014,Gold,0
Medium,Graduation,Has Children,2012,Gold,12
Medium,PhD,Has Children,2014,Gold,14
High,PhD,No Children,2013,Gold,35
High,Graduation,Has Children,2013,Gold,30
Medium,Graduation,Has Children,2013,Gold,27
High,PhD,No Children,2012,Gold,172
High,Master,No Children,2014,Gold,153
Medium,Graduation,Has Children,2013,Gold,5
High,Graduation,Has Children,2014,Gold,28
High,Graduation,No Children,2014,Gold,43
Medium,Graduation,Has Children,2013,Gold,15
Low,Basic,Has Children,2012,Gold,36
High,PhD,No Children,2014,Gold,79
High,PhD,No Children,2014,Gold,3
Medium,PhD,Has Children,2013,Gold,14
Medium,PhD,Has Children,2013,Gold,4
Low,Graduation,No Children,2014,Gold,11
High,Master,No Children,2014,Gold,11
Low,Graduation,Has Children,2013,Gold,2
Medium,Graduation,Has Children,2014,Gold,9
High,Graduation,No Children,2013,Gold,53
High,PhD,Has Children,2013,Gold,76
Medium,Graduation,Has Children,2014,Gold,6
Medium,Graduation,No Children,2013,Gold,5
Medium,Master,Has Children,2013,Gold,19
High,Diploma,No Children,2014,Gold,28
High,Graduation,Has Children,2012,Gold,107
High,Master,No Children,2012,Gold,15
High,Graduation,Has Children,2012,Gold,133
Medium,PhD,Has Children,2013,Gold,174
Medium,Graduation,Has Children,2012,Gold,137
Low,Graduation,No Children,2013,Gold,18
Medium,PhD,Has Children,2013,Gold,7
Low,Graduation,No Children,2013,Gold,18
Medium,PhD,Has Children,2012,Gold,2
Medium,Diploma,Has Children,2014,Gold,23
High,Diploma,Has Children,2014,Gold,185
High,Graduation,No Children,2012,Gold,27
High,Master,No Children,2013,Gold,33
High,Graduation,Has Children,2013,Gold,22
Low,Master,Has Children,2013,Gold,5
Medium,PhD,Has Children,2012,Gold,34
High,Graduation,No Children,2013,Gold,27
High,Graduation,No Children,2012,Gold,108
High,Master,Has Children,2013,Gold,91
High,PhD,Has Children,2013,Gold,1
High,PhD,Has Children,2013,Gold,69
Low,Master,Has Children,2014,Gold,8
Low,Master,Has Children,2014,Gold,18
High,Graduation,Has Children,2013,Gold,100
Medium,Diploma,Has Children,2012,Gold,3
Medium,PhD,Has Children,2013,Gold,8
Medium,PhD,Has Children,2012,Gold,0
Medium,Master,Has Children,2014,Gold,1
Low,Graduation,Has Children,2013,Gold,4
High,PhD,No Children,2014,Gold,112
Low,Graduation,Has Children,2013,Gold,4
Low,Graduation,Has Children,2012,Gold,6
High,Graduation,No Children,2014,Gold,224
Medium,Master,Has Children,2012,Gold,41
High,Graduation,No Children,2013,Gold,114
High,Graduation,No Children,2012,Gold,145
High,Master,Has Children,2014,Gold,15
Medium,Graduation,Has Children,2013,Gold,3
Medium,Graduation,Has Children,2013,Gold,12
Medium,PhD,No Children,2013,Gold,6
Medium,Graduation,Has Children,2013,Gold,49
High,Graduation,No Children,2014,Gold,108
High,PhD,No Children,2012,Gold,0
High,PhD,No Children,2013,Gold,13
High,PhD,No Children,2014,Gold,32
Low,Graduation,Has Children,2014,Gold,1
Medium,Graduation,Has Children,2012,Gold,27
High,Graduation,No Children,2013,Gold,17
Medium,PhD,Has Children,2014,Gold,16
High,Master,Has Children,2013,Gold,89
High,PhD,No Children,2013,Gold,160
Medium,Graduation,Has Children,2014,Gold,1
Medium,Graduation,Has Children,2013,Gold,43
Medium,Graduation,Has Children,2014,Gold,24
High,Graduation,No Children,2013,Gold,49
High,Graduation,Has Children,2013,Gold,93
High,Graduation,Has Children,2014,Gold,21
High,Graduation,No Children,2013,Gold,53
High,Master,No Children,2014,Gold,13
Medium,Graduation,Has Children,2013,Gold,26
Medium,Graduation,Has Children,2014,Gold,12
Medium,Graduation,Has Children,2013,Gold,15
Medium,Graduation,Has Children,2013,Gold,50
Medium,Diploma,Has Children,2013,Gold,18
Low,Graduation,Has Children,2013,Gold,321
Medium,Diploma,No Children,2012,Gold,53
Medium,PhD,Has Children,2013,Gold,10
Medium,Graduation,Has Children,2014,Gold,13
Medium,Master,Has Children,2012,Gold,9
Low,Graduation,Has Children,2013,Gold,44
Low,PhD,Has Children,2012,Gold,11
High,Graduation,No Children,2014,Gold,143
Medium,Master,Has Children,2013,Gold,22
Medium,Graduation,Has Children,2013,Gold,27
Low,Graduation,Has Children,2012,Gold,3
Medium,Graduation,Has Children,2013,Gold,42
Medium,Graduation,No Children,2013,Gold,117
Low,Graduation,Has Children,2013,Gold,29
Medium,Graduation,Has Children,2014,Gold,51
High,PhD,No Children,2013,Gold,55
Medium,Master,Has Children,2013,Gold,21
High,Master,No Children,2013,Gold,48
High,Graduation,Has Children,2014,Gold,16
Low,Graduation,Has Children,2013,Gold,5
High,Diploma,No Children,2014,Gold,62
High,Graduation,No Children,2012,Gold,44
Medium,PhD,Has Children,2012,Gold,31
Medium,PhD,Has Children,2013,Gold,23
High,Diploma,Has Children,2014,Gold,67
Low,Graduation,Has Children,2013,Gold,3
Low,PhD,Has Children,2013,Gold,0
Low,Graduation,Has Children,2012,Gold,22
Medium,Graduation,No Children,2014,Gold,0
Medium,Master,Has Children,2013,Gold,8
Medium,Graduation,Has Children,2013,Gold,2
High,Graduation,Has Children,2012,Gold,80
Medium,Graduation,Has Children,2013,Gold,91
High,PhD,Has Children,2013,Gold,20
High,PhD,Has Children,2014,Gold,35
High,Graduation,No Children,2013,Gold,86
Medium,Graduation,Has Children,2013,Gold,12
High,Graduation,No Children,2013,Gold,21
Medium,Basic,No Children,2013,Gold,30
High,Graduation,No Children,2012,Gold,41
Medium,Diploma,Has Children,2013,Gold,6
Medium,Graduation,No Children,2013,Gold,10
Low,Graduation,Has Children,2013,Gold,3
Low,Graduation,Has Children,2014,Gold,2
Medium,Graduation,Has Children,2012,Gold,6
Low,Graduation,Has Children,2014,Gold,13
Medium,Master,Has Children,2013,Gold,15
Medium,Graduation,Has Children,2014,Gold,5
High,Master,Has Children,2014,Gold,11
High,PhD,Has Children,2013,Gold,204
Medium,Master,Has Children,2014,Gold,3
Low,Graduation,Has Children,2013,Gold,8
Low,Graduation,No Children,2013,Gold,12
Medium,Master,Has Children,2012,Gold,42
Low,Diploma,Has Children,2012,Gold,34
High,PhD,Has Children,2013,Gold,36
High,Graduation,Has Children,2013,Gold,143
Low,Graduation,Has Children,2013,Gold,1
Medium,Graduation,Has Children,2013,Gold,232
Medium,Graduation,Has Children,2013,Gold,145
High,Graduation,Has Children,2013,Gold,38
High,Graduation,Has Children,2012,Gold,61
High,Graduation,Has Children,2013,Gold,24
Medium,Graduation,Has Children,2013,Gold,12
High,Graduation,No Children,2013,Gold,78
Medium,Graduation,No Children,2013,Gold,149
High,Graduation,Has Children,2012,Gold,102
Low,Graduation,Has Children,2013,Gold,2
Medium,Master,Has Children,2013,Gold,3
Medium,Graduation,Has Children,2012,Gold,116
Medium,Graduation,Has Children,2013,Gold,43
Medium,Graduation,Has Children,2014,Gold,7
High,Graduation,No Children,2013,Gold,34
High,Graduation,Has Children,2012,Gold,58
High,Diploma,No Children,2013,Gold,26
Medium,Graduation,Has Children,2013,Gold,5
Medium,Graduation,Has Children,2013,Gold,95
High,Graduation,Has Children,2014,Gold,35
Medium,Master,Has Children,2014,Gold,4
Medium,Graduation,Has Children,2014,Gold,15
Low,Graduation,No Children,2013,Gold,39
High,Graduation,Has Children,2012,Gold,31
High,PhD,Has Children,2013,Gold,133
Medium,Graduation,Has Children,2013,Gold,196
Medium,Master,Has Children,2013,Gold,96
Medium,Graduation,Has Children,2013,Gold,14
Medium,PhD,Has Children,2013,Gold,7
High,PhD,No Children,2013,Gold,130
Medium,Graduation,Has Children,2013,Gold,0
High,Graduation,Has Children,2012,Gold,11
High,Graduation,Has Children,2013,Gold,107
Medium,Graduation,No Children,2013,Gold,7
High,PhD,Has Children,2012,Gold,16
Medium,Graduation,Has Children,2014,Gold,28
Medium,Graduation,Has Children,2013,Gold,11
Medium,Graduation,Has Children,2013,Gold,24
High,Graduation,Has Children,2013,Gold,33
Low,Graduation,Has Children,2013,Gold,9
Medium,PhD,No Children,2013,Gold,35
High,Graduation,No Children,2013,Gold,93
High,Graduation,Has Children,2014,Gold,54
Low,Master,Has Children,2013,Gold,8
Low,Basic,No Children,2014,Gold,31
Medium,Graduation,Has Children,2013,Gold,9
Medium,Master,Has Children,2013,Gold,24
Low,Graduation,Has Children,2012,Gold,49
Medium,Graduation,Has Children,2013,Gold,147
Medium,Graduation,Has Children,2012,Gold,92
High,Graduation,No Children,2013,Gold,89
Medium,Master,No Children,2013,Gold,126
Medium,Graduation,Has Children,2013,Gold,37
High,Diploma,No Children,2012,Gold,49
High,Graduation,Has Children,2014,Gold,43
Medium,Graduation,Has Children,2013,Gold,12
Medium,Master,Has Children,2013,Gold,4
Medium,Master,Has Children,2013,Gold,11
Low,Basic,No Children,2013,Gold,5
High,Graduation,Has Children,2014,Gold,42
High,Graduation,No Children,2012,Gold,245
Medium,Master,Has Children,2012,Gold,42
Medium,PhD,Has Children,2013,Gold,1
High,Graduation,No Children,2013,Gold,108
Medium,Graduation,Has Children,2013,Gold,44
High,Master,Has Children,2012,Gold,185
High,Graduation,Has Children,2012,Gold,76
Medium,Master,Has Children,2014,Gold,6
High,PhD,Has Children,2014,Gold,0
Low,Diploma,Has Children,2012,Gold,16
High,PhD,Has Children,2014,Gold,36
Low,Basic,No Children,2013,Gold,27
Low,Basic,Has Children,2012,Gold,17
Medium,Master,Has Children,2013,Gold,22
High,Graduation,Has Children,2012,Gold,125
Medium,Master,Has Children,2013,Gold,47
High,Graduation,No Children,2012,Gold,19
Medium,Graduation,Has Children,2013,Gold,64
Medium,PhD,No Children,2012,Gold,124
Medium,Graduation,Has Children,2014,Gold,2
Medium,Master,Has Children,2013,Gold,64
Medium,Master,Has Children,2013,Gold,43
High,Master,Has Children,2013,Gold,57
Low,Diploma,Has Children,2013,Gold,17
High,PhD,Has Children,2014,Gold,20
High,Master,No Children,2013,Gold,154
Low,Graduation,Has Children,2012,Gold,9
Medium,Master,Has Children,2012,Gold,5
Low,Diploma,Has Children,2013,Gold,5
Medium,Graduation,Has Children,2012,Gold,16
Medium,Diploma,Has Children,2012,Gold,229
Medium,Graduation,Has Children,2014,Gold,2
High,Graduation,No Children,2013,Gold,76
High,Graduation,Has Children,2013,Gold,117
High,PhD,No Children,2013,Gold,17
High,PhD,No Children,2012,Gold,12
Medium,Graduation,Has Children,2013,Gold,2
Medium,Graduation,Has Children,2013,Gold,2
High,Master,No Children,2013,Gold,0
Low,Basic,Has Children,2012,Gold,47
High,Master,No Children,2014,Gold,163
Medium,Graduation,Has Children,2014,Gold,11
Medium,Graduation,Has Children,2013,Gold,37
Low,Graduation,Has Children,2014,Gold,9
High,Master,Has Children,2014,Gold,5
Low,Master,Has Children,2012,Gold,64
Low,Graduation,Has Children,2014,Gold,2
Medium,Graduation,Has Children,2014,Gold,4
Medium,Graduation,Has Children,2013,Gold,27
Low,Graduation,No Children,2014,Gold,25
High,Graduation,Has Children,2014,Gold,30
High,Graduation,No Children,2013,Gold,97
Low,PhD,Has Children,2014,Gold,4
Medium,Master,Has Children,2014,Gold,9
High,PhD,Has Children,2013,Gold,5
Medium,PhD,Has Children,2013,Gold,0
Medium,Master,Has Children,2013,Gold,1
High,Graduation,No Children,2012,Gold,128
Low,Graduation,Has Children,2014,Gold,16
Medium,Graduation,Has Children,2013,Gold,37
Medium,Master,Has Children,2013,Gold,7
Medium,Diploma,Has Children,2014,Gold,3
Medium,Diploma,Has Children,2014,Gold,25
Medium,Master,Has Children,2014,Gold,2
Medium,PhD,Has Children,2014,Gold,7
Medium,Graduation,Has Children,2014,Gold,5
High,PhD,Has Children,2012,Gold,153
High,Graduation,Has Children,2014,Gold,12
Medium,Graduation,Has Children,2013,Gold,19
High,Diploma,No Children,2013,Gold,73
Low,Basic,Has Children,2013,Gold,13
Medium,PhD,Has Children,2013,Gold,7
High,Graduation,Has Children,2013,Gold,150
High,Master,No Children,2013,Gold,56
High,Graduation,No Children,2013,Gold,241
Medium,Graduation,Has Children,2013,Gold,15
High,Graduation,Has Children,2014,Gold,21
High,Diploma,No Children,2013,Gold,129
High,Graduation,Has Children,2014,Gold,54
High,Graduation,Has Children,2013,Gold,248
High,Graduation,Has Children,2014,Gold,28
High,PhD,No Children,2013,Gold,129
High,Master,No Children,2012,Gold,103
Medium,PhD,Has Children,2012,Gold,42
Medium,Graduation,Has Children,2013,Gold,227
Medium,Graduation,Has Children,2013,Gold,41
Low,Graduation,Has Children,2013,Gold,12
Medium,PhD,Has Children,2013,Gold,5
Medium,Graduation,No Children,2014,Gold,35
Low,Basic,Has Children,2013,Gold,23
Medium,Diploma,Has Children,2014,Gold,0
High,Graduation,Has Children,2013,Gold,56
High,Master,Has Children,2014,Gold,41
High,PhD,No Children,2014,Gold,26
High,Master,No Children,2014,Gold,163
Low,Basic,Has Children,2014,Gold,8
High,Master,No Children,2013,Gold,15
Medium,Graduation,Has Children,2013,Gold,24
Low,Graduation,No Children,2012,Gold,0
High,Diploma,No Children,2012,Gold,63
High,Graduation,Has Children,2012,Gold,174
Low,Master,Has Children,2013,Gold,4
Medium,Graduation,No Children,2014,Gold,18
Medium,Graduation,Has Children,2013,Gold,106
Medium,Graduation,Has Children,2013,Gold,152
Medium,Graduation,Has Children,2014,Gold,3
Low,Basic,Has Children,2013,Gold,45
Medium,Graduation,Has Children,2012,Gold,44
Medium,PhD,Has Children,2012,Gold,42
High,Graduation,Has Children,2013,Gold,54
Low,Graduation,No Children,2013,Gold,18
Medium,Graduation,Has Children,2012,Gold,18
High,Graduation,Has Children,2012,Gold,29
Medium,Graduation,Has Children,2014,Gold,3
Low,Basic,Has Children,2012,Gold,15
Medium,Graduation,Has Children,2013,Gold,15
Medium,Diploma,Has Children,2013,Gold,27
High,Graduation,No Children,2014,Gold,53
Medium,Master,Has Children,2014,Gold,0
High,Diploma,No Children,2012,Gold,32
Low,Graduation,Has Children,2013,Gold,5
Medium,Graduation,Has Children,2012,Gold,5
Low,Graduation,Has Children,2013,Gold,6
High,PhD,No Children,2014,Gold,57
Low,Graduation,Has Children,2013,Gold,1
Medium,Master,Has Children,2012,Gold,62
Medium,Graduation,Has Children,2013,Gold,22
High,Master,No Children,2013,Gold,80
Low,Diploma,Has Children,2013,Gold,21
Medium,Master,Has Children,2014,Gold,3
Medium,PhD,Has Children,2014,Gold,27
Medium,Graduation,Has Children,2012,Gold,88
High,Graduation,Has Children,2013,Gold,53
Medium,Graduation,Has Children,2013,Gold,91
Medium,Diploma,No Children,2012,Gold,22
Low,Graduation,Has Children,2014,Gold,17
Low,Graduation,Has Children,2013,Gold,23
Medium,Master,No Children,2012,Gold,20
Low,Graduation,No Children,2012,Gold,3
Medium,Graduation,Has Children,2013,Gold,9
High,Graduation,Has Children,2013,Gold,247
High,PhD,Has Children,2014,Gold,8
Medium,Graduation,No Children,2014,Gold,24
High,Master,Has Children,2014,Gold,61
Medium,PhD,Has Children,2012,Gold,21
